2026/10/08 04:09:39.907, 0 %, 38205 MiB, 158.98 W, 158.01 W, 335.90 W, 334.28 W, 1980 MHz
2026/10/08 04:09:40.114, 0 %, 38205 MiB, 158.54 W, 157.83 W, 335.50 W, 334.72 W, 1980 MHz
2026/10/08 04:09:40.315, 0 %, 38205 MiB, 157.53 W, 157.22 W, 334.50 W, 334.18 W, 1980 MHz
2026/10/08 04:09:40.515, 0 %, 38204 MiB, 157.32 W, 156.18 W, 334.33 W, 332.33 W, 1980 MHz
2026/10/08 04:09:40.715, 0 %, 38204 MiB, 157.25 W, 157.87 W, 334.31 W, 335.25 W, 1980 MHz
2026/10/08 04:09:40.915, 0 %, 38203 MiB, 157.28 W, 156.92 W, 334.35 W, 334.28 W, 1980 MHz
2026/10/08 04:09:41.115, 0 %, 38203 MiB, 157.18 W, 157.36 W, 334.29 W, 334.50 W, 1980 MHz
2026/10/08 04:09:41.315, 0 %, 38203 MiB, 155.18 W, 103.65 W, 332.41 W, 282.98 W, 405 MHz
2026/10/08 04:09:41.515, 0 %, 38202 MiB, 144.14 W, 101.72 W, 321.62 W, 280.04 W, 375 MHz
2026/10/08 04:09:41.715, 0 %, 38202 MiB, 133.22 W, 103.30 W, 310.82 W, 281.20 W, 345 MHz
2026/10/08 04:09:41.915, 0 %, 38202 MiB, 122.25 W, 102.79 W, 300.03 W, 280.04 W, 345 MHz
2026/10/08 04:09:42.115, 0 %, 38202 MiB, 111.32 W, 102.38 W, 289.13 W, 279.27 W, 345 MHz
2026/10/08 04:09:42.316, 0 %, 38202 MiB, 102.54 W, 102.24 W, 280.47 W, 280.04 W, 345 MHz
2026/10/08 04:09:42.516, 0 %, 38201 MiB, 102.64 W, 102.92 W, 280.35 W, 281.11 W, 345 MHz
2026/10/08 04:09:42.716, 0 %, 38201 MiB, 102.79 W, 102.59 W, 280.54 W, 280.14 W, 345 MHz
2026/10/08 04:09:42.916, 0 %, 38201 MiB, 102.78 W, 103.89 W, 280.41 W, 282.09 W, 345 MHz
2026/10/08 04:09:43.116, 0 %, 38201 MiB, 102.84 W, 102.46 W, 280.54 W, 281.38 W, 345 MHz
2026/10/08 04:09:43.316, 0 %, 38201 MiB, 102.80 W, 102.80 W, 280.53 W, 280.14 W, 345 MHz
2026/10/08 04:09:43.516, 0 %, 38201 MiB, 102.73 W, 101.58 W, 280.44 W, 278.02 W, 345 MHz
2026/10/08 04:09:43.716, 0 %, 38201 MiB, 102.69 W, 102.76 W, 280.52 W, 281.01 W, 345 MHz
2026/10/08 04:09:43.916, 0 %, 38201 MiB, 102.82 W, 102.75 W, 281.01 W, 281.99 W, 345 MHz
2026/10/08 04:09:44.117, 0 %, 38201 MiB, 102.86 W, 104.07 W, 281.11 W, 281.30 W, 345 MHz
2026/10/08 04:09:44.317, 0 %, 38200 MiB, 102.90 W, 103.30 W, 281.17 W, 281.01 W, 345 MHz
2026/10/08 04:09:44.517, 0 %, 38199 MiB, 102.90 W, 102.36 W, 281.28 W, 280.06 W, 345 MHz
2026/10/08 04:09:44.717, 0 %, 38199 MiB, 102.99 W, 102.88 W, 281.33 W, 279.17 W, 345 MHz
2026/10/08 04:09:44.917, 0 %, 38199 MiB, 103.03 W, 104.44 W, 281.26 W, 282.96 W, 345 MHz
2026/10/08 04:09:45.117, 0 %, 38199 MiB, 102.96 W, 103.00 W, 281.17 W, 281.12 W, 345 MHz
2026/10/08 04:09:45.317, 0 %, 38199 MiB, 102.93 W, 102.23 W, 281.17 W, 281.01 W, 345 MHz
2026/10/08 04:09:45.517, 0 %, 38199 MiB, 102.92 W, 102.28 W, 281.09 W, 279.07 W, 345 MHz
2026/10/08 04:09:45.717, 0 %, 38199 MiB, 102.85 W, 101.66 W, 280.93 W, 280.14 W, 345 MHz
2026/10/08 04:09:45.917, 0 %, 38199 MiB, 102.85 W, 103.60 W, 280.89 W, 281.90 W, 345 MHz
2026/10/08 04:09:46.118, 0 %, 38199 MiB, 102.79 W, 103.40 W, 280.81 W, 283.14 W, 345 MHz
2026/10/08 04:09:46.318, 0 %, 38199 MiB, 102.71 W, 101.51 W, 280.65 W, 279.17 W, 345 MHz
2026/10/08 04:09:46.518, 0 %, 38198 MiB, 102.79 W, 102.34 W, 281.03 W, 281.11 W, 345 MHz
2026/10/08 04:09:46.718, 0 %, 38198 MiB, 102.77 W, 102.92 W, 281.25 W, 281.01 W, 345 MHz
2026/10/08 04:09:46.918, 0 %, 38198 MiB, 102.77 W, 101.99 W, 281.21 W, 278.99 W, 345 MHz
2026/10/08 04:09:47.118, 0 %, 38198 MiB, 102.85 W, 103.40 W, 281.39 W, 282.09 W, 345 MHz
2026/10/08 04:09:47.319, 0 %, 38197 MiB, 102.87 W, 103.45 W, 281.49 W, 281.20 W, 345 MHz
2026/10/08 04:09:47.519, 0 %, 38197 MiB, 102.90 W, 102.71 W, 281.10 W, 280.33 W, 345 MHz
2026/10/08 04:09:47.719, 0 %, 38197 MiB, 102.85 W, 102.20 W, 280.75 W, 279.17 W, 345 MHz
2026/10/08 04:09:47.919, 0 %, 38197 MiB, 102.80 W, 103.01 W, 280.85 W, 280.14 W, 345 MHz
2026/10/08 04:09:48.119, 0 %, 38196 MiB, 102.84 W, 103.04 W, 280.80 W, 280.14 W, 345 MHz
2026/10/08 04:09:48.319, 0 %, 38196 MiB, 102.84 W, 103.52 W, 280.76 W, 282.09 W, 345 MHz
2026/10/08 04:09:48.520, 0 %, 38196 MiB, 102.71 W, 102.90 W, 280.80 W, 281.04 W, 345 MHz
2026/10/08 04:09:48.720, 0 %, 38195 MiB, 102.76 W, 102.54 W, 281.14 W, 280.14 W, 345 MHz
2026/10/08 04:09:48.920, 0 %, 38195 MiB, 102.69 W, 102.06 W, 281.06 W, 280.04 W, 345 MHz
2026/10/08 04:09:49.120, 0 %, 38195 MiB, 102.63 W, 102.19 W, 281.40 W, 282.09 W, 345 MHz
2026/10/08 04:09:49.320, 0 %, 38194 MiB, 102.60 W, 102.79 W, 281.73 W, 284.22 W, 345 MHz
2026/10/08 04:09:49.520, 0 %, 38194 MiB, 102.66 W, 103.46 W, 281.87 W, 284.82 W, 345 MHz
2026/10/08 04:09:49.720, 0 %, 38194 MiB, 102.74 W, 103.13 W, 281.94 W, 281.90 W, 345 MHz
2026/10/08 04:09:49.921, 0 %, 38194 MiB, 102.85 W, 102.11 W, 281.82 W, 279.07 W, 345 MHz
2026/10/08 04:09:50.121, 0 %, 38194 MiB, 102.94 W, 102.44 W, 281.49 W, 281.01 W, 345 MHz
2026/10/08 04:09:50.321, 0 %, 38194 MiB, 102.85 W, 102.95 W, 281.52 W, 283.06 W, 345 MHz
2026/10/08 04:09:50.521, 0 %, 38193 MiB, 102.82 W, 103.23 W, 282.03 W, 287.14 W, 345 MHz
2026/10/08 04:09:50.721, 0 %, 38193 MiB, 102.75 W, 103.15 W, 282.57 W, 285.01 W, 345 MHz
2026/10/08 04:09:50.921, 0 %, 38193 MiB, 102.71 W, 102.48 W, 283.06 W, 282.96 W, 345 MHz
2026/10/08 04:09:51.121, 0 %, 38193 MiB, 102.62 W, 102.52 W, 283.48 W, 282.88 W, 345 MHz
2026/10/08 04:09:51.321, 0 %, 38193 MiB, 102.69 W, 102.44 W, 283.47 W, 284.03 W, 345 MHz
2026/10/08 04:09:51.521, 0 %, 38193 MiB, 102.64 W, 103.16 W, 283.42 W, 285.90 W, 345 MHz
2026/10/08 04:09:51.722, 0 %, 38192 MiB, 102.63 W, 103.50 W, 283.49 W, 284.92 W, 345 MHz
2026/10/08 04:09:51.922, 0 %, 38192 MiB, 102.69 W, 103.60 W, 283.97 W, 284.90 W, 345 MHz
2026/10/08 04:09:52.122, 0 %, 38192 MiB, 102.71 W, 101.41 W, 284.03 W, 282.95 W, 345 MHz
2026/10/08 04:09:52.322, 0 %, 38192 MiB, 102.69 W, 102.36 W, 284.24 W, 284.12 W, 345 MHz
2026/10/08 04:09:52.522, 0 %, 38192 MiB, 102.69 W, 102.95 W, 283.84 W, 282.09 W, 345 MHz
2026/10/08 04:09:52.722, 0 %, 38191 MiB, 102.62 W, 103.13 W, 283.12 W, 282.09 W, 345 MHz
2026/10/08 04:09:52.923, 0 %, 38191 MiB, 102.53 W, 102.14 W, 282.36 W, 280.12 W, 345 MHz
2026/10/08 04:09:53.123, 0 %, 38191 MiB, 102.46 W, 101.75 W, 281.91 W, 279.96 W, 345 MHz
2026/10/08 04:09:53.323, 0 %, 38190 MiB, 102.52 W, 102.14 W, 281.54 W, 281.20 W, 345 MHz
2026/10/08 04:09:53.523, 0 %, 38190 MiB, 102.48 W, 102.24 W, 281.64 W, 283.06 W, 345 MHz
2026/10/08 04:09:53.723, 0 %, 38190 MiB, 102.48 W, 103.49 W, 281.69 W, 283.06 W, 345 MHz
2026/10/08 04:09:53.923, 0 %, 38190 MiB, 102.44 W, 102.25 W, 281.66 W, 281.01 W, 345 MHz
2026/10/08 04:09:54.123, 0 %, 38190 MiB, 102.39 W, 102.08 W, 281.63 W, 281.01 W, 345 MHz
2026/10/08 04:09:54.323, 0 %, 38190 MiB, 102.36 W, 102.24 W, 281.59 W, 280.04 W, 345 MHz
2026/10/08 04:09:54.523, 0 %, 38190 MiB, 102.47 W, 103.56 W, 281.49 W, 281.12 W, 345 MHz
2026/10/08 04:09:54.724, 0 %, 38190 MiB, 102.46 W, 102.90 W, 281.27 W, 282.09 W, 345 MHz
2026/10/08 04:09:54.924, 0 %, 38189 MiB, 102.49 W, 103.51 W, 281.29 W, 282.09 W, 345 MHz
2026/10/08 04:09:55.124, 0 %, 38189 MiB, 102.47 W, 101.61 W, 281.06 W, 279.17 W, 345 MHz
2026/10/08 04:09:55.324, 0 %, 38189 MiB, 102.49 W, 103.23 W, 281.04 W, 282.09 W, 345 MHz
2026/10/08 04:09:55.524, 0 %, 38189 MiB, 102.48 W, 102.83 W, 281.07 W, 281.01 W, 345 MHz
2026/10/08 04:09:55.724, 0 %, 38189 MiB, 102.49 W, 102.53 W, 281.07 W, 281.01 W, 345 MHz
2026/10/08 04:09:55.924, 0 %, 38189 MiB, 102.39 W, 102.52 W, 280.88 W, 281.12 W, 345 MHz
2026/10/08 04:09:56.124, 0 %, 38189 MiB, 102.42 W, 102.11 W, 280.89 W, 278.99 W, 345 MHz
2026/10/08 04:09:56.325, 0 %, 38188 MiB, 102.38 W, 102.55 W, 280.78 W, 281.12 W, 345 MHz
2026/10/08 04:09:56.525, 0 %, 38188 MiB, 102.31 W, 101.37 W, 280.64 W, 279.17 W, 345 MHz
2026/10/08 04:09:56.725, 0 %, 38188 MiB, 102.32 W, 103.52 W, 280.71 W, 282.09 W, 345 MHz
2026/10/08 04:09:56.925, 0 %, 38188 MiB, 102.34 W, 103.08 W, 280.82 W, 281.90 W, 345 MHz
2026/10/08 04:09:57.125, 0 %, 38188 MiB, 102.33 W, 103.00 W, 280.83 W, 282.09 W, 345 MHz
2026/10/08 04:09:57.325, 0 %, 38188 MiB, 102.33 W, 102.04 W, 280.85 W, 280.14 W, 345 MHz
2026/10/08 04:09:57.525, 0 %, 38188 MiB, 102.35 W, 101.93 W, 280.88 W, 278.99 W, 345 MHz
2026/10/08 04:09:57.725, 0 %, 38187 MiB, 102.35 W, 102.71 W, 280.62 W, 278.10 W, 345 MHz
2026/10/08 04:09:57.925, 0 %, 38187 MiB, 102.31 W, 102.67 W, 279.70 W, 277.23 W, 345 MHz
2026/10/08 04:09:58.126, 0 %, 38187 MiB, 102.25 W, 101.19 W, 278.98 W, 275.28 W, 345 MHz
2026/10/08 04:09:58.326, 0 %, 38187 MiB, 102.21 W, 102.06 W, 278.20 W, 276.15 W, 345 MHz
2026/10/08 04:09:58.526, 0 %, 38187 MiB, 102.22 W, 102.00 W, 277.35 W, 278.10 W, 345 MHz
2026/10/08 04:09:58.726, 0 %, 38187 MiB, 102.33 W, 102.28 W, 276.97 W, 276.36 W, 345 MHz
2026/10/08 04:09:58.926, 0 %, 38186 MiB, 102.33 W, 102.69 W, 276.92 W, 278.02 W, 345 MHz
2026/10/08 04:09:59.126, 0 %, 38186 MiB, 102.44 W, 102.85 W, 277.08 W, 277.12 W, 345 MHz
2026/10/08 04:09:59.326, 0 %, 38185 MiB, 102.47 W, 102.49 W, 277.18 W, 278.20 W, 345 MHz
2026/10/08 04:09:59.526, 0 %, 38185 MiB, 102.51 W, 102.32 W, 277.48 W, 278.20 W, 345 MHz
2026/10/08 04:09:59.727, 0 %, 38185 MiB, 102.47 W, 102.63 W, 277.53 W, 278.28 W, 345 MHz
2026/10/08 04:09:59.927, 0 %, 38185 MiB, 102.48 W, 102.87 W, 277.65 W, 279.09 W, 345 MHz
2026/10/08 04:10:00.127, 0 %, 38185 MiB, 102.42 W, 102.24 W, 277.67 W, 278.10 W, 345 MHz
2026/10/08 04:10:00.327, 0 %, 38185 MiB, 102.45 W, 102.43 W, 277.69 W, 277.23 W, 345 MHz
2026/10/08 04:10:00.527, 0 %, 38185 MiB, 102.44 W, 101.61 W, 277.58 W, 275.18 W, 345 MHz
2026/10/08 04:10:00.727, 0 %, 38184 MiB, 102.45 W, 102.29 W, 277.39 W, 276.33 W, 345 MHz
2026/10/08 04:10:00.927, 0 %, 38184 MiB, 102.47 W, 101.88 W, 277.45 W, 276.33 W, 345 MHz
2026/10/08 04:10:01.127, 0 %, 38184 MiB, 102.52 W, 103.51 W, 277.35 W, 279.09 W, 345 MHz
2026/10/08 04:10:01.327, 0 %, 38183 MiB, 102.45 W, 102.26 W, 277.38 W, 277.04 W, 345 MHz
2026/10/08 04:10:01.527, 0 %, 38183 MiB, 102.41 W, 101.96 W, 277.45 W, 278.02 W, 345 MHz
2026/10/08 04:10:01.727, 0 %, 38183 MiB, 102.35 W, 102.02 W, 277.62 W, 276.25 W, 345 MHz
2026/10/08 04:10:01.928, 0 %, 38183 MiB, 102.33 W, 101.84 W, 277.71 W, 278.20 W, 345 MHz
2026/10/08 04:10:02.128, 0 %, 38183 MiB, 102.40 W, 102.88 W, 278.12 W, 279.17 W, 345 MHz
2026/10/08 04:10:02.328, 0 %, 38183 MiB, 102.48 W, 102.49 W, 278.11 W, 279.35 W, 345 MHz
2026/10/08 04:10:02.528, 0 %, 38183 MiB, 102.46 W, 101.61 W, 278.08 W, 276.25 W, 345 MHz
2026/10/08 04:10:02.728, 0 %, 38182 MiB, 102.51 W, 102.96 W, 278.02 W, 276.43 W, 345 MHz
2026/10/08 04:10:02.928, 0 %, 38182 MiB, 102.58 W, 103.29 W, 277.96 W, 279.17 W, 345 MHz
2026/10/08 04:10:03.128, 0 %, 38182 MiB, 102.64 W, 103.91 W, 277.80 W, 280.04 W, 345 MHz
2026/10/08 04:10:03.328, 0 %, 38182 MiB, 102.58 W, 103.45 W, 277.67 W, 280.04 W, 345 MHz
2026/10/08 04:10:03.528, 0 %, 38182 MiB, 102.71 W, 101.84 W, 277.57 W, 275.10 W, 345 MHz
2026/10/08 04:10:03.728, 0 %, 38182 MiB, 102.82 W, 103.60 W, 277.73 W, 279.25 W, 345 MHz
2026/10/08 04:10:03.928, 0 %, 38182 MiB, 102.84 W, 102.56 W, 277.87 W, 277.31 W, 345 MHz
2026/10/08 04:10:04.129, 0 %, 38182 MiB, 102.92 W, 102.88 W, 277.94 W, 278.20 W, 345 MHz
2026/10/08 04:10:04.329, 0 %, 38181 MiB, 102.98 W, 103.42 W, 277.82 W, 279.07 W, 345 MHz
2026/10/08 04:10:04.529, 0 %, 38180 MiB, 102.93 W, 102.79 W, 277.81 W, 277.15 W, 345 MHz
2026/10/08 04:10:04.729, 0 %, 38180 MiB, 102.85 W, 101.94 W, 277.75 W, 276.25 W, 345 MHz
2026/10/08 04:10:04.929, 0 %, 38180 MiB, 102.87 W, 102.49 W, 277.55 W, 276.25 W, 345 MHz
2026/10/08 04:10:05.129, 0 %, 38180 MiB, 102.79 W, 102.48 W, 277.29 W, 275.18 W, 345 MHz
2026/10/08 04:10:05.329, 0 %, 38179 MiB, 102.73 W, 103.51 W, 277.28 W, 279.25 W, 345 MHz
2026/10/08 04:10:05.529, 0 %, 38179 MiB, 102.72 W, 103.14 W, 277.16 W, 278.10 W, 345 MHz
2026/10/08 04:10:05.730, 0 %, 38179 MiB, 102.60 W, 102.88 W, 276.92 W, 276.25 W, 345 MHz
2026/10/08 04:10:05.930, 0 %, 38179 MiB, 102.54 W, 101.90 W, 276.86 W, 276.25 W, 345 MHz
2026/10/08 04:10:06.130, 0 %, 38179 MiB, 102.47 W, 101.69 W, 276.82 W, 276.07 W, 345 MHz
2026/10/08 04:10:06.330, 0 %, 38179 MiB, 102.52 W, 103.57 W, 276.89 W, 277.23 W, 345 MHz
2026/10/08 04:10:06.530, 0 %, 38179 MiB, 102.54 W, 103.43 W, 276.93 W, 278.12 W, 345 MHz
2026/10/08 04:10:06.730, 0 %, 38179 MiB, 102.65 W, 102.46 W, 276.95 W, 276.33 W, 345 MHz
2026/10/08 04:10:06.930, 0 %, 38178 MiB, 102.72 W, 102.54 W, 276.82 W, 275.46 W, 345 MHz
2026/10/08 04:10:07.130, 0 %, 38178 MiB, 102.72 W, 102.72 W, 276.69 W, 277.23 W, 345 MHz
2026/10/08 04:10:07.331, 0 %, 38177 MiB, 102.86 W, 101.51 W, 276.60 W, 274.20 W, 345 MHz
2026/10/08 04:10:07.531, 0 %, 38177 MiB, 102.93 W, 104.43 W, 276.63 W, 278.10 W, 345 MHz
2026/10/08 04:10:07.731, 0 %, 38177 MiB, 102.92 W, 102.48 W, 276.54 W, 276.25 W, 345 MHz
2026/10/08 04:10:07.931, 0 %, 38177 MiB, 102.84 W, 102.91 W, 276.62 W, 276.43 W, 345 MHz
2026/10/08 04:10:08.131, 0 %, 38177 MiB, 102.94 W, 102.31 W, 276.92 W, 277.12 W, 345 MHz
2026/10/08 04:10:08.331, 0 %, 38177 MiB, 102.80 W, 101.86 W, 276.97 W, 276.43 W, 345 MHz
2026/10/08 04:10:08.531, 0 %, 38177 MiB, 102.86 W, 103.22 W, 277.00 W, 277.23 W, 345 MHz
2026/10/08 04:10:08.731, 0 %, 38177 MiB, 102.88 W, 103.07 W, 277.08 W, 278.02 W, 345 MHz
2026/10/08 04:10:08.931, 0 %, 38177 MiB, 102.96 W, 102.18 W, 277.25 W, 277.23 W, 345 MHz
2026/10/08 04:10:09.131, 0 %, 38176 MiB, 102.92 W, 101.76 W, 277.15 W, 276.15 W, 345 MHz
2026/10/08 04:10:09.331, 0 %, 38176 MiB, 103.03 W, 102.34 W, 277.21 W, 277.23 W, 345 MHz
2026/10/08 04:10:09.532, 0 %, 38176 MiB, 102.87 W, 103.16 W, 277.18 W, 278.20 W, 345 MHz
2026/10/08 04:10:09.732, 0 %, 38176 MiB, 102.78 W, 103.65 W, 277.06 W, 279.27 W, 345 MHz
2026/10/08 04:10:09.932, 0 %, 38176 MiB, 102.72 W, 102.85 W, 276.96 W, 276.43 W, 345 MHz
2026/10/08 04:10:10.132, 0 %, 38176 MiB, 102.64 W, 101.15 W, 276.96 W, 275.28 W, 345 MHz
2026/10/08 04:10:10.332, 0 %, 38176 MiB, 102.54 W, 102.30 W, 276.98 W, 276.25 W, 345 MHz
2026/10/08 04:10:10.532, 0 %, 38176 MiB, 102.64 W, 102.06 W, 277.09 W, 275.18 W, 345 MHz
2026/10/08 04:10:10.732, 0 %, 38175 MiB, 102.72 W, 103.49 W, 277.25 W, 278.02 W, 345 MHz
2026/10/08 04:10:10.932, 0 %, 38175 MiB, 102.79 W, 103.03 W, 277.30 W, 277.41 W, 345 MHz
2026/10/08 04:10:11.132, 0 %, 38174 MiB, 102.81 W, 103.18 W, 277.66 W, 286.77 W, 345 MHz
2026/10/08 04:10:11.333, 0 %, 38174 MiB, 102.95 W, 101.99 W, 278.14 W, 276.33 W, 345 MHz
2026/10/08 04:10:11.533, 0 %, 38174 MiB, 102.92 W, 102.89 W, 278.20 W, 277.23 W, 345 MHz
2026/10/08 04:10:11.733, 0 %, 38174 MiB, 102.89 W, 103.16 W, 278.30 W, 279.07 W, 345 MHz
2026/10/08 04:10:11.933, 0 %, 38174 MiB, 102.79 W, 103.71 W, 278.24 W, 278.20 W, 345 MHz
2026/10/08 04:10:12.133, 0 %, 38174 MiB, 102.79 W, 101.84 W, 277.96 W, 276.15 W, 345 MHz
2026/10/08 04:10:12.333, 0 %, 38173 MiB, 102.71 W, 102.03 W, 277.45 W, 277.23 W, 345 MHz
2026/10/08 04:10:12.533, 0 %, 38173 MiB, 102.83 W, 102.38 W, 277.66 W, 277.04 W, 345 MHz
2026/10/08 04:10:12.733, 0 %, 38173 MiB, 102.94 W, 102.69 W, 277.82 W, 277.41 W, 345 MHz
2026/10/08 04:10:12.933, 0 %, 38173 MiB, 102.95 W, 104.19 W, 278.22 W, 281.30 W, 345 MHz
2026/10/08 04:10:13.133, 0 %, 38173 MiB, 102.93 W, 102.31 W, 279.26 W, 283.85 W, 345 MHz
2026/10/08 04:10:13.333, 0 %, 38172 MiB, 102.94 W, 103.47 W, 279.85 W, 281.12 W, 345 MHz
2026/10/08 04:10:13.534, 0 %, 38172 MiB, 102.93 W, 102.63 W, 280.04 W, 276.94 W, 345 MHz
2026/10/08 04:10:13.734, 0 %, 38172 MiB, 102.91 W, 103.30 W, 280.45 W, 281.04 W, 345 MHz
2026/10/08 04:10:13.934, 0 %, 38172 MiB, 103.01 W, 103.55 W, 280.76 W, 282.19 W, 345 MHz
2026/10/08 04:10:14.134, 0 %, 38172 MiB, 103.13 W, 103.64 W, 280.72 W, 282.09 W, 345 MHz
2026/10/08 04:10:14.334, 0 %, 38171 MiB, 103.08 W, 103.01 W, 280.46 W, 281.12 W, 345 MHz
2026/10/08 04:10:14.534, 0 %, 38171 MiB, 102.94 W, 102.70 W, 280.44 W, 276.25 W, 345 MHz
2026/10/08 04:10:14.734, 0 %, 38171 MiB, 102.91 W, 102.27 W, 280.26 W, 278.20 W, 345 MHz
2026/10/08 04:10:14.934, 0 %, 38171 MiB, 102.91 W, 103.92 W, 280.02 W, 281.12 W, 345 MHz
2026/10/08 04:10:15.135, 0 %, 38171 MiB, 102.85 W, 104.60 W, 279.78 W, 282.01 W, 345 MHz
2026/10/08 04:10:15.335, 0 %, 38171 MiB, 102.84 W, 103.03 W, 279.87 W, 277.23 W, 345 MHz
2026/10/08 04:10:15.535, 0 %, 38171 MiB, 102.86 W, 102.45 W, 279.33 W, 277.23 W, 345 MHz
2026/10/08 04:10:15.735, 0 %, 38171 MiB, 102.84 W, 101.67 W, 279.01 W, 275.28 W, 345 MHz
2026/10/08 04:10:15.935, 0 %, 38171 MiB, 102.75 W, 102.48 W, 278.53 W, 276.33 W, 345 MHz
2026/10/08 04:10:16.135, 0 %, 38170 MiB, 102.66 W, 103.78 W, 277.73 W, 278.20 W, 345 MHz
2026/10/08 04:10:16.335, 0 %, 38170 MiB, 102.68 W, 102.36 W, 276.89 W, 275.28 W, 345 MHz
2026/10/08 04:10:16.535, 0 %, 38170 MiB, 102.71 W, 102.79 W, 276.68 W, 277.04 W, 345 MHz
2026/10/08 04:10:16.735, 0 %, 38170 MiB, 102.81 W, 102.49 W, 276.61 W, 274.20 W, 345 MHz
2026/10/08 04:10:16.935, 0 %, 38170 MiB, 102.88 W, 102.03 W, 276.51 W, 275.18 W, 345 MHz
2026/10/08 04:10:17.136, 0 %, 38169 MiB, 102.87 W, 102.59 W, 276.40 W, 276.17 W, 345 MHz
2026/10/08 04:10:17.336, 0 %, 38169 MiB, 102.78 W, 102.18 W, 276.18 W, 275.28 W, 345 MHz
2026/10/08 04:10:17.536, 0 %, 38169 MiB, 102.81 W, 102.44 W, 276.13 W, 275.28 W, 345 MHz
2026/10/08 04:10:17.736, 0 %, 38169 MiB, 102.81 W, 103.29 W, 276.24 W, 278.02 W, 345 MHz
2026/10/08 04:10:17.936, 0 %, 38169 MiB, 102.81 W, 102.90 W, 276.35 W, 277.25 W, 345 MHz
2026/10/08 04:10:18.136, 0 %, 38169 MiB, 102.86 W, 102.26 W, 276.49 W, 276.15 W, 345 MHz
2026/10/08 04:10:18.336, 0 %, 38168 MiB, 102.86 W, 102.72 W, 276.54 W, 277.23 W, 345 MHz
2026/10/08 04:10:18.536, 0 %, 38168 MiB, 102.79 W, 102.07 W, 276.51 W, 275.18 W, 345 MHz
2026/10/08 04:10:18.736, 0 %, 38168 MiB, 102.67 W, 103.53 W, 276.24 W, 276.25 W, 345 MHz
2026/10/08 04:10:18.936, 0 %, 38168 MiB, 102.75 W, 103.56 W, 276.12 W, 276.43 W, 345 MHz
2026/10/08 04:10:19.136, 0 %, 38168 MiB, 102.86 W, 102.15 W, 276.17 W, 276.07 W, 345 MHz
2026/10/08 04:10:19.337, 0 %, 38167 MiB, 102.87 W, 102.67 W, 276.19 W, 275.36 W, 345 MHz
2026/10/08 04:10:19.537, 0 %, 38167 MiB, 102.88 W, 103.35 W, 276.05 W, 275.18 W, 345 MHz
2026/10/08 04:10:19.737, 0 %, 38167 MiB, 102.97 W, 103.29 W, 276.08 W, 276.25 W, 345 MHz
2026/10/08 04:10:19.937, 0 %, 38167 MiB, 102.85 W, 101.40 W, 275.97 W, 274.39 W, 345 MHz
2026/10/08 04:10:20.137, 0 %, 38167 MiB, 102.79 W, 102.04 W, 275.96 W, 276.25 W, 345 MHz
2026/10/08 04:10:20.337, 0 %, 38167 MiB, 102.77 W, 103.13 W, 275.99 W, 277.41 W, 345 MHz
2026/10/08 04:10:20.537, 0 %, 38167 MiB, 102.72 W, 103.08 W, 276.01 W, 275.20 W, 345 MHz
2026/10/08 04:10:20.737, 0 %, 38166 MiB, 102.69 W, 102.12 W, 275.85 W, 274.20 W, 345 MHz
2026/10/08 04:10:20.938, 0 %, 38166 MiB, 102.67 W, 103.15 W, 275.86 W, 276.36 W, 345 MHz
2026/10/08 04:10:21.138, 0 %, 38166 MiB, 102.64 W, 102.02 W, 275.86 W, 275.28 W, 345 MHz
2026/10/08 04:10:21.338, 0 %, 38166 MiB, 102.60 W, 102.60 W, 275.82 W, 276.33 W, 345 MHz
2026/10/08 04:10:21.538, 0 %, 38165 MiB, 102.53 W, 102.69 W, 275.67 W, 276.25 W, 345 MHz
2026/10/08 04:10:21.738, 0 %, 38165 MiB, 102.45 W, 102.67 W, 275.67 W, 275.28 W, 345 MHz
2026/10/08 04:10:21.938, 0 %, 38165 MiB, 102.43 W, 102.25 W, 275.56 W, 274.31 W, 345 MHz
2026/10/08 04:10:22.138, 0 %, 38165 MiB, 102.38 W, 102.55 W, 275.49 W, 276.25 W, 345 MHz
2026/10/08 04:10:22.338, 0 %, 38165 MiB, 102.41 W, 102.19 W, 275.53 W, 276.33 W, 345 MHz
2026/10/08 04:10:22.538, 0 %, 38165 MiB, 102.41 W, 103.47 W, 275.56 W, 278.20 W, 345 MHz
2026/10/08 04:10:22.739, 0 %, 38165 MiB, 102.44 W, 102.77 W, 275.66 W, 277.12 W, 345 MHz
2026/10/08 04:10:22.939, 0 %, 38165 MiB, 102.53 W, 103.32 W, 276.11 W, 279.07 W, 345 MHz
2026/10/08 04:10:23.139, 0 %, 38165 MiB, 102.58 W, 102.09 W, 276.57 W, 276.25 W, 345 MHz
2026/10/08 04:10:23.339, 0 %, 38164 MiB, 102.69 W, 103.04 W, 276.81 W, 275.36 W, 345 MHz
2026/10/08 04:10:23.539, 0 %, 38164 MiB, 102.79 W, 102.54 W, 276.89 W, 276.15 W, 345 MHz
2026/10/08 04:10:23.739, 0 %, 38164 MiB, 102.81 W, 103.73 W, 277.13 W, 278.99 W, 345 MHz
2026/10/08 04:10:23.939, 0 %, 38164 MiB, 102.75 W, 102.08 W, 277.11 W, 276.25 W, 345 MHz
2026/10/08 04:10:24.139, 0 %, 38164 MiB, 102.64 W, 102.35 W, 276.59 W, 276.25 W, 345 MHz
2026/10/08 04:10:24.339, 0 %, 38164 MiB, 102.60 W, 102.24 W, 276.46 W, 276.33 W, 345 MHz
2026/10/08 04:10:24.540, 0 %, 38163 MiB, 102.57 W, 102.58 W, 276.61 W, 277.49 W, 345 MHz
2026/10/08 04:10:24.740, 0 %, 38163 MiB, 102.49 W, 102.52 W, 276.53 W, 276.07 W, 345 MHz
2026/10/08 04:10:24.940, 0 %, 38163 MiB, 102.44 W, 101.84 W, 276.07 W, 275.28 W, 345 MHz
2026/10/08 04:10:25.140, 0 %, 38163 MiB, 102.55 W, 101.77 W, 276.07 W, 274.31 W, 345 MHz
2026/10/08 04:10:25.340, 0 %, 38163 MiB, 102.44 W, 102.19 W, 275.94 W, 276.15 W, 345 MHz
2026/10/08 04:10:25.540, 0 %, 38162 MiB, 102.51 W, 102.83 W, 276.08 W, 277.31 W, 345 MHz
2026/10/08 04:10:25.740, 0 %, 38162 MiB, 102.65 W, 102.72 W, 276.11 W, 277.15 W, 345 MHz
2026/10/08 04:10:25.940, 0 %, 38162 MiB, 102.59 W, 102.41 W, 276.14 W, 276.25 W, 345 MHz
2026/10/08 04:10:26.140, 0 %, 38162 MiB, 102.51 W, 102.24 W, 276.10 W, 275.28 W, 345 MHz
2026/10/08 04:10:26.340, 0 %, 38162 MiB, 102.56 W, 101.54 W, 276.19 W, 274.31 W, 345 MHz
2026/10/08 04:10:26.541, 0 %, 38162 MiB, 102.48 W, 102.22 W, 276.11 W, 276.25 W, 345 MHz
2026/10/08 04:10:26.741, 0 %, 38162 MiB, 102.42 W, 103.40 W, 276.05 W, 276.15 W, 345 MHz
2026/10/08 04:10:26.941, 0 %, 38162 MiB, 102.42 W, 103.37 W, 276.08 W, 277.23 W, 345 MHz
2026/10/08 04:10:27.141, 0 %, 38162 MiB, 102.44 W, 102.36 W, 275.92 W, 275.28 W, 345 MHz
2026/10/08 04:10:27.341, 0 %, 38162 MiB, 102.44 W, 102.71 W, 275.87 W, 276.25 W, 345 MHz
2026/10/08 04:10:27.541, 0 %, 38161 MiB, 102.40 W, 101.34 W, 275.76 W, 273.51 W, 345 MHz
2026/10/08 04:10:27.741, 0 %, 38161 MiB, 102.36 W, 102.85 W, 275.74 W, 276.25 W, 345 MHz
2026/10/08 04:10:27.941, 0 %, 38161 MiB, 102.35 W, 102.54 W, 275.64 W, 276.15 W, 345 MHz
2026/10/08 04:10:28.142, 0 %, 38161 MiB, 102.36 W, 102.80 W, 275.67 W, 275.28 W, 345 MHz
2026/10/08 04:10:28.342, 0 %, 38161 MiB, 102.38 W, 102.47 W, 275.58 W, 275.18 W, 345 MHz
2026/10/08 04:10:28.542, 0 %, 38161 MiB, 102.46 W, 102.06 W, 275.43 W, 275.36 W, 345 MHz
2026/10/08 04:10:28.742, 0 %, 38161 MiB, 102.52 W, 101.67 W, 275.38 W, 274.20 W, 345 MHz
2026/10/08 04:10:28.942, 0 %, 38161 MiB, 102.44 W, 102.78 W, 275.41 W, 277.23 W, 345 MHz
2026/10/08 04:10:29.142, 0 %, 38161 MiB, 102.34 W, 102.88 W, 275.51 W, 277.23 W, 345 MHz
2026/10/08 04:10:29.342, 0 %, 38161 MiB, 102.30 W, 102.29 W, 275.75 W, 276.15 W, 345 MHz
2026/10/08 04:10:29.542, 0 %, 38161 MiB, 102.12 W, 101.14 W, 275.86 W, 274.39 W, 345 MHz
2026/10/08 04:10:29.742, 0 %, 38160 MiB, 102.09 W, 102.08 W, 276.06 W, 276.15 W, 345 MHz
2026/10/08 04:10:29.942, 0 %, 38160 MiB, 102.19 W, 102.07 W, 276.40 W, 277.23 W, 345 MHz
2026/10/08 04:10:30.142, 0 %, 38160 MiB, 102.17 W, 102.62 W, 276.45 W, 277.23 W, 345 MHz
2026/10/08 04:10:30.343, 0 %, 38160 MiB, 102.23 W, 102.30 W, 276.62 W, 276.07 W, 345 MHz
2026/10/08 04:10:30.543, 0 %, 38160 MiB, 102.35 W, 101.85 W, 276.89 W, 278.38 W, 345 MHz
2026/10/08 04:10:30.743, 0 %, 38160 MiB, 102.32 W, 100.98 W, 276.98 W, 274.31 W, 345 MHz
2026/10/08 04:10:30.943, 0 %, 38160 MiB, 102.42 W, 103.04 W, 277.06 W, 278.02 W, 345 MHz
2026/10/08 04:10:31.143, 0 %, 38160 MiB, 102.55 W, 102.42 W, 277.11 W, 276.15 W, 345 MHz
2026/10/08 04:10:31.343, 0 %, 38160 MiB, 102.45 W, 102.75 W, 276.86 W, 276.07 W, 345 MHz
2026/10/08 04:10:31.543, 0 %, 38160 MiB, 102.41 W, 102.73 W, 276.54 W, 276.25 W, 345 MHz
2026/10/08 04:10:31.743, 0 %, 38159 MiB, 102.38 W, 101.55 W, 276.22 W, 274.20 W, 345 MHz
2026/10/08 04:10:31.943, 0 %, 38159 MiB, 102.36 W, 102.16 W, 276.00 W, 275.46 W, 345 MHz
2026/10/08 04:10:32.144, 0 %, 38159 MiB, 102.33 W, 102.74 W, 275.90 W, 276.25 W, 345 MHz
2026/10/08 04:10:32.344, 0 %, 38159 MiB, 102.30 W, 102.68 W, 275.85 W, 277.04 W, 345 MHz
2026/10/08 04:10:32.544, 0 %, 38159 MiB, 102.23 W, 102.01 W, 275.94 W, 276.25 W, 345 MHz
2026/10/08 04:10:32.744, 0 %, 38158 MiB, 102.32 W, 102.22 W, 276.01 W, 275.18 W, 345 MHz
2026/10/08 04:10:32.944, 0 %, 38158 MiB, 102.31 W, 102.44 W, 276.06 W, 275.28 W, 345 MHz
2026/10/08 04:10:33.144, 0 %, 38158 MiB, 102.36 W, 102.18 W, 276.04 W, 275.28 W, 345 MHz
2026/10/08 04:10:33.344, 0 %, 38158 MiB, 102.44 W, 103.27 W, 275.98 W, 276.07 W, 345 MHz
2026/10/08 04:10:33.544, 0 %, 38158 MiB, 102.57 W, 102.56 W, 275.93 W, 275.46 W, 345 MHz
2026/10/08 04:10:33.744, 0 %, 38158 MiB, 102.54 W, 102.46 W, 275.85 W, 275.28 W, 345 MHz
2026/10/08 04:10:33.944, 0 %, 38158 MiB, 102.50 W, 101.60 W, 275.57 W, 274.20 W, 345 MHz
2026/10/08 04:10:34.145, 0 %, 38158 MiB, 102.44 W, 101.90 W, 275.48 W, 274.29 W, 345 MHz
2026/10/08 04:10:34.345, 0 %, 38158 MiB, 102.36 W, 102.70 W, 275.60 W, 278.10 W, 345 MHz
2026/10/08 04:10:34.545, 0 %, 38158 MiB, 102.21 W, 102.15 W, 275.71 W, 276.33 W, 345 MHz
2026/10/08 04:10:34.745, 0 %, 38158 MiB, 102.13 W, 102.85 W, 275.72 W, 278.12 W, 345 MHz
2026/10/08 04:10:34.945, 0 %, 38158 MiB, 102.17 W, 101.96 W, 276.08 W, 276.25 W, 345 MHz
2026/10/08 04:10:35.145, 0 %, 38157 MiB, 102.16 W, 102.43 W, 276.26 W, 276.25 W, 345 MHz
2026/10/08 04:10:35.345, 0 %, 38157 MiB, 102.23 W, 102.39 W, 276.24 W, 277.12 W, 345 MHz
2026/10/08 04:10:35.545, 0 %, 38157 MiB, 102.34 W, 102.97 W, 276.24 W, 276.33 W, 345 MHz
2026/10/08 04:10:35.745, 0 %, 38157 MiB, 102.48 W, 102.86 W, 276.39 W, 276.07 W, 345 MHz
2026/10/08 04:10:35.946, 0 %, 38157 MiB, 102.44 W, 102.49 W, 276.22 W, 276.25 W, 345 MHz
2026/10/08 04:10:36.146, 0 %, 38156 MiB, 102.41 W, 101.51 W, 276.17 W, 275.20 W, 345 MHz
2026/10/08 04:10:36.346, 0 %, 38156 MiB, 102.41 W, 102.58 W, 276.24 W, 278.10 W, 345 MHz
2026/10/08 04:10:36.546, 0 %, 38156 MiB, 102.33 W, 102.88 W, 276.35 W, 277.23 W, 345 MHz
2026/10/08 04:10:36.746, 0 %, 38156 MiB, 102.26 W, 102.48 W, 276.53 W, 277.23 W, 345 MHz
2026/10/08 04:10:36.946, 0 %, 38156 MiB, 102.26 W, 101.86 W, 276.87 W, 278.20 W, 345 MHz
2026/10/08 04:10:37.146, 0 %, 38156 MiB, 102.20 W, 101.75 W, 277.17 W, 276.25 W, 345 MHz
2026/10/08 04:10:37.346, 0 %, 38156 MiB, 102.25 W, 103.24 W, 277.46 W, 279.07 W, 345 MHz
2026/10/08 04:10:37.546, 0 %, 38156 MiB, 102.24 W, 102.67 W, 277.70 W, 280.14 W, 345 MHz
2026/10/08 04:10:37.746, 0 %, 38156 MiB, 102.13 W, 101.71 W, 277.74 W, 278.10 W, 345 MHz
2026/10/08 04:10:37.947, 0 %, 38156 MiB, 102.07 W, 102.21 W, 277.60 W, 278.20 W, 345 MHz
2026/10/08 04:10:38.147, 0 %, 38156 MiB, 102.12 W, 101.99 W, 277.68 W, 277.23 W, 345 MHz
2026/10/08 04:10:38.347, 0 %, 38155 MiB, 102.12 W, 102.51 W, 277.74 W, 278.10 W, 345 MHz
2026/10/08 04:10:38.547, 0 %, 38155 MiB, 102.21 W, 102.07 W, 277.72 W, 278.20 W, 345 MHz
2026/10/08 04:10:38.747, 0 %, 38155 MiB, 102.22 W, 101.81 W, 277.86 W, 278.12 W, 345 MHz
2026/10/08 04:10:38.947, 0 %, 38155 MiB, 102.21 W, 101.62 W, 278.02 W, 278.10 W, 345 MHz
2026/10/08 04:10:39.147, 0 %, 38155 MiB, 102.18 W, 102.08 W, 277.79 W, 275.28 W, 345 MHz
2026/10/08 04:10:39.348, 0 %, 38155 MiB, 102.16 W, 102.16 W, 278.18 W, 280.93 W, 345 MHz
2026/10/08 04:10:39.548, 0 %, 38155 MiB, 102.14 W, 102.91 W, 278.31 W, 277.23 W, 345 MHz
2026/10/08 04:10:39.748, 0 %, 38155 MiB, 102.08 W, 102.99 W, 277.81 W, 277.23 W, 345 MHz
2026/10/08 04:10:39.948, 0 %, 38154 MiB, 102.18 W, 102.61 W, 277.55 W, 276.25 W, 345 MHz
2026/10/08 04:10:40.148, 0 %, 38154 MiB, 102.29 W, 101.63 W, 277.42 W, 275.18 W, 345 MHz
2026/10/08 04:10:40.348, 0 %, 38154 MiB, 102.32 W, 102.11 W, 276.72 W, 274.20 W, 345 MHz
2026/10/08 04:10:40.548, 0 %, 38154 MiB, 102.34 W, 102.58 W, 275.92 W, 275.28 W, 345 MHz
2026/10/08 04:10:40.748, 0 %, 38154 MiB, 102.41 W, 103.19 W, 275.74 W, 277.04 W, 345 MHz
2026/10/08 04:10:40.949, 0 %, 38154 MiB, 102.39 W, 102.58 W, 275.45 W, 276.25 W, 345 MHz
2026/10/08 04:10:41.149, 0 %, 38154 MiB, 102.32 W, 101.62 W, 275.18 W, 274.49 W, 345 MHz
2026/10/08 04:10:41.349, 0 %, 38154 MiB, 102.39 W, 101.57 W, 275.10 W, 274.13 W, 345 MHz
2026/10/08 04:10:41.549, 0 %, 38154 MiB, 102.50 W, 102.59 W, 275.29 W, 276.23 W, 345 MHz
2026/10/08 04:10:41.749, 0 %, 38154 MiB, 102.59 W, 103.54 W, 275.48 W, 277.12 W, 345 MHz
2026/10/08 04:10:41.949, 0 %, 38154 MiB, 102.54 W, 275.36 W, 275.35 W, 275.28 W, 345 MHz
2026/10/08 04:10:42.156, 0 %, 38154 MiB, 102.51 W, 103.09 W, 275.36 W, 276.15 W, 345 MHz
2026/10/08 04:10:42.356, 0 %, 38153 MiB, 102.39 W, 102.61 W, 275.20 W, 274.49 W, 345 MHz
2026/10/08 04:10:42.556, 0 %, 38153 MiB, 102.30 W, 102.87 W, 275.11 W, 275.46 W, 345 MHz
2026/10/08 04:10:42.757, 0 %, 38153 MiB, 102.31 W, 101.82 W, 275.00 W, 274.13 W, 345 MHz
2026/10/08 04:10:42.957, 0 %, 38153 MiB, 102.32 W, 102.19 W, 274.99 W, 274.20 W, 345 MHz
2026/10/08 04:10:43.157, 0 %, 38153 MiB, 102.31 W, 102.53 W, 274.95 W, 274.21 W, 345 MHz
2026/10/08 04:10:43.357, 0 %, 38153 MiB, 102.32 W, 103.50 W, 275.38 W, 277.23 W, 345 MHz
2026/10/08 04:10:43.557, 0 %, 38153 MiB, 102.32 W, 102.11 W, 275.39 W, 273.41 W, 345 MHz
2026/10/08 04:10:43.757, 0 %, 38153 MiB, 102.29 W, 101.83 W, 275.39 W, 274.57 W, 345 MHz
2026/10/08 04:10:43.957, 0 %, 38153 MiB, 102.32 W, 102.13 W, 275.53 W, 275.28 W, 345 MHz
2026/10/08 04:10:44.157, 0 %, 38153 MiB, 102.36 W, 102.80 W, 275.55 W, 276.25 W, 345 MHz
2026/10/08 04:10:44.357, 0 %, 38153 MiB, 102.34 W, 102.49 W, 275.24 W, 275.28 W, 345 MHz
2026/10/08 04:10:44.558, 0 %, 38153 MiB, 102.42 W, 101.21 W, 275.23 W, 273.51 W, 345 MHz
2026/10/08 04:10:44.758, 0 %, 38153 MiB, 102.34 W, 101.82 W, 275.17 W, 274.20 W, 345 MHz
2026/10/08 04:10:44.958, 0 %, 38153 MiB, 102.27 W, 101.30 W, 275.06 W, 273.15 W, 345 MHz
2026/10/08 04:10:45.158, 0 %, 38153 MiB, 102.27 W, 103.49 W, 275.08 W, 276.17 W, 345 MHz
2026/10/08 04:10:45.358, 0 %, 38152 MiB, 102.38 W, 103.19 W, 275.18 W, 275.36 W, 345 MHz
2026/10/08 04:10:45.558, 0 %, 38152 MiB, 102.24 W, 101.89 W, 275.06 W, 274.67 W, 345 MHz
2026/10/08 04:10:45.758, 0 %, 38152 MiB, 102.38 W, 102.45 W, 275.13 W, 274.20 W, 345 MHz
2026/10/08 04:10:45.958, 0 %, 38152 MiB, 102.40 W, 101.42 W, 275.19 W, 275.28 W, 345 MHz
2026/10/08 04:10:46.158, 0 %, 38152 MiB, 102.36 W, 101.81 W, 275.18 W, 274.13 W, 345 MHz
2026/10/08 04:10:46.358, 0 %, 38152 MiB, 102.30 W, 103.82 W, 275.06 W, 278.20 W, 345 MHz
2026/10/08 04:10:46.558, 0 %, 38152 MiB, 102.33 W, 102.49 W, 275.14 W, 275.46 W, 345 MHz
2026/10/08 04:10:46.759, 0 %, 38152 MiB, 102.32 W, 101.50 W, 275.29 W, 274.31 W, 345 MHz
2026/10/08 04:10:46.959, 0 %, 38152 MiB, 102.36 W, 101.57 W, 275.26 W, 273.31 W, 345 MHz
2026/10/08 04:10:47.159, 0 %, 38152 MiB, 102.42 W, 101.81 W, 275.35 W, 274.49 W, 345 MHz
2026/10/08 04:10:47.359, 0 %, 38151 MiB, 102.39 W, 102.57 W, 275.38 W, 276.25 W, 345 MHz
2026/10/08 04:10:47.559, 0 %, 38151 MiB, 102.36 W, 102.35 W, 275.30 W, 274.49 W, 345 MHz
2026/10/08 04:10:47.759, 0 %, 38151 MiB, 102.27 W, 101.94 W, 275.06 W, 273.23 W, 345 MHz
2026/10/08 04:10:47.959, 0 %, 38151 MiB, 102.29 W, 102.48 W, 274.75 W, 273.26 W, 345 MHz
2026/10/08 04:10:48.160, 0 %, 38151 MiB, 102.28 W, 101.73 W, 274.26 W, 272.44 W, 345 MHz
2026/10/08 04:10:48.360, 0 %, 38151 MiB, 102.32 W, 102.16 W, 273.94 W, 273.33 W, 345 MHz
2026/10/08 04:10:48.560, 0 %, 38151 MiB, 102.41 W, 104.67 W, 273.55 W, 276.43 W, 345 MHz
2026/10/08 04:10:48.760, 0 %, 38151 MiB, 102.45 W, 101.94 W, 273.25 W, 273.15 W, 345 MHz
2026/10/08 04:10:48.960, 0 %, 38151 MiB, 102.43 W, 102.46 W, 273.35 W, 274.31 W, 345 MHz
2026/10/08 04:10:49.160, 0 %, 38151 MiB, 102.42 W, 101.89 W, 273.44 W, 273.41 W, 345 MHz
2026/10/08 04:10:49.360, 0 %, 38151 MiB, 102.38 W, 101.50 W, 273.43 W, 272.26 W, 345 MHz
2026/10/08 04:10:49.560, 0 %, 38151 MiB, 102.31 W, 102.67 W, 273.50 W, 273.41 W, 345 MHz
2026/10/08 04:10:49.760, 0 %, 38151 MiB, 102.22 W, 102.83 W, 273.46 W, 273.33 W, 345 MHz
2026/10/08 04:10:49.960, 0 %, 38151 MiB, 102.17 W, 101.29 W, 273.31 W, 272.36 W, 345 MHz
2026/10/08 04:10:50.160, 0 %, 38151 MiB, 102.19 W, 101.53 W, 273.25 W, 272.54 W, 345 MHz
2026/10/08 04:10:50.361, 0 %, 38151 MiB, 102.30 W, 102.26 W, 273.35 W, 272.26 W, 345 MHz
2026/10/08 04:10:50.561, 0 %, 38151 MiB, 102.42 W, 102.75 W, 273.45 W, 274.39 W, 345 MHz
2026/10/08 04:10:50.761, 0 %, 38151 MiB, 102.40 W, 102.77 W, 273.35 W, 273.26 W, 345 MHz
2026/10/08 04:10:50.961, 0 %, 38151 MiB, 102.40 W, 101.09 W, 273.40 W, 272.36 W, 345 MHz
2026/10/08 04:10:51.161, 0 %, 38151 MiB, 102.41 W, 102.02 W, 273.92 W, 276.25 W, 345 MHz
2026/10/08 04:10:51.361, 0 %, 38151 MiB, 102.49 W, 101.83 W, 274.74 W, 277.23 W, 345 MHz
2026/10/08 04:10:51.561, 0 %, 38151 MiB, 102.44 W, 102.86 W, 275.56 W, 278.28 W, 345 MHz
2026/10/08 04:10:51.761, 0 %, 38151 MiB, 102.37 W, 102.38 W, 276.32 W, 279.07 W, 345 MHz
2026/10/08 04:10:51.961, 0 %, 38151 MiB, 102.32 W, 102.65 W, 277.17 W, 278.20 W, 345 MHz
2026/10/08 04:10:52.161, 0 %, 38150 MiB, 102.27 W, 101.81 W, 277.52 W, 278.20 W, 345 MHz
2026/10/08 04:10:52.361, 0 %, 38150 MiB, 102.08 W, 102.13 W, 277.53 W, 277.23 W, 345 MHz
2026/10/08 04:10:52.562, 0 %, 38150 MiB, 102.12 W, 102.54 W, 277.56 W, 277.31 W, 345 MHz
2026/10/08 04:10:52.762, 0 %, 38150 MiB, 102.20 W, 103.10 W, 277.66 W, 278.10 W, 345 MHz
2026/10/08 04:10:52.962, 0 %, 38150 MiB, 102.21 W, 101.80 W, 277.55 W, 276.25 W, 345 MHz
2026/10/08 04:10:53.162, 0 %, 38150 MiB, 102.22 W, 101.60 W, 277.45 W, 276.23 W, 345 MHz
2026/10/08 04:10:53.362, 0 %, 38150 MiB, 102.29 W, 101.99 W, 277.37 W, 277.23 W, 345 MHz
2026/10/08 04:10:53.562, 0 %, 38150 MiB, 102.29 W, 103.06 W, 277.31 W, 278.20 W, 345 MHz
2026/10/08 04:10:53.762, 0 %, 38150 MiB, 102.22 W, 102.38 W, 277.20 W, 277.12 W, 345 MHz
2026/10/08 04:10:53.962, 0 %, 38150 MiB, 102.20 W, 102.44 W, 277.19 W, 277.23 W, 345 MHz
2026/10/08 04:10:54.163, 0 %, 38150 MiB, 102.14 W, 101.45 W, 277.20 W, 276.33 W, 345 MHz
2026/10/08 04:10:54.363, 0 %, 38150 MiB, 102.15 W, 101.65 W, 277.35 W, 277.23 W, 345 MHz
2026/10/08 04:10:54.563, 0 %, 38150 MiB, 102.11 W, 101.77 W, 277.45 W, 277.12 W, 345 MHz
2026/10/08 04:10:54.763, 0 %, 38150 MiB, 102.20 W, 102.08 W, 277.65 W, 279.07 W, 345 MHz
2026/10/08 04:10:54.963, 0 %, 38150 MiB, 102.19 W, 102.91 W, 277.72 W, 278.20 W, 345 MHz
2026/10/08 04:10:55.163, 0 %, 38150 MiB, 102.19 W, 101.84 W, 277.49 W, 275.46 W, 345 MHz
2026/10/08 04:10:55.363, 0 %, 38150 MiB, 102.12 W, 101.23 W, 277.24 W, 275.18 W, 345 MHz
2026/10/08 04:10:55.563, 0 %, 38150 MiB, 102.10 W, 101.90 W, 277.08 W, 276.41 W, 345 MHz
2026/10/08 04:10:55.763, 0 %, 38150 MiB, 102.07 W, 103.23 W, 277.16 W, 278.99 W, 345 MHz
2026/10/08 04:10:55.963, 0 %, 38150 MiB, 102.13 W, 102.13 W, 277.18 W, 277.23 W, 345 MHz
2026/10/08 04:10:56.163, 0 %, 38150 MiB, 102.11 W, 100.92 W, 277.38 W, 274.39 W, 345 MHz
2026/10/08 04:10:56.364, 0 %, 38150 MiB, 102.14 W, 100.85 W, 277.39 W, 275.18 W, 345 MHz
2026/10/08 04:10:56.564, 0 %, 38150 MiB, 102.20 W, 100.98 W, 277.41 W, 276.15 W, 345 MHz
2026/10/08 04:10:56.764, 0 %, 38150 MiB, 102.27 W, 102.73 W, 277.50 W, 278.10 W, 345 MHz
2026/10/08 04:10:56.964, 0 %, 38150 MiB, 102.27 W, 102.26 W, 277.54 W, 278.20 W, 345 MHz
2026/10/08 04:10:57.164, 0 %, 38150 MiB, 102.25 W, 101.93 W, 277.64 W, 277.77 W, 345 MHz
2026/10/08 04:10:57.364, 0 %, 38150 MiB, 102.34 W, 102.03 W, 277.92 W, 278.12 W, 345 MHz
2026/10/08 04:10:57.564, 0 %, 38150 MiB, 102.34 W, 101.91 W, 278.05 W, 277.04 W, 345 MHz
2026/10/08 04:10:57.764, 0 %, 38150 MiB, 102.38 W, 102.18 W, 278.08 W, 277.12 W, 345 MHz
2026/10/08 04:10:57.964, 0 %, 38150 MiB, 102.36 W, 102.61 W, 277.92 W, 279.27 W, 345 MHz
2026/10/08 04:10:58.165, 0 %, 38150 MiB, 102.25 W, 101.78 W, 277.61 W, 277.41 W, 345 MHz
