2026/10/07 02:52:30.815, 0 %, 21814 MiB, 95.96 W, 96.27 W, 171.55 W, 172.51 W, 345 MHz
2026/10/07 02:52:31.026, 0 %, 21814 MiB, 95.90 W, 96.12 W, 171.40 W, 171.42 W, 345 MHz
2026/10/07 02:52:31.226, 0 %, 21814 MiB, 95.99 W, 95.86 W, 171.51 W, 170.44 W, 345 MHz
2026/10/07 02:52:31.427, 0 %, 21814 MiB, 96.05 W, 95.31 W, 171.52 W, 170.45 W, 345 MHz
2026/10/07 02:52:31.627, 0 %, 21814 MiB, 96.05 W, 96.50 W, 171.46 W, 172.41 W, 345 MHz
2026/10/07 02:52:31.827, 0 %, 21814 MiB, 95.95 W, 95.31 W, 171.38 W, 170.56 W, 345 MHz
2026/10/07 02:52:32.027, 0 %, 21814 MiB, 95.94 W, 96.53 W, 171.47 W, 172.53 W, 345 MHz
2026/10/07 02:52:32.227, 0 %, 21814 MiB, 95.93 W, 95.20 W, 171.56 W, 170.45 W, 345 MHz
2026/10/07 02:52:32.427, 0 %, 21814 MiB, 95.88 W, 96.95 W, 171.53 W, 173.48 W, 345 MHz
2026/10/07 02:52:32.627, 0 %, 21814 MiB, 95.83 W, 95.23 W, 171.57 W, 170.44 W, 345 MHz
2026/10/07 02:52:32.827, 0 %, 21814 MiB, 95.84 W, 95.09 W, 171.54 W, 169.54 W, 345 MHz
2026/10/07 02:52:33.027, 0 %, 21814 MiB, 95.89 W, 95.73 W, 171.59 W, 171.42 W, 345 MHz
2026/10/07 02:52:33.227, 0 %, 21814 MiB, 95.79 W, 96.83 W, 171.37 W, 173.43 W, 345 MHz
2026/10/07 02:52:33.427, 0 %, 21814 MiB, 95.85 W, 95.96 W, 171.45 W, 171.49 W, 345 MHz
2026/10/07 02:52:33.628, 0 %, 21814 MiB, 95.95 W, 96.24 W, 171.52 W, 171.53 W, 345 MHz
2026/10/07 02:52:33.828, 0 %, 21814 MiB, 96.02 W, 96.52 W, 171.60 W, 172.44 W, 345 MHz
2026/10/07 02:52:34.028, 0 %, 21814 MiB, 95.98 W, 95.97 W, 171.50 W, 171.47 W, 345 MHz
2026/10/07 02:52:34.228, 0 %, 21814 MiB, 96.05 W, 95.71 W, 171.60 W, 171.37 W, 345 MHz
2026/10/07 02:52:34.428, 0 %, 21814 MiB, 95.99 W, 95.53 W, 171.56 W, 170.44 W, 345 MHz
2026/10/07 02:52:34.628, 0 %, 21814 MiB, 95.99 W, 96.57 W, 171.55 W, 172.51 W, 345 MHz
2026/10/07 02:52:34.828, 0 %, 21814 MiB, 95.98 W, 96.31 W, 171.54 W, 172.46 W, 345 MHz
2026/10/07 02:52:35.028, 0 %, 21813 MiB, 96.02 W, 95.74 W, 171.61 W, 170.60 W, 345 MHz
2026/10/07 02:52:35.228, 0 %, 21813 MiB, 96.16 W, 95.82 W, 171.83 W, 171.42 W, 345 MHz
2026/10/07 02:52:35.428, 0 %, 21813 MiB, 96.20 W, 96.76 W, 171.84 W, 172.39 W, 345 MHz
2026/10/07 02:52:35.628, 0 %, 21813 MiB, 96.15 W, 95.53 W, 171.78 W, 171.44 W, 345 MHz
2026/10/07 02:52:35.828, 0 %, 21813 MiB, 96.18 W, 96.72 W, 171.80 W, 172.44 W, 345 MHz
2026/10/07 02:52:36.029, 0 %, 21813 MiB, 96.19 W, 95.05 W, 171.76 W, 169.52 W, 345 MHz
2026/10/07 02:52:36.229, 0 %, 21813 MiB, 96.06 W, 96.12 W, 171.56 W, 171.42 W, 345 MHz
2026/10/07 02:52:36.429, 0 %, 21813 MiB, 95.99 W, 95.71 W, 171.38 W, 171.49 W, 345 MHz
2026/10/07 02:52:36.629, 0 %, 21813 MiB, 95.97 W, 95.69 W, 171.47 W, 172.46 W, 345 MHz
2026/10/07 02:52:36.829, 0 %, 21813 MiB, 95.90 W, 94.51 W, 171.49 W, 170.44 W, 345 MHz
2026/10/07 02:52:37.029, 0 %, 21813 MiB, 95.81 W, 96.30 W, 171.52 W, 172.40 W, 345 MHz
2026/10/07 02:52:37.229, 0 %, 21813 MiB, 95.79 W, 95.81 W, 171.53 W, 171.49 W, 345 MHz
2026/10/07 02:52:37.429, 0 %, 21813 MiB, 95.83 W, 95.39 W, 171.69 W, 170.49 W, 345 MHz
2026/10/07 02:52:37.629, 0 %, 21813 MiB, 95.86 W, 95.55 W, 171.63 W, 170.44 W, 345 MHz
2026/10/07 02:52:37.829, 0 %, 21813 MiB, 95.93 W, 96.58 W, 171.55 W, 172.46 W, 345 MHz
2026/10/07 02:52:38.029, 0 %, 21812 MiB, 95.95 W, 96.08 W, 171.44 W, 171.60 W, 345 MHz
2026/10/07 02:52:38.229, 0 %, 21812 MiB, 96.10 W, 96.63 W, 171.57 W, 172.44 W, 345 MHz
2026/10/07 02:52:38.430, 0 %, 21812 MiB, 96.13 W, 95.60 W, 171.51 W, 170.45 W, 345 MHz
2026/10/07 02:52:38.630, 0 %, 21812 MiB, 96.13 W, 96.93 W, 171.42 W, 173.48 W, 345 MHz
2026/10/07 02:52:38.830, 0 %, 21812 MiB, 96.16 W, 96.11 W, 171.47 W, 171.42 W, 345 MHz
2026/10/07 02:52:39.030, 0 %, 21812 MiB, 96.22 W, 95.81 W, 171.46 W, 170.40 W, 345 MHz
2026/10/07 02:52:39.230, 0 %, 21812 MiB, 96.23 W, 96.01 W, 171.43 W, 170.49 W, 345 MHz
2026/10/07 02:52:39.430, 0 %, 21812 MiB, 96.19 W, 96.89 W, 171.36 W, 172.40 W, 345 MHz
2026/10/07 02:52:39.630, 0 %, 21812 MiB, 96.22 W, 95.21 W, 171.40 W, 169.47 W, 345 MHz
2026/10/07 02:52:39.830, 0 %, 21812 MiB, 96.21 W, 96.45 W, 171.38 W, 171.53 W, 345 MHz
2026/10/07 02:52:40.030, 0 %, 21812 MiB, 96.22 W, 96.42 W, 171.40 W, 171.42 W, 345 MHz
2026/10/07 02:52:40.230, 0 %, 21812 MiB, 96.07 W, 96.02 W, 171.19 W, 171.53 W, 345 MHz
2026/10/07 02:52:40.430, 0 %, 21812 MiB, 96.09 W, 95.43 W, 171.19 W, 169.47 W, 345 MHz
2026/10/07 02:52:40.630, 0 %, 21812 MiB, 96.10 W, 95.67 W, 171.26 W, 170.49 W, 345 MHz
2026/10/07 02:52:40.831, 0 %, 21812 MiB, 96.13 W, 95.83 W, 171.36 W, 171.42 W, 345 MHz
2026/10/07 02:52:41.031, 0 %, 21812 MiB, 96.12 W, 97.09 W, 171.43 W, 174.39 W, 345 MHz
2026/10/07 02:52:41.231, 0 %, 21812 MiB, 96.19 W, 95.73 W, 171.53 W, 170.46 W, 345 MHz
2026/10/07 02:52:41.431, 0 %, 21812 MiB, 96.26 W, 95.92 W, 171.70 W, 171.53 W, 345 MHz
2026/10/07 02:52:41.631, 0 %, 21812 MiB, 96.22 W, 96.02 W, 171.67 W, 171.42 W, 345 MHz
2026/10/07 02:52:41.831, 0 %, 21812 MiB, 96.18 W, 97.22 W, 171.55 W, 173.37 W, 345 MHz
2026/10/07 02:52:42.031, 0 %, 21812 MiB, 96.12 W, 95.62 W, 171.48 W, 170.62 W, 345 MHz
2026/10/07 02:52:42.231, 0 %, 21812 MiB, 96.08 W, 95.89 W, 171.50 W, 171.42 W, 345 MHz
2026/10/07 02:52:42.431, 0 %, 21812 MiB, 96.08 W, 95.75 W, 171.49 W, 171.47 W, 345 MHz
2026/10/07 02:52:42.631, 0 %, 21812 MiB, 95.99 W, 96.75 W, 171.32 W, 172.44 W, 345 MHz
2026/10/07 02:52:42.831, 0 %, 21812 MiB, 96.04 W, 95.50 W, 171.47 W, 170.56 W, 345 MHz
2026/10/07 02:52:43.031, 0 %, 21812 MiB, 96.03 W, 95.05 W, 171.47 W, 169.63 W, 345 MHz
2026/10/07 02:52:43.232, 0 %, 21811 MiB, 96.06 W, 97.00 W, 171.49 W, 173.42 W, 345 MHz
2026/10/07 02:52:43.432, 0 %, 21811 MiB, 96.00 W, 95.71 W, 171.35 W, 170.45 W, 345 MHz
2026/10/07 02:52:43.632, 0 %, 21811 MiB, 96.07 W, 95.45 W, 171.48 W, 170.51 W, 345 MHz
2026/10/07 02:52:43.832, 0 %, 21811 MiB, 96.07 W, 96.32 W, 171.45 W, 171.42 W, 345 MHz
2026/10/07 02:52:44.032, 0 %, 21811 MiB, 96.12 W, 96.36 W, 171.47 W, 172.46 W, 345 MHz
2026/10/07 02:52:44.232, 0 %, 21811 MiB, 96.09 W, 96.23 W, 171.35 W, 171.42 W, 345 MHz
2026/10/07 02:52:44.432, 0 %, 21811 MiB, 96.10 W, 96.21 W, 171.36 W, 171.53 W, 345 MHz
2026/10/07 02:52:44.632, 0 %, 21811 MiB, 96.14 W, 95.63 W, 171.35 W, 170.45 W, 345 MHz
2026/10/07 02:52:44.832, 0 %, 21811 MiB, 96.16 W, 97.00 W, 171.32 W, 173.37 W, 345 MHz
2026/10/07 02:52:45.032, 0 %, 21811 MiB, 96.09 W, 96.14 W, 171.24 W, 171.49 W, 345 MHz
2026/10/07 02:52:45.232, 0 %, 21811 MiB, 96.11 W, 95.35 W, 171.32 W, 171.42 W, 345 MHz
2026/10/07 02:52:45.432, 0 %, 21811 MiB, 96.12 W, 95.56 W, 171.43 W, 170.60 W, 345 MHz
2026/10/07 02:52:45.633, 0 %, 21811 MiB, 96.00 W, 96.44 W, 171.32 W, 172.51 W, 345 MHz
2026/10/07 02:52:45.833, 0 %, 21811 MiB, 95.84 W, 96.05 W, 171.19 W, 171.42 W, 345 MHz
2026/10/07 02:52:46.033, 0 %, 21811 MiB, 95.89 W, 96.23 W, 171.31 W, 171.53 W, 345 MHz
2026/10/07 02:52:46.233, 0 %, 21811 MiB, 95.91 W, 96.48 W, 171.33 W, 172.46 W, 345 MHz
2026/10/07 02:52:46.433, 0 %, 21811 MiB, 95.87 W, 95.72 W, 171.19 W, 171.35 W, 345 MHz
2026/10/07 02:52:46.633, 0 %, 21811 MiB, 95.87 W, 95.91 W, 171.24 W, 171.49 W, 345 MHz
2026/10/07 02:52:46.833, 0 %, 21811 MiB, 95.90 W, 95.52 W, 171.36 W, 171.37 W, 345 MHz
2026/10/07 02:52:47.033, 0 %, 21811 MiB, 95.82 W, 95.94 W, 171.37 W, 171.71 W, 345 MHz
2026/10/07 02:52:47.233, 0 %, 21811 MiB, 95.63 W, 95.67 W, 171.14 W, 171.49 W, 345 MHz
2026/10/07 02:52:47.433, 0 %, 21811 MiB, 95.59 W, 95.35 W, 171.13 W, 170.44 W, 345 MHz
2026/10/07 02:52:47.633, 0 %, 21811 MiB, 95.65 W, 94.93 W, 171.28 W, 170.51 W, 345 MHz
2026/10/07 02:52:47.833, 0 %, 21811 MiB, 95.70 W, 96.03 W, 171.37 W, 171.42 W, 345 MHz
2026/10/07 02:52:48.034, 0 %, 21811 MiB, 95.77 W, 96.54 W, 171.32 W, 172.40 W, 345 MHz
2026/10/07 02:52:48.234, 0 %, 21811 MiB, 95.93 W, 95.82 W, 171.53 W, 171.49 W, 345 MHz
2026/10/07 02:52:48.434, 0 %, 21811 MiB, 96.10 W, 96.39 W, 172.18 W, 177.20 W, 345 MHz
2026/10/07 02:52:48.634, 0 %, 21811 MiB, 96.16 W, 95.80 W, 172.70 W, 174.51 W, 345 MHz
2026/10/07 02:52:48.834, 0 %, 21811 MiB, 96.12 W, 96.42 W, 172.98 W, 173.30 W, 345 MHz
2026/10/07 02:52:49.034, 0 %, 21811 MiB, 96.18 W, 96.20 W, 173.55 W, 173.42 W, 345 MHz
2026/10/07 02:52:49.234, 0 %, 21811 MiB, 96.12 W, 95.84 W, 173.74 W, 172.44 W, 345 MHz
2026/10/07 02:52:49.434, 0 %, 21810 MiB, 96.10 W, 96.82 W, 174.03 W, 176.29 W, 345 MHz
2026/10/07 02:52:49.634, 0 %, 21810 MiB, 96.11 W, 96.56 W, 174.23 W, 175.43 W, 345 MHz
2026/10/07 02:52:49.834, 0 %, 21810 MiB, 96.25 W, 96.24 W, 174.81 W, 176.29 W, 345 MHz
2026/10/07 02:52:50.034, 0 %, 21810 MiB, 96.39 W, 95.90 W, 175.35 W, 175.32 W, 345 MHz
2026/10/07 02:52:50.234, 0 %, 21810 MiB, 96.48 W, 95.56 W, 175.76 W, 173.53 W, 345 MHz
2026/10/07 02:52:50.434, 0 %, 21810 MiB, 96.31 W, 96.37 W, 175.27 W, 172.51 W, 345 MHz
2026/10/07 02:52:50.635, 0 %, 21810 MiB, 96.21 W, 94.92 W, 174.95 W, 173.30 W, 345 MHz
2026/10/07 02:52:50.835, 0 %, 21810 MiB, 96.10 W, 96.03 W, 174.47 W, 175.48 W, 345 MHz
2026/10/07 02:52:51.035, 0 %, 21810 MiB, 95.96 W, 97.09 W, 173.88 W, 173.43 W, 345 MHz
2026/10/07 02:52:51.235, 0 %, 21810 MiB, 95.84 W, 95.83 W, 173.34 W, 172.62 W, 345 MHz
2026/10/07 02:52:51.435, 0 %, 21810 MiB, 95.99 W, 95.76 W, 173.58 W, 172.44 W, 345 MHz
2026/10/07 02:52:51.635, 0 %, 21810 MiB, 96.11 W, 95.90 W, 173.72 W, 174.29 W, 345 MHz
2026/10/07 02:52:51.835, 0 %, 21810 MiB, 96.19 W, 96.71 W, 173.86 W, 176.34 W, 345 MHz
2026/10/07 02:52:52.035, 0 %, 21810 MiB, 96.12 W, 95.98 W, 173.77 W, 174.41 W, 345 MHz
2026/10/07 02:52:52.235, 0 %, 21810 MiB, 96.25 W, 96.40 W, 174.50 W, 174.46 W, 345 MHz
2026/10/07 02:52:52.435, 0 %, 21810 MiB, 96.28 W, 96.44 W, 174.24 W, 172.46 W, 345 MHz
2026/10/07 02:52:52.635, 0 %, 21810 MiB, 96.24 W, 96.52 W, 173.90 W, 172.44 W, 345 MHz
2026/10/07 02:52:52.835, 0 %, 21810 MiB, 96.12 W, 95.27 W, 173.30 W, 170.67 W, 345 MHz
2026/10/07 02:52:53.036, 0 %, 21810 MiB, 96.16 W, 95.23 W, 172.95 W, 170.44 W, 345 MHz
2026/10/07 02:52:53.236, 0 %, 21810 MiB, 96.04 W, 96.04 W, 172.14 W, 171.42 W, 345 MHz
2026/10/07 02:52:53.436, 0 %, 21810 MiB, 95.92 W, 95.98 W, 171.79 W, 173.48 W, 345 MHz
2026/10/07 02:52:53.636, 0 %, 21810 MiB, 95.91 W, 95.18 W, 171.66 W, 170.40 W, 345 MHz
2026/10/07 02:52:53.836, 0 %, 21810 MiB, 95.91 W, 95.64 W, 171.62 W, 170.62 W, 345 MHz
2026/10/07 02:52:54.036, 0 %, 21810 MiB, 95.92 W, 96.38 W, 171.61 W, 172.46 W, 345 MHz
2026/10/07 02:52:54.236, 0 %, 21810 MiB, 95.86 W, 96.35 W, 171.49 W, 172.53 W, 345 MHz
2026/10/07 02:52:54.436, 0 %, 21810 MiB, 95.92 W, 95.38 W, 171.69 W, 170.44 W, 345 MHz
2026/10/07 02:52:54.636, 0 %, 21810 MiB, 95.90 W, 95.82 W, 171.66 W, 171.46 W, 345 MHz
2026/10/07 02:52:54.836, 0 %, 21810 MiB, 95.96 W, 96.51 W, 171.70 W, 172.44 W, 345 MHz
2026/10/07 02:52:55.036, 0 %, 21810 MiB, 95.95 W, 96.40 W, 171.61 W, 172.46 W, 345 MHz
2026/10/07 02:52:55.236, 0 %, 21810 MiB, 96.00 W, 96.06 W, 171.62 W, 171.42 W, 345 MHz
2026/10/07 02:52:55.437, 0 %, 21810 MiB, 95.96 W, 95.83 W, 171.47 W, 171.48 W, 345 MHz
2026/10/07 02:52:55.637, 0 %, 21810 MiB, 95.96 W, 95.98 W, 171.37 W, 171.35 W, 345 MHz
2026/10/07 02:52:55.837, 0 %, 21810 MiB, 95.97 W, 96.92 W, 171.36 W, 172.35 W, 345 MHz
2026/10/07 02:52:56.037, 0 %, 21810 MiB, 96.07 W, 96.27 W, 171.44 W, 171.42 W, 345 MHz
2026/10/07 02:52:56.237, 0 %, 21810 MiB, 96.13 W, 95.34 W, 171.55 W, 170.45 W, 345 MHz
2026/10/07 02:52:56.437, 0 %, 21809 MiB, 96.12 W, 96.81 W, 171.46 W, 172.44 W, 345 MHz
2026/10/07 02:52:56.637, 0 %, 21809 MiB, 96.08 W, 95.39 W, 171.37 W, 170.45 W, 345 MHz
2026/10/07 02:52:56.837, 0 %, 21809 MiB, 96.09 W, 95.88 W, 171.37 W, 171.47 W, 345 MHz
2026/10/07 02:52:57.037, 0 %, 21809 MiB, 96.08 W, 96.03 W, 171.40 W, 170.56 W, 345 MHz
2026/10/07 02:52:57.237, 0 %, 21809 MiB, 96.07 W, 96.38 W, 171.37 W, 172.40 W, 345 MHz
2026/10/07 02:52:57.437, 0 %, 21809 MiB, 96.06 W, 95.52 W, 171.35 W, 170.40 W, 345 MHz
2026/10/07 02:52:57.637, 0 %, 21809 MiB, 96.09 W, 95.60 W, 171.45 W, 170.43 W, 345 MHz
2026/10/07 02:52:57.838, 0 %, 21809 MiB, 96.03 W, 95.12 W, 171.45 W, 170.62 W, 345 MHz
2026/10/07 02:52:58.038, 0 %, 21809 MiB, 95.94 W, 96.54 W, 171.33 W, 171.42 W, 345 MHz
2026/10/07 02:52:58.238, 0 %, 21809 MiB, 95.97 W, 96.04 W, 171.35 W, 171.55 W, 345 MHz
2026/10/07 02:52:58.438, 0 %, 21809 MiB, 96.01 W, 95.62 W, 171.42 W, 170.45 W, 345 MHz
2026/10/07 02:52:58.638, 0 %, 21809 MiB, 96.10 W, 95.38 W, 171.52 W, 170.56 W, 345 MHz
2026/10/07 02:52:58.838, 0 %, 21809 MiB, 96.09 W, 96.97 W, 171.45 W, 173.55 W, 345 MHz
2026/10/07 02:52:59.038, 0 %, 21809 MiB, 96.01 W, 95.27 W, 171.32 W, 170.44 W, 345 MHz
2026/10/07 02:52:59.238, 0 %, 21809 MiB, 95.98 W, 95.33 W, 171.44 W, 170.32 W, 345 MHz
2026/10/07 02:52:59.438, 0 %, 21809 MiB, 95.91 W, 95.21 W, 171.41 W, 170.45 W, 345 MHz
2026/10/07 02:52:59.638, 0 %, 21809 MiB, 95.77 W, 96.31 W, 171.29 W, 171.53 W, 345 MHz
2026/10/07 02:52:59.838, 0 %, 21809 MiB, 95.80 W, 95.04 W, 171.35 W, 169.52 W, 345 MHz
2026/10/07 02:53:00.039, 0 %, 21809 MiB, 95.89 W, 95.04 W, 171.46 W, 169.52 W, 345 MHz
2026/10/07 02:53:00.239, 0 %, 21809 MiB, 95.74 W, 95.19 W, 171.24 W, 170.56 W, 345 MHz
2026/10/07 02:53:00.439, 0 %, 21809 MiB, 95.66 W, 96.22 W, 171.22 W, 173.55 W, 345 MHz
2026/10/07 02:53:00.639, 0 %, 21809 MiB, 95.70 W, 94.93 W, 171.33 W, 170.40 W, 345 MHz
2026/10/07 02:53:00.839, 0 %, 21809 MiB, 95.59 W, 95.03 W, 171.25 W, 170.56 W, 345 MHz
2026/10/07 02:53:01.086, 0 %, 21812 MiB, 95.77 W, 95.59 W, 171.46 W, 170.45 W, 345 MHz
2026/10/07 02:53:01.287, 0 %, 21853 MiB, 95.99 W, 96.90 W, 171.67 W, 172.51 W, 345 MHz
2026/10/07 02:53:01.488, 0 %, 22369 MiB, 106.61 W, 149.21 W, 181.88 W, 222.90 W, 1980 MHz
2026/10/07 02:53:01.688, 13 %, 22369 MiB, 153.84 W, 366.27 W, 228.57 W, 438.67 W, 1980 MHz
2026/10/07 02:53:01.888, 100 %, 22369 MiB, 207.02 W, 366.41 W, 281.35 W, 439.79 W, 1980 MHz
2026/10/07 02:53:02.089, 100 %, 22369 MiB, 260.06 W, 367.34 W, 334.06 W, 442.41 W, 1980 MHz
2026/10/07 02:53:02.289, 100 %, 22369 MiB, 312.99 W, 365.77 W, 386.73 W, 440.47 W, 1980 MHz
2026/10/07 02:53:02.489, 100 %, 22369 MiB, 360.74 W, 367.47 W, 434.70 W, 442.55 W, 1980 MHz
2026/10/07 02:53:02.689, 100 %, 22369 MiB, 366.88 W, 366.54 W, 441.20 W, 441.60 W, 1980 MHz
2026/10/07 02:53:02.889, 100 %, 22369 MiB, 367.01 W, 367.27 W, 441.75 W, 442.84 W, 1980 MHz
2026/10/07 02:53:03.089, 100 %, 22369 MiB, 367.25 W, 369.55 W, 442.17 W, 445.61 W, 1980 MHz
2026/10/07 02:53:03.289, 100 %, 22369 MiB, 367.54 W, 367.30 W, 442.67 W, 443.54 W, 1980 MHz
2026/10/07 02:53:03.489, 100 %, 22369 MiB, 367.70 W, 368.27 W, 443.02 W, 443.67 W, 1980 MHz
2026/10/07 02:53:03.689, 100 %, 22369 MiB, 367.89 W, 368.86 W, 443.27 W, 444.35 W, 1980 MHz
2026/10/07 02:53:03.889, 100 %, 22369 MiB, 368.33 W, 374.57 W, 443.45 W, 449.50 W, 1980 MHz
2026/10/07 02:53:04.089, 100 %, 22369 MiB, 369.72 W, 374.16 W, 444.71 W, 448.23 W, 1980 MHz
2026/10/07 02:53:04.289, 100 %, 22369 MiB, 371.17 W, 374.24 W, 445.99 W, 448.37 W, 1980 MHz
2026/10/07 02:53:04.489, 100 %, 22369 MiB, 372.64 W, 375.63 W, 447.09 W, 450.31 W, 1980 MHz
2026/10/07 02:53:04.690, 100 %, 22369 MiB, 373.95 W, 376.44 W, 448.34 W, 452.25 W, 1980 MHz
2026/10/07 02:53:04.890, 100 %, 22369 MiB, 374.70 W, 374.29 W, 449.19 W, 449.34 W, 1980 MHz
2026/10/07 02:53:05.090, 100 %, 22369 MiB, 374.91 W, 375.25 W, 449.47 W, 448.90 W, 1980 MHz
2026/10/07 02:53:05.290, 100 %, 22369 MiB, 374.98 W, 376.48 W, 449.54 W, 451.28 W, 1980 MHz
2026/10/07 02:53:05.490, 100 %, 22369 MiB, 375.20 W, 376.82 W, 449.76 W, 451.30 W, 1980 MHz
2026/10/07 02:53:05.690, 100 %, 22369 MiB, 375.43 W, 375.85 W, 449.82 W, 450.17 W, 1980 MHz
2026/10/07 02:53:05.890, 100 %, 22368 MiB, 376.02 W, 375.06 W, 450.38 W, 449.34 W, 1980 MHz
2026/10/07 02:53:06.090, 100 %, 22368 MiB, 376.05 W, 376.95 W, 450.39 W, 452.25 W, 1980 MHz
2026/10/07 02:53:06.290, 100 %, 22368 MiB, 376.21 W, 376.98 W, 450.57 W, 451.30 W, 1980 MHz
2026/10/07 02:53:06.490, 100 %, 22368 MiB, 376.33 W, 375.78 W, 450.78 W, 450.47 W, 1980 MHz
2026/10/07 02:53:06.690, 100 %, 22368 MiB, 376.31 W, 375.01 W, 451.05 W, 448.90 W, 1980 MHz
2026/10/07 02:53:06.890, 100 %, 22368 MiB, 376.17 W, 376.78 W, 450.87 W, 452.11 W, 1980 MHz
2026/10/07 02:53:07.091, 100 %, 22368 MiB, 376.32 W, 377.19 W, 451.03 W, 451.95 W, 1980 MHz
2026/10/07 02:53:07.291, 100 %, 22368 MiB, 376.32 W, 376.71 W, 451.01 W, 450.17 W, 1980 MHz
2026/10/07 02:53:07.491, 100 %, 22368 MiB, 376.43 W, 377.37 W, 451.17 W, 452.27 W, 1980 MHz
2026/10/07 02:53:07.691, 100 %, 22368 MiB, 376.55 W, 376.05 W, 451.17 W, 450.31 W, 1980 MHz
2026/10/07 02:53:07.891, 100 %, 22368 MiB, 376.75 W, 376.19 W, 451.32 W, 450.31 W, 1980 MHz
2026/10/07 02:53:08.091, 100 %, 22368 MiB, 376.84 W, 377.06 W, 451.38 W, 450.98 W, 1980 MHz
2026/10/07 02:53:08.291, 100 %, 22368 MiB, 377.00 W, 378.24 W, 451.58 W, 453.08 W, 1980 MHz
2026/10/07 02:53:08.491, 100 %, 22368 MiB, 376.94 W, 378.21 W, 451.51 W, 453.54 W, 1980 MHz
2026/10/07 02:53:08.691, 100 %, 22368 MiB, 377.00 W, 376.95 W, 451.56 W, 452.11 W, 1980 MHz
2026/10/07 02:53:08.891, 100 %, 22368 MiB, 377.10 W, 376.61 W, 451.67 W, 449.34 W, 1980 MHz
2026/10/07 02:53:09.091, 100 %, 22368 MiB, 377.16 W, 378.82 W, 451.82 W, 454.35 W, 1980 MHz
2026/10/07 02:53:09.291, 100 %, 22368 MiB, 377.02 W, 377.55 W, 451.70 W, 451.44 W, 1980 MHz
2026/10/07 02:53:09.491, 100 %, 22368 MiB, 377.21 W, 377.16 W, 451.88 W, 451.44 W, 1980 MHz
2026/10/07 02:53:09.692, 100 %, 22368 MiB, 377.33 W, 376.47 W, 452.03 W, 451.81 W, 1980 MHz
2026/10/07 02:53:09.892, 100 %, 22368 MiB, 377.24 W, 378.07 W, 452.00 W, 454.05 W, 1980 MHz
2026/10/07 02:53:10.092, 100 %, 22368 MiB, 377.25 W, 377.44 W, 452.09 W, 453.24 W, 1980 MHz
2026/10/07 02:53:10.292, 100 %, 22368 MiB, 377.42 W, 377.21 W, 452.25 W, 450.47 W, 1980 MHz
2026/10/07 02:53:10.492, 100 %, 22368 MiB, 377.40 W, 376.87 W, 452.16 W, 450.90 W, 1980 MHz
2026/10/07 02:53:10.692, 100 %, 22368 MiB, 377.29 W, 377.64 W, 451.97 W, 453.08 W, 1980 MHz
2026/10/07 02:53:10.892, 100 %, 22368 MiB, 377.44 W, 376.67 W, 452.05 W, 450.31 W, 1980 MHz
2026/10/07 02:53:11.092, 100 %, 22368 MiB, 377.56 W, 377.31 W, 452.10 W, 452.11 W, 1980 MHz
2026/10/07 02:53:11.292, 100 %, 22368 MiB, 377.54 W, 377.57 W, 452.08 W, 452.25 W, 1980 MHz
2026/10/07 02:53:11.492, 100 %, 22368 MiB, 377.52 W, 378.02 W, 452.16 W, 453.38 W, 1980 MHz
2026/10/07 02:53:11.692, 100 %, 22368 MiB, 377.57 W, 378.50 W, 452.20 W, 453.08 W, 1980 MHz
2026/10/07 02:53:11.892, 100 %, 22368 MiB, 377.64 W, 377.09 W, 452.42 W, 451.14 W, 1980 MHz
2026/10/07 02:53:12.093, 100 %, 22368 MiB, 377.71 W, 378.50 W, 452.94 W, 457.93 W, 1980 MHz
2026/10/07 02:53:12.293, 100 %, 22368 MiB, 377.83 W, 378.61 W, 453.62 W, 456.29 W, 1980 MHz
2026/10/07 02:53:12.493, 100 %, 22368 MiB, 378.00 W, 378.33 W, 454.28 W, 454.35 W, 1980 MHz
2026/10/07 02:53:12.693, 100 %, 22368 MiB, 378.18 W, 377.85 W, 455.05 W, 455.83 W, 1980 MHz
2026/10/07 02:53:12.893, 100 %, 22368 MiB, 378.23 W, 378.52 W, 455.64 W, 457.93 W, 1980 MHz
2026/10/07 02:53:13.093, 100 %, 22368 MiB, 378.28 W, 377.08 W, 455.73 W, 452.11 W, 1980 MHz
2026/10/07 02:53:13.293, 100 %, 22368 MiB, 378.39 W, 378.17 W, 456.04 W, 458.24 W, 1980 MHz
2026/10/07 02:53:13.493, 100 %, 22368 MiB, 378.45 W, 378.61 W, 456.07 W, 457.04 W, 1980 MHz
2026/10/07 02:53:13.705, 100 %, 22368 MiB, 378.60 W, 379.92 W, 456.33 W, 458.90 W, 1980 MHz
2026/10/07 02:53:13.905, 100 %, 22368 MiB, 378.66 W, 379.76 W, 456.55 W, 459.87 W, 1980 MHz
2026/10/07 02:53:14.105, 100 %, 22368 MiB, 378.90 W, 379.18 W, 457.25 W, 456.80 W, 1980 MHz
2026/10/07 02:53:14.305, 100 %, 22368 MiB, 378.94 W, 377.60 W, 457.23 W, 457.93 W, 1980 MHz
2026/10/07 02:53:14.505, 100 %, 22368 MiB, 379.04 W, 380.05 W, 457.76 W, 460.48 W, 1980 MHz
2026/10/07 02:53:14.706, 100 %, 22368 MiB, 378.93 W, 380.22 W, 457.75 W, 458.90 W, 1980 MHz
2026/10/07 02:53:14.906, 100 %, 22368 MiB, 379.10 W, 379.11 W, 457.93 W, 459.05 W, 1980 MHz
2026/10/07 02:53:15.106, 100 %, 22368 MiB, 379.08 W, 379.44 W, 458.08 W, 458.08 W, 1980 MHz
2026/10/07 02:53:15.306, 100 %, 22368 MiB, 379.21 W, 379.10 W, 458.44 W, 457.11 W, 1980 MHz
2026/10/07 02:53:15.506, 100 %, 22368 MiB, 379.11 W, 378.85 W, 457.76 W, 455.46 W, 1980 MHz
2026/10/07 02:53:15.706, 100 %, 22368 MiB, 379.26 W, 379.19 W, 457.45 W, 455.02 W, 1980 MHz
2026/10/07 02:53:15.906, 100 %, 22368 MiB, 379.27 W, 379.16 W, 457.04 W, 455.99 W, 1980 MHz
2026/10/07 02:53:16.106, 100 %, 22368 MiB, 379.24 W, 379.32 W, 456.09 W, 455.18 W, 1980 MHz
2026/10/07 02:53:16.306, 100 %, 22368 MiB, 379.10 W, 378.53 W, 455.56 W, 454.35 W, 1980 MHz
2026/10/07 02:53:16.506, 100 %, 22368 MiB, 379.21 W, 378.37 W, 455.73 W, 454.95 W, 1980 MHz
2026/10/07 02:53:16.706, 100 %, 22368 MiB, 379.15 W, 378.73 W, 455.87 W, 455.99 W, 1980 MHz
2026/10/07 02:53:16.906, 100 %, 22368 MiB, 379.00 W, 379.54 W, 455.74 W, 455.83 W, 1980 MHz
2026/10/07 02:53:17.106, 100 %, 22368 MiB, 378.98 W, 379.22 W, 455.61 W, 455.99 W, 1980 MHz
2026/10/07 02:53:17.307, 100 %, 22368 MiB, 379.00 W, 379.13 W, 455.54 W, 455.16 W, 1980 MHz
2026/10/07 02:53:17.507, 100 %, 22368 MiB, 379.02 W, 378.74 W, 455.54 W, 455.76 W, 1980 MHz
2026/10/07 02:53:17.707, 100 %, 22368 MiB, 378.99 W, 379.52 W, 455.20 W, 455.83 W, 1980 MHz
2026/10/07 02:53:17.907, 100 %, 22368 MiB, 379.03 W, 379.38 W, 455.16 W, 456.01 W, 1980 MHz
2026/10/07 02:53:18.107, 100 %, 22368 MiB, 379.18 W, 380.02 W, 455.54 W, 456.13 W, 1980 MHz
2026/10/07 02:53:18.307, 100 %, 22368 MiB, 379.27 W, 378.26 W, 455.76 W, 454.19 W, 1980 MHz
2026/10/07 02:53:18.507, 100 %, 22368 MiB, 379.33 W, 379.44 W, 455.84 W, 455.62 W, 1980 MHz
2026/10/07 02:53:18.707, 100 %, 22368 MiB, 379.42 W, 378.88 W, 456.12 W, 455.02 W, 1980 MHz
2026/10/07 02:53:18.907, 100 %, 22368 MiB, 379.43 W, 378.84 W, 456.08 W, 454.05 W, 1980 MHz
2026/10/07 02:53:19.107, 100 %, 22368 MiB, 379.36 W, 379.83 W, 455.91 W, 455.99 W, 1980 MHz
2026/10/07 02:53:19.307, 100 %, 22368 MiB, 379.33 W, 380.28 W, 455.71 W, 455.99 W, 1980 MHz
2026/10/07 02:53:19.507, 100 %, 22368 MiB, 379.45 W, 380.01 W, 455.89 W, 457.55 W, 1980 MHz
2026/10/07 02:53:19.707, 100 %, 22368 MiB, 379.67 W, 379.69 W, 456.04 W, 455.99 W, 1980 MHz
2026/10/07 02:53:19.908, 100 %, 22367 MiB, 379.85 W, 380.31 W, 456.49 W, 457.77 W, 1980 MHz
2026/10/07 02:53:20.120, 100 %, 22367 MiB, 379.97 W, 381.12 W, 456.57 W, 457.93 W, 1980 MHz
2026/10/07 02:53:20.324, 100 %, 22367 MiB, 380.13 W, 380.18 W, 456.80 W, 455.83 W, 1980 MHz
2026/10/07 02:53:20.524, 100 %, 22367 MiB, 380.22 W, 379.85 W, 456.73 W, 455.46 W, 1980 MHz
2026/10/07 02:53:20.725, 100 %, 22367 MiB, 380.04 W, 379.19 W, 456.29 W, 455.02 W, 1980 MHz
2026/10/07 02:53:20.925, 100 %, 22367 MiB, 380.06 W, 379.93 W, 456.02 W, 455.99 W, 1980 MHz
2026/10/07 02:53:21.125, 100 %, 22367 MiB, 380.04 W, 379.84 W, 455.95 W, 456.13 W, 1980 MHz
2026/10/07 02:53:21.325, 100 %, 22367 MiB, 380.04 W, 379.80 W, 455.74 W, 454.05 W, 1980 MHz
2026/10/07 02:53:21.525, 100 %, 22367 MiB, 379.91 W, 379.99 W, 455.62 W, 455.46 W, 1980 MHz
2026/10/07 02:53:21.725, 100 %, 22367 MiB, 379.92 W, 379.89 W, 455.81 W, 455.99 W, 1980 MHz
2026/10/07 02:53:21.925, 100 %, 22367 MiB, 379.88 W, 379.64 W, 455.93 W, 456.13 W, 1980 MHz
2026/10/07 02:53:22.125, 100 %, 22367 MiB, 379.85 W, 378.52 W, 455.93 W, 454.05 W, 1980 MHz
2026/10/07 02:53:22.325, 100 %, 22367 MiB, 379.73 W, 380.30 W, 456.01 W, 457.77 W, 1980 MHz
2026/10/07 02:53:22.525, 100 %, 22367 MiB, 379.76 W, 381.43 W, 456.28 W, 459.37 W, 1980 MHz
2026/10/07 02:53:22.725, 100 %, 22367 MiB, 379.90 W, 380.15 W, 456.73 W, 456.80 W, 1980 MHz
2026/10/07 02:53:22.925, 100 %, 22367 MiB, 380.06 W, 380.63 W, 457.07 W, 459.05 W, 1980 MHz
2026/10/07 02:53:23.125, 100 %, 22367 MiB, 380.08 W, 381.43 W, 457.17 W, 458.08 W, 1980 MHz
2026/10/07 02:53:23.326, 100 %, 22367 MiB, 380.14 W, 379.94 W, 456.95 W, 455.02 W, 1980 MHz
2026/10/07 02:53:23.526, 100 %, 22367 MiB, 380.28 W, 379.75 W, 456.82 W, 454.65 W, 1980 MHz
2026/10/07 02:53:23.726, 100 %, 22367 MiB, 380.10 W, 376.33 W, 456.11 W, 450.17 W, 1980 MHz
2026/10/07 02:53:23.926, 100 %, 22367 MiB, 379.72 W, 380.18 W, 455.49 W, 456.96 W, 1980 MHz
2026/10/07 02:53:24.126, 100 %, 22367 MiB, 379.79 W, 380.48 W, 455.30 W, 457.40 W, 1980 MHz
2026/10/07 02:53:24.326, 100 %, 22367 MiB, 379.87 W, 380.16 W, 455.59 W, 455.69 W, 1980 MHz
2026/10/07 02:53:24.526, 100 %, 22367 MiB, 379.84 W, 380.26 W, 455.86 W, 457.40 W, 1980 MHz
2026/10/07 02:53:24.726, 100 %, 22367 MiB, 379.87 W, 380.60 W, 455.92 W, 456.96 W, 1980 MHz
2026/10/07 02:53:24.926, 100 %, 22367 MiB, 380.19 W, 380.44 W, 456.26 W, 455.99 W, 1980 MHz
2026/10/07 02:53:25.126, 100 %, 22367 MiB, 380.24 W, 380.63 W, 456.32 W, 456.29 W, 1980 MHz
2026/10/07 02:53:25.326, 100 %, 22367 MiB, 380.26 W, 380.38 W, 456.39 W, 456.96 W, 1980 MHz
2026/10/07 02:53:25.526, 100 %, 22367 MiB, 380.23 W, 381.06 W, 456.24 W, 458.24 W, 1980 MHz
2026/10/07 02:53:25.726, 100 %, 22367 MiB, 380.42 W, 380.80 W, 456.70 W, 456.66 W, 1980 MHz
2026/10/07 02:53:25.927, 100 %, 22367 MiB, 380.76 W, 380.58 W, 457.40 W, 457.77 W, 1980 MHz
2026/10/07 02:53:26.127, 100 %, 22367 MiB, 380.84 W, 381.06 W, 457.66 W, 458.08 W, 1980 MHz
2026/10/07 02:53:26.327, 100 %, 22367 MiB, 380.76 W, 380.32 W, 457.60 W, 457.10 W, 1980 MHz
2026/10/07 02:53:26.527, 100 %, 22367 MiB, 380.82 W, 380.00 W, 457.77 W, 455.99 W, 1980 MHz
2026/10/07 02:53:26.727, 100 %, 22367 MiB, 380.83 W, 379.94 W, 457.69 W, 456.96 W, 1980 MHz
2026/10/07 02:53:26.927, 100 %, 22367 MiB, 380.61 W, 380.90 W, 457.29 W, 458.08 W, 1980 MHz
2026/10/07 02:53:27.127, 100 %, 22367 MiB, 380.54 W, 380.46 W, 457.14 W, 457.26 W, 1980 MHz
2026/10/07 02:53:27.327, 100 %, 22367 MiB, 380.65 W, 380.26 W, 457.20 W, 458.74 W, 1980 MHz
2026/10/07 02:53:27.527, 100 %, 22367 MiB, 380.61 W, 380.02 W, 457.35 W, 457.10 W, 1980 MHz
2026/10/07 02:53:27.727, 100 %, 22367 MiB, 380.52 W, 380.46 W, 457.25 W, 457.93 W, 1980 MHz
2026/10/07 02:53:27.927, 100 %, 22367 MiB, 380.51 W, 380.41 W, 457.16 W, 456.13 W, 1980 MHz
2026/10/07 02:53:28.127, 100 %, 22367 MiB, 380.53 W, 380.52 W, 457.22 W, 457.10 W, 1980 MHz
2026/10/07 02:53:28.328, 100 %, 22367 MiB, 380.54 W, 380.85 W, 457.32 W, 456.96 W, 1980 MHz
2026/10/07 02:53:28.528, 100 %, 22367 MiB, 380.61 W, 382.16 W, 457.10 W, 459.88 W, 1980 MHz
2026/10/07 02:53:28.728, 100 %, 22367 MiB, 380.73 W, 381.15 W, 457.13 W, 458.60 W, 1980 MHz
2026/10/07 02:53:28.928, 100 %, 22367 MiB, 380.80 W, 380.66 W, 457.24 W, 456.96 W, 1980 MHz
2026/10/07 02:53:29.128, 100 %, 22367 MiB, 380.80 W, 380.05 W, 457.33 W, 455.99 W, 1980 MHz
2026/10/07 02:53:29.328, 100 %, 22367 MiB, 380.82 W, 383.08 W, 457.37 W, 462.62 W, 1980 MHz
2026/10/07 02:53:29.528, 100 %, 22367 MiB, 380.85 W, 380.57 W, 457.65 W, 456.96 W, 1980 MHz
2026/10/07 02:53:29.728, 100 %, 22367 MiB, 380.78 W, 379.81 W, 457.58 W, 456.13 W, 1980 MHz
2026/10/07 02:53:29.928, 100 %, 22367 MiB, 380.80 W, 381.17 W, 457.53 W, 457.11 W, 1980 MHz
2026/10/07 02:53:30.128, 100 %, 22367 MiB, 380.81 W, 382.07 W, 457.35 W, 459.21 W, 1980 MHz
2026/10/07 02:53:30.328, 100 %, 22367 MiB, 380.91 W, 380.69 W, 457.32 W, 455.99 W, 1980 MHz
2026/10/07 02:53:30.528, 100 %, 22367 MiB, 380.99 W, 381.11 W, 457.06 W, 456.96 W, 1980 MHz
2026/10/07 02:53:30.728, 100 %, 22367 MiB, 381.30 W, 381.90 W, 457.30 W, 456.96 W, 1980 MHz
2026/10/07 02:53:30.929, 100 %, 22367 MiB, 381.48 W, 382.52 W, 457.44 W, 459.21 W, 1980 MHz
2026/10/07 02:53:31.129, 100 %, 22367 MiB, 381.75 W, 382.10 W, 457.80 W, 458.90 W, 1980 MHz
2026/10/07 02:53:31.329, 100 %, 22367 MiB, 381.83 W, 380.89 W, 458.21 W, 457.93 W, 1980 MHz
2026/10/07 02:53:31.529, 100 %, 22367 MiB, 381.96 W, 382.67 W, 458.73 W, 461.82 W, 1980 MHz
2026/10/07 02:53:31.729, 100 %, 22367 MiB, 381.92 W, 382.04 W, 458.90 W, 459.57 W, 1980 MHz
2026/10/07 02:53:31.929, 100 %, 22367 MiB, 381.97 W, 382.64 W, 459.05 W, 460.99 W, 1980 MHz
2026/10/07 02:53:32.129, 100 %, 22367 MiB, 381.94 W, 381.39 W, 459.24 W, 457.93 W, 1980 MHz
2026/10/07 02:53:32.329, 100 %, 22367 MiB, 382.02 W, 381.74 W, 459.12 W, 458.74 W, 1980 MHz
2026/10/07 02:53:32.529, 100 %, 22367 MiB, 381.91 W, 380.42 W, 458.76 W, 456.96 W, 1980 MHz
2026/10/07 02:53:32.729, 100 %, 22367 MiB, 381.77 W, 379.96 W, 458.56 W, 456.80 W, 1980 MHz
2026/10/07 02:53:32.929, 100 %, 22367 MiB, 381.69 W, 381.52 W, 458.62 W, 457.26 W, 1980 MHz
2026/10/07 02:53:33.129, 100 %, 22367 MiB, 381.66 W, 382.86 W, 458.43 W, 459.88 W, 1980 MHz
2026/10/07 02:53:33.329, 100 %, 22367 MiB, 381.56 W, 381.53 W, 458.33 W, 459.73 W, 1980 MHz
2026/10/07 02:53:33.530, 100 %, 22367 MiB, 381.68 W, 381.68 W, 458.42 W, 456.96 W, 1980 MHz
2026/10/07 02:53:33.730, 100 %, 22367 MiB, 381.77 W, 381.83 W, 458.26 W, 456.80 W, 1980 MHz
2026/10/07 02:53:33.930, 100 %, 22367 MiB, 381.83 W, 382.67 W, 458.09 W, 460.18 W, 1980 MHz
2026/10/07 02:53:34.130, 100 %, 22367 MiB, 381.79 W, 381.83 W, 457.96 W, 458.23 W, 1980 MHz
2026/10/07 02:53:34.330, 100 %, 22367 MiB, 381.96 W, 381.60 W, 458.22 W, 457.93 W, 1980 MHz
2026/10/07 02:53:34.530, 100 %, 22369 MiB, 382.06 W, 382.73 W, 458.21 W, 459.05 W, 1980 MHz
2026/10/07 02:53:34.730, 100 %, 22387 MiB, 382.25 W, 384.64 W, 458.87 W, 465.39 W, 1980 MHz
2026/10/07 02:53:34.930, 100 %, 22387 MiB, 382.30 W, 381.76 W, 459.06 W, 457.26 W, 1980 MHz
2026/10/07 02:53:35.130, 100 %, 22387 MiB, 382.29 W, 382.25 W, 458.92 W, 457.93 W, 1980 MHz
2026/10/07 02:53:35.330, 100 %, 22387 MiB, 382.28 W, 382.60 W, 458.48 W, 456.96 W, 1980 MHz
2026/10/07 02:53:35.530, 100 %, 22387 MiB, 382.10 W, 383.20 W, 458.01 W, 459.87 W, 1980 MHz
2026/10/07 02:53:35.730, 100 %, 22387 MiB, 381.91 W, 381.03 W, 457.23 W, 460.99 W, 1980 MHz
2026/10/07 02:53:35.930, 100 %, 22387 MiB, 381.98 W, 381.57 W, 457.70 W, 459.21 W, 1980 MHz
2026/10/07 02:53:36.131, 100 %, 22387 MiB, 382.11 W, 383.45 W, 458.17 W, 461.96 W, 1980 MHz
2026/10/07 02:53:36.331, 100 %, 22387 MiB, 382.21 W, 382.45 W, 458.83 W, 460.68 W, 1980 MHz
2026/10/07 02:53:36.531, 100 %, 22387 MiB, 382.30 W, 381.52 W, 459.46 W, 457.77 W, 1980 MHz
2026/10/07 02:53:36.731, 100 %, 22387 MiB, 382.43 W, 381.59 W, 460.07 W, 459.86 W, 1980 MHz
2026/10/07 02:53:36.931, 100 %, 22387 MiB, 382.49 W, 383.22 W, 460.14 W, 461.15 W, 1980 MHz
2026/10/07 02:53:37.131, 100 %, 22387 MiB, 382.52 W, 382.06 W, 460.19 W, 460.18 W, 1980 MHz
2026/10/07 02:53:37.331, 100 %, 22387 MiB, 382.41 W, 382.11 W, 460.05 W, 459.87 W, 1980 MHz
2026/10/07 02:53:37.531, 100 %, 22387 MiB, 382.46 W, 382.16 W, 460.28 W, 461.82 W, 1980 MHz
2026/10/07 02:53:37.731, 100 %, 22387 MiB, 382.59 W, 384.42 W, 461.00 W, 462.62 W, 1980 MHz
2026/10/07 02:53:37.931, 100 %, 22387 MiB, 382.53 W, 382.75 W, 460.49 W, 459.05 W, 1980 MHz
2026/10/07 02:53:38.132, 100 %, 22387 MiB, 382.50 W, 381.85 W, 460.45 W, 459.05 W, 1980 MHz
2026/10/07 02:53:38.332, 100 %, 22387 MiB, 382.63 W, 381.65 W, 460.49 W, 458.74 W, 1980 MHz
2026/10/07 02:53:38.532, 100 %, 22387 MiB, 382.64 W, 383.52 W, 460.33 W, 459.88 W, 1980 MHz
2026/10/07 02:53:38.732, 100 %, 22387 MiB, 382.51 W, 382.96 W, 459.39 W, 460.84 W, 1980 MHz
2026/10/07 02:53:38.932, 100 %, 22387 MiB, 382.57 W, 381.73 W, 459.23 W, 456.13 W, 1980 MHz
2026/10/07 02:53:39.132, 100 %, 22387 MiB, 382.53 W, 382.14 W, 458.77 W, 457.10 W, 1980 MHz
2026/10/07 02:53:39.332, 100 %, 22387 MiB, 382.39 W, 383.40 W, 458.19 W, 458.90 W, 1980 MHz
2026/10/07 02:53:39.532, 100 %, 22387 MiB, 382.36 W, 382.15 W, 457.75 W, 455.99 W, 1980 MHz
2026/10/07 02:53:39.732, 100 %, 22387 MiB, 382.44 W, 382.30 W, 457.56 W, 456.94 W, 1980 MHz
2026/10/07 02:53:39.932, 100 %, 22387 MiB, 382.48 W, 382.68 W, 457.45 W, 457.77 W, 1980 MHz
2026/10/07 02:53:40.132, 100 %, 22387 MiB, 382.54 W, 382.88 W, 457.47 W, 458.38 W, 1980 MHz
2026/10/07 02:53:40.332, 100 %, 22386 MiB, 382.67 W, 381.55 W, 457.58 W, 455.99 W, 1980 MHz
2026/10/07 02:53:40.532, 100 %, 22386 MiB, 382.65 W, 382.03 W, 457.44 W, 455.99 W, 1980 MHz
2026/10/07 02:53:40.733, 100 %, 22386 MiB, 382.56 W, 382.38 W, 457.40 W, 457.12 W, 1980 MHz
2026/10/07 02:53:40.933, 100 %, 22386 MiB, 382.51 W, 383.58 W, 457.18 W, 458.74 W, 1980 MHz
2026/10/07 02:53:41.133, 100 %, 22386 MiB, 382.59 W, 382.48 W, 457.27 W, 457.26 W, 1980 MHz
2026/10/07 02:53:41.333, 100 %, 22386 MiB, 382.51 W, 383.21 W, 457.06 W, 456.94 W, 1980 MHz
2026/10/07 02:53:41.533, 100 %, 22386 MiB, 382.58 W, 382.53 W, 457.05 W, 455.99 W, 1980 MHz
2026/10/07 02:53:41.733, 100 %, 22386 MiB, 382.59 W, 383.76 W, 457.12 W, 459.87 W, 1980 MHz
2026/10/07 02:53:41.933, 100 %, 22386 MiB, 382.60 W, 382.16 W, 457.29 W, 456.96 W, 1980 MHz
2026/10/07 02:53:42.133, 100 %, 22386 MiB, 382.33 W, 380.89 W, 457.00 W, 455.16 W, 1980 MHz
2026/10/07 02:53:42.333, 100 %, 22386 MiB, 382.30 W, 381.99 W, 457.10 W, 458.90 W, 1980 MHz
2026/10/07 02:53:42.533, 100 %, 22386 MiB, 381.89 W, 379.11 W, 456.79 W, 454.03 W, 1980 MHz
2026/10/07 02:53:42.733, 100 %, 22386 MiB, 381.61 W, 383.18 W, 456.56 W, 458.90 W, 1980 MHz
2026/10/07 02:53:42.933, 100 %, 22386 MiB, 381.50 W, 380.96 W, 456.60 W, 455.99 W, 1980 MHz
2026/10/07 02:53:43.133, 100 %, 22386 MiB, 381.56 W, 382.27 W, 456.80 W, 457.40 W, 1980 MHz
2026/10/07 02:53:43.334, 100 %, 22386 MiB, 381.57 W, 381.59 W, 456.87 W, 456.80 W, 1980 MHz
2026/10/07 02:53:43.534, 100 %, 22386 MiB, 381.77 W, 381.85 W, 457.05 W, 456.96 W, 1980 MHz
2026/10/07 02:53:43.734, 100 %, 22386 MiB, 382.09 W, 381.74 W, 457.36 W, 456.96 W, 1980 MHz
2026/10/07 02:53:43.934, 100 %, 22386 MiB, 382.04 W, 382.63 W, 457.21 W, 457.77 W, 1980 MHz
2026/10/07 02:53:44.134, 100 %, 22386 MiB, 382.06 W, 383.27 W, 457.20 W, 458.24 W, 1980 MHz
2026/10/07 02:53:44.334, 100 %, 22386 MiB, 382.07 W, 382.02 W, 457.22 W, 456.96 W, 1980 MHz
2026/10/07 02:53:44.534, 100 %, 22386 MiB, 382.11 W, 381.24 W, 457.26 W, 455.97 W, 1980 MHz
2026/10/07 02:53:44.734, 100 %, 22386 MiB, 382.10 W, 382.20 W, 457.39 W, 457.93 W, 1980 MHz
2026/10/07 02:53:44.934, 100 %, 22386 MiB, 382.16 W, 382.39 W, 457.29 W, 457.93 W, 1980 MHz
2026/10/07 02:53:45.134, 100 %, 22386 MiB, 382.22 W, 381.61 W, 457.25 W, 456.13 W, 1980 MHz
2026/10/07 02:53:45.334, 100 %, 22386 MiB, 382.27 W, 382.08 W, 457.29 W, 456.96 W, 1980 MHz
2026/10/07 02:53:45.534, 100 %, 22386 MiB, 382.34 W, 382.36 W, 457.37 W, 457.93 W, 1980 MHz
2026/10/07 02:53:45.734, 100 %, 22386 MiB, 382.41 W, 381.32 W, 457.27 W, 455.99 W, 1980 MHz
2026/10/07 02:53:45.935, 100 %, 22386 MiB, 382.41 W, 380.84 W, 457.32 W, 454.86 W, 1980 MHz
2026/10/07 02:53:46.135, 100 %, 22386 MiB, 382.51 W, 383.72 W, 457.52 W, 458.23 W, 1980 MHz
2026/10/07 02:53:46.335, 100 %, 22386 MiB, 382.52 W, 382.55 W, 457.40 W, 457.93 W, 1980 MHz
2026/10/07 02:53:46.535, 100 %, 22386 MiB, 382.52 W, 382.58 W, 457.36 W, 457.93 W, 1980 MHz
2026/10/07 02:53:46.735, 100 %, 22386 MiB, 382.48 W, 381.28 W, 457.29 W, 455.83 W, 1980 MHz
2026/10/07 02:53:46.935, 100 %, 22386 MiB, 382.45 W, 381.76 W, 457.37 W, 456.96 W, 1980 MHz
2026/10/07 02:53:47.135, 100 %, 22386 MiB, 382.42 W, 383.69 W, 457.31 W, 459.05 W, 1980 MHz
2026/10/07 02:53:47.335, 100 %, 22386 MiB, 382.46 W, 383.33 W, 457.33 W, 457.93 W, 1980 MHz
2026/10/07 02:53:47.535, 100 %, 22386 MiB, 382.62 W, 382.42 W, 457.52 W, 456.96 W, 1980 MHz
2026/10/07 02:53:47.735, 100 %, 22386 MiB, 382.68 W, 382.80 W, 457.56 W, 457.93 W, 1980 MHz
2026/10/07 02:53:47.935, 100 %, 22386 MiB, 382.70 W, 383.18 W, 457.55 W, 459.71 W, 1980 MHz
2026/10/07 02:53:48.135, 100 %, 22386 MiB, 382.74 W, 382.20 W, 457.51 W, 456.96 W, 1980 MHz
2026/10/07 02:53:48.336, 100 %, 22386 MiB, 382.77 W, 381.86 W, 457.70 W, 455.99 W, 1980 MHz
2026/10/07 02:53:48.536, 100 %, 22386 MiB, 382.64 W, 382.33 W, 457.52 W, 456.96 W, 1980 MHz
2026/10/07 02:53:48.736, 100 %, 22386 MiB, 382.60 W, 382.95 W, 457.45 W, 457.93 W, 1980 MHz
2026/10/07 02:53:48.936, 100 %, 22386 MiB, 382.67 W, 381.34 W, 457.53 W, 455.97 W, 1980 MHz
2026/10/07 02:53:49.136, 100 %, 22386 MiB, 382.68 W, 382.99 W, 457.59 W, 458.07 W, 1980 MHz
2026/10/07 02:53:49.336, 100 %, 22385 MiB, 382.81 W, 384.02 W, 457.64 W, 460.02 W, 1980 MHz
2026/10/07 02:53:49.536, 100 %, 22385 MiB, 382.83 W, 382.08 W, 457.74 W, 457.10 W, 1980 MHz
2026/10/07 02:53:49.736, 100 %, 22385 MiB, 382.95 W, 382.07 W, 457.92 W, 457.93 W, 1980 MHz
2026/10/07 02:53:49.936, 100 %, 22385 MiB, 383.04 W, 383.76 W, 458.01 W, 457.93 W, 1980 MHz
2026/10/07 02:53:50.136, 100 %, 22385 MiB, 383.27 W, 384.63 W, 458.11 W, 458.90 W, 1980 MHz
2026/10/07 02:53:50.336, 100 %, 22385 MiB, 383.30 W, 385.01 W, 458.12 W, 459.73 W, 1980 MHz
2026/10/07 02:53:50.536, 100 %, 22385 MiB, 383.50 W, 383.35 W, 458.40 W, 459.21 W, 1980 MHz
2026/10/07 02:53:50.736, 100 %, 22385 MiB, 383.52 W, 383.05 W, 458.42 W, 458.07 W, 1980 MHz
2026/10/07 02:53:50.937, 100 %, 22385 MiB, 383.64 W, 384.64 W, 458.49 W, 459.57 W, 1980 MHz
2026/10/07 02:53:51.137, 100 %, 22385 MiB, 383.51 W, 382.66 W, 458.47 W, 458.08 W, 1980 MHz
2026/10/07 02:53:51.337, 100 %, 22385 MiB, 383.48 W, 383.45 W, 458.46 W, 457.93 W, 1980 MHz
2026/10/07 02:53:51.537, 100 %, 22385 MiB, 383.46 W, 383.32 W, 458.34 W, 458.07 W, 1980 MHz
2026/10/07 02:53:51.737, 100 %, 22385 MiB, 383.58 W, 384.31 W, 458.37 W, 459.87 W, 1980 MHz
2026/10/07 02:53:51.937, 100 %, 22385 MiB, 383.48 W, 382.73 W, 458.33 W, 457.10 W, 1980 MHz
2026/10/07 02:53:52.137, 100 %, 22385 MiB, 383.54 W, 384.02 W, 458.46 W, 459.21 W, 1980 MHz
2026/10/07 02:53:52.337, 100 %, 22385 MiB, 383.59 W, 384.48 W, 458.57 W, 458.90 W, 1980 MHz
2026/10/07 02:53:52.537, 100 %, 22385 MiB, 383.58 W, 384.33 W, 458.52 W, 459.21 W, 1980 MHz
2026/10/07 02:53:52.737, 100 %, 22385 MiB, 383.52 W, 382.62 W, 458.43 W, 455.83 W, 1980 MHz
2026/10/07 02:53:52.937, 100 %, 22385 MiB, 383.63 W, 383.42 W, 458.34 W, 457.93 W, 1980 MHz
2026/10/07 02:53:53.137, 100 %, 22385 MiB, 383.70 W, 383.39 W, 458.44 W, 458.07 W, 1980 MHz
2026/10/07 02:53:53.337, 100 %, 22385 MiB, 383.76 W, 384.29 W, 458.34 W, 458.74 W, 1980 MHz
2026/10/07 02:53:53.538, 100 %, 22385 MiB, 383.56 W, 383.34 W, 458.17 W, 458.23 W, 1980 MHz
2026/10/07 02:53:53.738, 100 %, 22385 MiB, 383.60 W, 382.84 W, 458.30 W, 457.93 W, 1980 MHz
2026/10/07 02:53:53.938, 100 %, 22385 MiB, 383.56 W, 384.04 W, 458.51 W, 459.87 W, 1980 MHz
2026/10/07 02:53:54.138, 100 %, 22385 MiB, 383.44 W, 383.79 W, 458.40 W, 459.87 W, 1980 MHz
2026/10/07 02:53:54.338, 100 %, 22385 MiB, 383.18 W, 383.24 W, 458.25 W, 457.93 W, 1980 MHz
2026/10/07 02:53:54.538, 100 %, 22385 MiB, 383.19 W, 382.43 W, 458.33 W, 458.07 W, 1980 MHz
2026/10/07 02:53:54.738, 100 %, 22385 MiB, 383.20 W, 383.67 W, 458.52 W, 460.02 W, 1980 MHz
2026/10/07 02:53:54.938, 100 %, 22385 MiB, 383.27 W, 385.22 W, 458.46 W, 461.82 W, 1980 MHz
2026/10/07 02:53:55.138, 100 %, 22385 MiB, 383.34 W, 382.46 W, 458.43 W, 457.12 W, 1980 MHz
2026/10/07 02:53:55.338, 100 %, 22385 MiB, 383.47 W, 382.77 W, 458.60 W, 457.93 W, 1980 MHz
2026/10/07 02:53:55.538, 100 %, 22385 MiB, 383.52 W, 382.85 W, 458.63 W, 457.26 W, 1980 MHz
2026/10/07 02:53:55.738, 100 %, 22385 MiB, 383.40 W, 382.63 W, 458.42 W, 458.89 W, 1980 MHz
2026/10/07 02:53:55.938, 100 %, 22385 MiB, 383.46 W, 383.83 W, 458.61 W, 458.90 W, 1980 MHz
2026/10/07 02:53:56.139, 100 %, 22385 MiB, 383.48 W, 384.25 W, 458.68 W, 458.07 W, 1980 MHz
2026/10/07 02:53:56.339, 100 %, 22384 MiB, 383.65 W, 383.35 W, 458.75 W, 457.79 W, 1980 MHz
2026/10/07 02:53:56.539, 100 %, 22384 MiB, 383.76 W, 384.58 W, 458.79 W, 460.18 W, 1980 MHz
2026/10/07 02:53:56.739, 100 %, 22384 MiB, 383.89 W, 383.19 W, 458.82 W, 457.26 W, 1980 MHz
2026/10/07 02:53:56.939, 100 %, 22384 MiB, 383.92 W, 383.38 W, 458.76 W, 457.77 W, 1980 MHz
2026/10/07 02:53:57.139, 100 %, 22384 MiB, 384.00 W, 384.17 W, 458.78 W, 459.05 W, 1980 MHz
2026/10/07 02:53:57.339, 100 %, 22384 MiB, 383.90 W, 384.76 W, 458.72 W, 459.71 W, 1980 MHz
2026/10/07 02:53:57.539, 100 %, 22384 MiB, 383.95 W, 383.54 W, 458.67 W, 457.93 W, 1980 MHz
2026/10/07 02:53:57.739, 100 %, 22384 MiB, 383.97 W, 381.98 W, 458.70 W, 458.24 W, 1980 MHz
2026/10/07 02:53:57.939, 100 %, 22384 MiB, 383.88 W, 383.84 W, 458.82 W, 459.21 W, 1980 MHz
2026/10/07 02:53:58.139, 100 %, 22384 MiB, 383.79 W, 385.46 W, 458.72 W, 460.85 W, 1980 MHz
2026/10/07 02:53:58.340, 100 %, 22384 MiB, 383.74 W, 382.28 W, 458.59 W, 456.80 W, 1980 MHz
2026/10/07 02:53:58.540, 100 %, 22384 MiB, 383.62 W, 383.54 W, 458.75 W, 458.90 W, 1980 MHz
2026/10/07 02:53:58.740, 100 %, 22384 MiB, 383.64 W, 384.33 W, 458.90 W, 460.99 W, 1980 MHz
2026/10/07 02:53:58.940, 100 %, 22384 MiB, 383.62 W, 382.90 W, 458.76 W, 458.74 W, 1980 MHz
2026/10/07 02:53:59.140, 100 %, 22384 MiB, 383.65 W, 383.59 W, 458.97 W, 459.87 W, 1980 MHz
2026/10/07 02:53:59.340, 100 %, 22384 MiB, 383.61 W, 383.53 W, 459.11 W, 459.20 W, 1980 MHz
2026/10/07 02:53:59.540, 100 %, 22384 MiB, 383.54 W, 383.37 W, 459.44 W, 462.78 W, 1980 MHz
2026/10/07 02:53:59.740, 100 %, 22384 MiB, 383.59 W, 385.38 W, 459.81 W, 462.93 W, 1980 MHz
2026/10/07 02:53:59.940, 100 %, 22384 MiB, 383.80 W, 383.63 W, 460.38 W, 458.90 W, 1980 MHz
2026/10/07 02:54:00.140, 100 %, 22384 MiB, 383.96 W, 384.01 W, 460.89 W, 461.96 W, 1980 MHz
2026/10/07 02:54:00.340, 100 %, 22384 MiB, 384.23 W, 384.77 W, 461.61 W, 460.85 W, 1980 MHz
2026/10/07 02:54:00.540, 100 %, 22384 MiB, 384.49 W, 383.97 W, 461.86 W, 461.65 W, 1980 MHz
2026/10/07 02:54:00.741, 100 %, 22384 MiB, 384.64 W, 383.60 W, 462.12 W, 462.12 W, 1980 MHz
2026/10/07 02:54:00.941, 100 %, 22384 MiB, 384.71 W, 384.84 W, 462.50 W, 462.93 W, 1980 MHz
2026/10/07 02:54:01.141, 100 %, 22384 MiB, 384.66 W, 385.18 W, 462.71 W, 463.60 W, 1980 MHz
2026/10/07 02:54:01.341, 100 %, 22384 MiB, 384.61 W, 385.04 W, 462.69 W, 463.45 W, 1980 MHz
2026/10/07 02:54:01.541, 100 %, 22384 MiB, 384.50 W, 384.33 W, 462.55 W, 460.54 W, 1980 MHz
2026/10/07 02:54:01.741, 100 %, 22384 MiB, 384.37 W, 383.72 W, 462.36 W, 462.92 W, 1980 MHz
2026/10/07 02:54:01.941, 100 %, 22384 MiB, 384.32 W, 384.88 W, 461.98 W, 462.77 W, 1980 MHz
2026/10/07 02:54:02.141, 100 %, 22384 MiB, 384.34 W, 385.26 W, 461.77 W, 462.79 W, 1980 MHz
2026/10/07 02:54:02.341, 100 %, 22384 MiB, 384.40 W, 383.24 W, 461.82 W, 460.99 W, 1980 MHz
2026/10/07 02:54:02.541, 100 %, 22384 MiB, 384.38 W, 383.86 W, 461.89 W, 461.81 W, 1980 MHz
2026/10/07 02:54:02.741, 100 %, 22384 MiB, 384.33 W, 384.27 W, 461.94 W, 463.09 W, 1980 MHz
2026/10/07 02:54:02.941, 100 %, 22384 MiB, 384.17 W, 383.50 W, 461.70 W, 458.90 W, 1980 MHz
2026/10/07 02:54:03.141, 100 %, 22384 MiB, 384.14 W, 383.28 W, 461.13 W, 457.93 W, 1980 MHz
2026/10/07 02:54:03.342, 100 %, 22384 MiB, 384.01 W, 383.50 W, 460.42 W, 457.93 W, 1980 MHz
2026/10/07 02:54:03.542, 100 %, 22384 MiB, 383.95 W, 384.80 W, 459.80 W, 460.84 W, 1980 MHz
2026/10/07 02:54:03.742, 100 %, 22384 MiB, 383.92 W, 383.26 W, 459.22 W, 459.04 W, 1980 MHz
2026/10/07 02:54:03.942, 100 %, 22384 MiB, 383.94 W, 383.78 W, 459.07 W, 460.02 W, 1980 MHz
2026/10/07 02:54:04.142, 100 %, 22384 MiB, 383.86 W, 383.84 W, 459.05 W, 459.05 W, 1980 MHz
2026/10/07 02:54:04.342, 100 %, 22384 MiB, 383.81 W, 383.21 W, 458.98 W, 457.93 W, 1980 MHz
2026/10/07 02:54:04.542, 100 %, 22384 MiB, 383.92 W, 383.28 W, 459.12 W, 457.93 W, 1980 MHz
2026/10/07 02:54:04.742, 100 %, 22384 MiB, 383.93 W, 382.92 W, 459.25 W, 458.07 W, 1980 MHz
2026/10/07 02:54:04.942, 100 %, 22384 MiB, 383.86 W, 382.44 W, 459.06 W, 457.08 W, 1980 MHz
2026/10/07 02:54:05.142, 100 %, 22384 MiB, 383.94 W, 385.55 W, 459.11 W, 461.96 W, 1980 MHz
2026/10/07 02:54:05.342, 100 %, 22384 MiB, 383.90 W, 384.36 W, 459.24 W, 460.99 W, 1980 MHz
2026/10/07 02:54:05.542, 100 %, 22384 MiB, 383.86 W, 383.12 W, 459.21 W, 458.07 W, 1980 MHz
2026/10/07 02:54:05.743, 100 %, 22384 MiB, 383.90 W, 383.65 W, 459.15 W, 458.90 W, 1980 MHz
2026/10/07 02:54:05.943, 100 %, 22384 MiB, 383.93 W, 385.24 W, 459.28 W, 461.96 W, 1980 MHz
2026/10/07 02:54:06.143, 100 %, 22384 MiB, 384.01 W, 384.22 W, 459.30 W, 459.07 W, 1980 MHz
2026/10/07 02:54:06.343, 100 %, 22384 MiB, 384.18 W, 384.83 W, 459.39 W, 460.68 W, 1980 MHz
2026/10/07 02:54:06.543, 100 %, 22384 MiB, 384.23 W, 384.44 W, 459.55 W, 459.87 W, 1980 MHz
2026/10/07 02:54:06.743, 100 %, 22384 MiB, 384.15 W, 383.48 W, 459.49 W, 459.07 W, 1980 MHz
2026/10/07 02:54:06.943, 100 %, 22384 MiB, 384.13 W, 383.92 W, 459.50 W, 460.04 W, 1980 MHz
2026/10/07 02:54:07.143, 100 %, 22384 MiB, 383.97 W, 383.54 W, 459.45 W, 459.04 W, 1980 MHz
2026/10/07 02:54:07.343, 100 %, 22384 MiB, 383.86 W, 384.49 W, 459.29 W, 458.90 W, 1980 MHz
2026/10/07 02:54:07.543, 100 %, 22384 MiB, 383.95 W, 385.76 W, 459.21 W, 461.82 W, 1980 MHz
2026/10/07 02:54:07.743, 100 %, 22384 MiB, 384.10 W, 384.18 W, 459.33 W, 459.87 W, 1980 MHz
2026/10/07 02:54:07.943, 100 %, 22384 MiB, 384.12 W, 383.80 W, 459.21 W, 458.90 W, 1980 MHz
2026/10/07 02:54:08.143, 100 %, 22384 MiB, 384.27 W, 383.01 W, 459.31 W, 457.93 W, 1980 MHz
2026/10/07 02:54:08.344, 100 %, 22384 MiB, 384.30 W, 384.26 W, 459.41 W, 460.02 W, 1980 MHz
2026/10/07 02:54:08.544, 100 %, 22384 MiB, 384.17 W, 384.54 W, 459.35 W, 459.87 W, 1980 MHz
2026/10/07 02:54:08.744, 100 %, 22384 MiB, 384.05 W, 384.30 W, 459.15 W, 459.87 W, 1980 MHz
2026/10/07 02:54:08.944, 100 %, 22384 MiB, 384.31 W, 384.36 W, 459.45 W, 459.87 W, 1980 MHz
2026/10/07 02:54:09.144, 100 %, 22384 MiB, 384.27 W, 384.43 W, 459.40 W, 460.02 W, 1980 MHz
2026/10/07 02:54:09.344, 100 %, 22384 MiB, 384.12 W, 383.57 W, 459.31 W, 459.87 W, 1980 MHz
2026/10/07 02:54:09.544, 100 %, 22384 MiB, 384.21 W, 383.95 W, 459.45 W, 457.93 W, 1980 MHz
2026/10/07 02:54:09.744, 100 %, 22384 MiB, 384.27 W, 383.80 W, 459.55 W, 458.90 W, 1980 MHz
2026/10/07 02:54:09.944, 100 %, 22384 MiB, 384.10 W, 386.18 W, 459.30 W, 461.82 W, 1980 MHz
2026/10/07 02:54:10.144, 100 %, 22384 MiB, 384.07 W, 385.29 W, 459.21 W, 460.02 W, 1980 MHz
2026/10/07 02:54:10.344, 100 %, 22384 MiB, 384.29 W, 384.24 W, 459.25 W, 458.90 W, 1980 MHz
2026/10/07 02:54:10.544, 100 %, 22384 MiB, 384.19 W, 383.64 W, 459.09 W, 457.93 W, 1980 MHz
2026/10/07 02:54:10.744, 100 %, 22384 MiB, 384.26 W, 384.25 W, 459.17 W, 459.87 W, 1980 MHz
2026/10/07 02:54:10.945, 100 %, 22384 MiB, 384.33 W, 384.16 W, 459.36 W, 459.87 W, 1980 MHz
2026/10/07 02:54:11.145, 100 %, 22384 MiB, 384.33 W, 382.89 W, 459.41 W, 458.07 W, 1980 MHz
2026/10/07 02:54:11.345, 100 %, 22384 MiB, 384.21 W, 383.83 W, 459.54 W, 458.90 W, 1980 MHz
2026/10/07 02:54:11.545, 100 %, 22384 MiB, 384.23 W, 384.89 W, 459.63 W, 461.82 W, 1980 MHz
2026/10/07 02:54:11.745, 100 %, 22384 MiB, 384.16 W, 383.82 W, 459.65 W, 459.87 W, 1980 MHz
2026/10/07 02:54:11.945, 100 %, 22384 MiB, 384.15 W, 384.65 W, 459.58 W, 459.71 W, 1980 MHz
2026/10/07 02:54:12.145, 100 %, 22384 MiB, 384.25 W, 383.91 W, 459.61 W, 458.23 W, 1980 MHz
2026/10/07 02:54:12.345, 100 %, 22384 MiB, 384.25 W, 384.67 W, 459.52 W, 460.85 W, 1980 MHz
2026/10/07 02:54:12.545, 100 %, 22384 MiB, 384.32 W, 383.33 W, 459.63 W, 458.74 W, 1980 MHz
2026/10/07 02:54:12.745, 100 %, 22384 MiB, 384.27 W, 383.30 W, 459.54 W, 459.04 W, 1980 MHz
2026/10/07 02:54:12.945, 100 %, 22384 MiB, 384.25 W, 383.35 W, 459.58 W, 458.07 W, 1980 MHz
2026/10/07 02:54:13.145, 100 %, 22384 MiB, 384.09 W, 385.37 W, 459.41 W, 460.99 W, 1980 MHz
2026/10/07 02:54:13.345, 100 %, 22384 MiB, 384.23 W, 383.91 W, 459.51 W, 459.05 W, 1980 MHz
2026/10/07 02:54:13.546, 100 %, 22384 MiB, 384.22 W, 384.58 W, 459.39 W, 459.87 W, 1980 MHz
2026/10/07 02:54:13.746, 100 %, 22384 MiB, 384.36 W, 383.74 W, 459.43 W, 458.08 W, 1980 MHz
2026/10/07 02:54:13.946, 100 %, 22384 MiB, 384.44 W, 384.93 W, 459.48 W, 460.99 W, 1980 MHz
2026/10/07 02:54:14.146, 100 %, 22384 MiB, 384.45 W, 385.19 W, 459.48 W, 461.15 W, 1980 MHz
2026/10/07 02:54:14.346, 100 %, 22384 MiB, 384.41 W, 384.75 W, 459.51 W, 460.18 W, 1980 MHz
2026/10/07 02:54:14.546, 100 %, 22384 MiB, 384.41 W, 383.26 W, 459.61 W, 457.77 W, 1980 MHz
2026/10/07 02:54:14.746, 100 %, 22384 MiB, 384.25 W, 383.82 W, 459.49 W, 458.90 W, 1980 MHz
2026/10/07 02:54:14.946, 100 %, 22384 MiB, 384.26 W, 385.00 W, 459.27 W, 458.90 W, 1980 MHz
2026/10/07 02:54:15.146, 100 %, 22384 MiB, 384.46 W, 384.18 W, 459.41 W, 458.90 W, 1980 MHz
2026/10/07 02:54:15.346, 100 %, 22384 MiB, 384.52 W, 383.63 W, 459.45 W, 458.07 W, 1980 MHz
2026/10/07 02:54:15.546, 100 %, 22384 MiB, 384.53 W, 385.32 W, 459.49 W, 461.65 W, 1980 MHz
2026/10/07 02:54:15.746, 100 %, 22384 MiB, 384.62 W, 383.85 W, 459.59 W, 459.87 W, 1980 MHz
2026/10/07 02:54:15.946, 100 %, 22384 MiB, 384.58 W, 383.23 W, 459.81 W, 457.93 W, 1980 MHz
2026/10/07 02:54:16.147, 100 %, 22384 MiB, 384.53 W, 384.08 W, 459.85 W, 459.05 W, 1980 MHz
2026/10/07 02:54:16.347, 100 %, 22384 MiB, 384.58 W, 384.77 W, 459.85 W, 460.02 W, 1980 MHz
2026/10/07 02:54:16.547, 46 %, 21828 MiB, 376.76 W, 168.65 W, 451.91 W, 246.17 W, 1980 MHz
2026/10/07 02:54:16.747, 0 %, 21828 MiB, 333.03 W, 159.15 W, 408.60 W, 236.53 W, 1980 MHz
2026/10/07 02:54:16.947, 0 %, 21828 MiB, 288.78 W, 158.28 W, 364.64 W, 235.49 W, 1980 MHz
2026/10/07 02:54:17.147, 0 %, 21828 MiB, 241.63 W, 157.91 W, 317.84 W, 234.51 W, 1980 MHz
2026/10/07 02:54:17.347, 0 %, 21828 MiB, 196.06 W, 156.84 W, 272.46 W, 232.72 W, 1980 MHz
2026/10/07 02:54:17.547, 0 %, 21828 MiB, 158.68 W, 157.65 W, 235.37 W, 233.61 W, 1980 MHz
2026/10/07 02:54:17.747, 0 %, 21828 MiB, 157.85 W, 156.98 W, 234.36 W, 232.79 W, 1980 MHz
2026/10/07 02:54:17.947, 0 %, 21828 MiB, 157.58 W, 157.51 W, 234.01 W, 234.56 W, 1980 MHz
2026/10/07 02:54:18.147, 0 %, 21828 MiB, 157.34 W, 157.35 W, 233.66 W, 233.54 W, 1980 MHz
2026/10/07 02:54:18.347, 0 %, 21828 MiB, 152.74 W, 97.84 W, 229.18 W, 175.36 W, 495 MHz
2026/10/07 02:54:18.547, 0 %, 21828 MiB, 141.04 W, 98.35 W, 217.78 W, 175.33 W, 465 MHz
2026/10/07 02:54:18.748, 0 %, 21828 MiB, 129.93 W, 100.08 W, 206.75 W, 177.43 W, 420 MHz
2026/10/07 02:54:18.948, 0 %, 21828 MiB, 117.64 W, 99.68 W, 194.48 W, 177.33 W, 375 MHz
2026/10/07 02:54:19.148, 0 %, 21828 MiB, 107.00 W, 98.45 W, 183.95 W, 175.25 W, 345 MHz
2026/10/07 02:54:19.348, 0 %, 21828 MiB, 98.93 W, 98.49 W, 175.85 W, 174.34 W, 345 MHz
2026/10/07 02:54:19.548, 0 %, 21828 MiB, 98.90 W, 98.75 W, 175.60 W, 175.32 W, 345 MHz
2026/10/07 02:54:19.748, 0 %, 21828 MiB, 98.81 W, 99.29 W, 175.32 W, 175.32 W, 345 MHz
2026/10/07 02:54:19.948, 0 %, 21828 MiB, 98.86 W, 98.19 W, 175.36 W, 174.44 W, 345 MHz
2026/10/07 02:54:20.148, 0 %, 21828 MiB, 98.88 W, 98.71 W, 175.30 W, 175.33 W, 345 MHz
2026/10/07 02:54:20.348, 0 %, 21828 MiB, 98.86 W, 97.57 W, 175.26 W, 173.39 W, 345 MHz
2026/10/07 02:54:20.548, 0 %, 21828 MiB, 98.94 W, 99.99 W, 175.22 W, 176.29 W, 345 MHz
2026/10/07 02:54:20.748, 0 %, 21828 MiB, 98.98 W, 99.15 W, 175.16 W, 175.32 W, 345 MHz
2026/10/07 02:54:20.949, 0 %, 21828 MiB, 99.04 W, 98.18 W, 175.31 W, 173.48 W, 345 MHz
2026/10/07 02:54:21.149, 0 %, 21828 MiB, 98.99 W, 98.94 W, 175.19 W, 174.39 W, 345 MHz
2026/10/07 02:54:21.349, 0 %, 21828 MiB, 98.94 W, 98.58 W, 175.05 W, 175.37 W, 345 MHz
2026/10/07 02:54:21.549, 0 %, 21827 MiB, 98.90 W, 99.32 W, 175.05 W, 175.32 W, 345 MHz
2026/10/07 02:54:21.749, 0 %, 21827 MiB, 98.89 W, 98.71 W, 175.22 W, 175.38 W, 345 MHz
2026/10/07 02:54:21.949, 0 %, 21827 MiB, 98.84 W, 98.18 W, 175.10 W, 174.34 W, 345 MHz
2026/10/07 02:54:22.149, 0 %, 21827 MiB, 98.79 W, 99.96 W, 175.01 W, 177.26 W, 345 MHz
2026/10/07 02:54:22.349, 0 %, 21827 MiB, 98.75 W, 98.16 W, 175.00 W, 174.41 W, 345 MHz
2026/10/07 02:54:22.549, 0 %, 21827 MiB, 98.66 W, 97.55 W, 174.93 W, 173.41 W, 345 MHz
2026/10/07 02:54:22.749, 0 %, 21827 MiB, 98.64 W, 98.08 W, 174.92 W, 174.34 W, 345 MHz
2026/10/07 02:54:22.949, 0 %, 21827 MiB, 98.56 W, 98.79 W, 174.85 W, 176.29 W, 345 MHz
2026/10/07 02:54:23.149, 0 %, 21827 MiB, 98.62 W, 98.80 W, 175.41 W, 177.26 W, 345 MHz
2026/10/07 02:54:23.349, 0 %, 21827 MiB, 98.68 W, 98.74 W, 176.04 W, 178.24 W, 345 MHz
2026/10/07 02:54:23.550, 0 %, 21827 MiB, 98.77 W, 98.46 W, 176.72 W, 178.35 W, 345 MHz
2026/10/07 02:54:23.750, 0 %, 21827 MiB, 98.85 W, 100.01 W, 177.54 W, 179.15 W, 345 MHz
2026/10/07 02:54:23.950, 0 %, 21827 MiB, 98.88 W, 98.64 W, 178.06 W, 178.30 W, 345 MHz
2026/10/07 02:54:24.150, 0 %, 21827 MiB, 98.97 W, 98.66 W, 178.61 W, 176.22 W, 345 MHz
2026/10/07 02:54:24.350, 0 %, 21827 MiB, 99.09 W, 98.99 W, 179.08 W, 179.15 W, 345 MHz
2026/10/07 02:54:24.550, 0 %, 21827 MiB, 99.19 W, 99.69 W, 179.69 W, 181.16 W, 345 MHz
2026/10/07 02:54:24.750, 0 %, 21827 MiB, 99.10 W, 98.83 W, 179.35 W, 178.19 W, 345 MHz
2026/10/07 02:54:24.950, 0 %, 21827 MiB, 99.11 W, 98.74 W, 179.25 W, 175.43 W, 345 MHz
2026/10/07 02:54:25.150, 0 %, 21827 MiB, 99.07 W, 98.75 W, 178.93 W, 178.24 W, 345 MHz
2026/10/07 02:54:25.350, 0 %, 21827 MiB, 98.91 W, 99.32 W, 178.46 W, 178.24 W, 345 MHz
2026/10/07 02:54:25.551, 0 %, 21827 MiB, 98.79 W, 98.91 W, 177.77 W, 179.23 W, 345 MHz
2026/10/07 02:54:25.751, 0 %, 21827 MiB, 98.79 W, 97.60 W, 177.90 W, 176.24 W, 345 MHz
2026/10/07 02:54:25.951, 0 %, 21827 MiB, 98.78 W, 97.61 W, 177.67 W, 174.44 W, 345 MHz
2026/10/07 02:54:26.151, 0 %, 21827 MiB, 98.58 W, 98.80 W, 177.14 W, 176.41 W, 345 MHz
2026/10/07 02:54:26.351, 0 %, 21827 MiB, 98.42 W, 98.22 W, 176.48 W, 175.25 W, 345 MHz
2026/10/07 02:54:26.551, 0 %, 21827 MiB, 98.28 W, 98.07 W, 175.87 W, 174.41 W, 345 MHz
2026/10/07 02:54:26.751, 0 %, 21827 MiB, 98.20 W, 97.82 W, 175.17 W, 174.34 W, 345 MHz
2026/10/07 02:54:26.951, 0 %, 21827 MiB, 98.11 W, 98.49 W, 174.88 W, 175.32 W, 345 MHz
2026/10/07 02:54:27.151, 0 %, 21827 MiB, 98.14 W, 99.03 W, 174.70 W, 176.36 W, 345 MHz
2026/10/07 02:54:27.351, 0 %, 21827 MiB, 98.22 W, 98.13 W, 174.69 W, 174.34 W, 345 MHz
2026/10/07 02:54:27.551, 0 %, 21827 MiB, 98.25 W, 97.64 W, 174.71 W, 173.37 W, 345 MHz
2026/10/07 02:54:27.752, 0 %, 21827 MiB, 98.23 W, 98.67 W, 174.71 W, 176.46 W, 345 MHz
2026/10/07 02:54:27.952, 0 %, 21827 MiB, 98.21 W, 98.22 W, 174.63 W, 174.34 W, 345 MHz
2026/10/07 02:54:28.152, 0 %, 21827 MiB, 98.21 W, 97.55 W, 174.66 W, 174.34 W, 345 MHz
2026/10/07 02:54:28.352, 0 %, 21827 MiB, 98.19 W, 97.85 W, 174.72 W, 174.29 W, 345 MHz
2026/10/07 02:54:28.552, 0 %, 21827 MiB, 98.11 W, 98.77 W, 174.60 W, 176.31 W, 345 MHz
2026/10/07 02:54:28.752, 0 %, 21827 MiB, 97.99 W, 98.54 W, 174.41 W, 175.43 W, 345 MHz
2026/10/07 02:54:28.952, 0 %, 21827 MiB, 97.99 W, 97.50 W, 174.49 W, 173.41 W, 345 MHz
2026/10/07 02:54:29.152, 0 %, 21827 MiB, 97.95 W, 97.22 W, 174.51 W, 173.48 W, 345 MHz
2026/10/07 02:54:29.352, 0 %, 21827 MiB, 97.97 W, 99.21 W, 174.44 W, 176.40 W, 345 MHz
2026/10/07 02:54:29.552, 0 %, 21827 MiB, 97.97 W, 98.90 W, 174.36 W, 176.29 W, 345 MHz
2026/10/07 02:54:29.752, 0 %, 21827 MiB, 98.05 W, 98.04 W, 174.40 W, 174.34 W, 345 MHz
2026/10/07 02:54:29.952, 0 %, 21827 MiB, 98.07 W, 97.54 W, 174.44 W, 174.32 W, 345 MHz
2026/10/07 02:54:30.152, 0 %, 21827 MiB, 98.08 W, 98.11 W, 174.44 W, 175.38 W, 345 MHz
2026/10/07 02:54:30.353, 0 %, 21827 MiB, 98.00 W, 97.89 W, 174.41 W, 174.41 W, 345 MHz
2026/10/07 02:54:30.553, 0 %, 21827 MiB, 97.99 W, 97.51 W, 174.45 W, 173.30 W, 345 MHz
2026/10/07 02:54:30.753, 0 %, 21827 MiB, 97.91 W, 98.47 W, 174.45 W, 175.36 W, 345 MHz
2026/10/07 02:54:30.953, 0 %, 21827 MiB, 97.93 W, 98.00 W, 174.44 W, 174.39 W, 345 MHz
2026/10/07 02:54:31.153, 0 %, 21827 MiB, 97.87 W, 98.41 W, 174.34 W, 175.32 W, 345 MHz
2026/10/07 02:54:31.353, 0 %, 21827 MiB, 97.85 W, 97.52 W, 174.28 W, 173.37 W, 345 MHz
