G1_SCA_E12	G1	800	11508	E12	SCA	const	500	--lambda 0 --q 14.95556297837029 --t0 12.462969148641907 --t1 4.652841815492979 --steps 500	40000000
G1_SCA_E1	G1	800	11508	E1	SCA	const	1000	--lambda 0 --q 17.44815680809867 --t0 15.578711435802385 --t1 4.652841815492979 --steps 1000	40000000
G1_TEC_E12	G1	800	11508	E12	TEC	const	250	--tec-jv -4.985187659456763 --q 14.95556297837029 --t0 7.789355717901192 --t1 4.652841815492979 --steps 250	40100000
G1_TEC_E1	G1	800	11508	E1	TEC	const	500	--tec-jv -4.985187659456763 --q 14.95556297837029 --t0 7.789355717901192 --t1 4.652841815492979 --steps 500	40100000
G1_OnsagerkT_E12	G1	800	11508	E12	Onsager-kT	const	250	--tecT 1.0 --ramp --q 14.95556297837029 --t0 7.789355717901192 --t1 4.652841815492979 --steps 250	40200000
G1_OnsagerkT_E1	G1	800	11508	E1	Onsager-kT	const	500	--tecT 2.0 --ramp --q 19.94075063782705 --t0 7.789355717901192 --t1 4.652841815492979 --steps 500	40200000
G1_Onsageronline_E12	G1	800	11508	E12	Onsager-online	ons	500	--lambda 0.029977488744372185 --ramp --q 14.95556297837029 --t0 12.462969148641907 --t1 4.652841815492979 --steps 500	40300000
G1_Onsageronline_E1	G1	800	11508	E1	Onsager-online	ons	1000	--lambda 0.014988744372186093 --ramp --q 14.95556297837029 --t0 12.462969148641907 --t1 4.652841815492979 --steps 1000	40300000
G2_SCA_E12	G2	800	11504	E12	SCA	const	500	--lambda 0 --q 17.44815680809867 --t0 15.578711435802385 --t1 4.652841815492979 --steps 500	40400000
G2_SCA_E1	G2	800	11504	E1	SCA	const	1000	--lambda 0 --q 14.95556297837029 --t0 12.462969148641907 --t1 4.652841815492979 --steps 1000	40400000
G2_TEC_E12	G2	800	11504	E12	TEC	const	250	--tec-jv -4.985187659456763 --q 14.95556297837029 --t0 7.789355717901192 --t1 4.652841815492979 --steps 250	40500000
G2_TEC_E1	G2	800	11504	E1	TEC	const	500	--tec-jv -4.985187659456763 --q 14.95556297837029 --t0 7.789355717901192 --t1 4.652841815492979 --steps 500	40500000
G2_OnsagerkT_E12	G2	800	11504	E12	Onsager-kT	const	250	--tecT 1.0 --ramp --q 14.95556297837029 --t0 7.789355717901192 --t1 4.652841815492979 --steps 250	40600000
G2_OnsagerkT_E1	G2	800	11504	E1	Onsager-kT	const	500	--tecT 1.0 --ramp --q 14.95556297837029 --t0 7.789355717901192 --t1 4.652841815492979 --steps 500	40600000
G2_Onsageronline_E12	G2	800	11504	E12	Onsager-online	ons	250	--lambda 0.007494372186093046 --ramp --q 14.95556297837029 --t0 12.462969148641907 --t1 4.652841815492979 --steps 250	40700000
G2_Onsageronline_E1	G2	800	11504	E1	Onsager-online	ons	500	--lambda 0.029977488744372185 --ramp --q 14.95556297837029 --t0 12.462969148641907 --t1 4.652841815492979 --steps 500	40700000
G3_SCA_E12	G3	800	11506	E12	SCA	const	500	--lambda 0 --q 14.95556297837029 --t0 12.462969148641907 --t1 4.652841815492979 --steps 500	40800000
G3_SCA_E1	G3	800	11506	E1	SCA	const	1000	--lambda 0 --q 14.95556297837029 --t0 12.462969148641907 --t1 4.652841815492979 --steps 1000	40800000
G3_TEC_E12	G3	800	11506	E12	TEC	const	250	--tec-jv -4.985187659456763 --q 14.95556297837029 --t0 7.789355717901192 --t1 4.652841815492979 --steps 250	40900000
G3_TEC_E1	G3	800	11506	E1	TEC	const	1000	--tec-jv -4.985187659456763 --q 14.95556297837029 --t0 7.789355717901192 --t1 4.652841815492979 --steps 1000	40900000
G3_OnsagerkT_E12	G3	800	11506	E12	Onsager-kT	const	250	--tecT 2.0 --ramp --q 19.94075063782705 --t0 7.789355717901192 --t1 4.652841815492979 --steps 250	41000000
G3_OnsagerkT_E1	G3	800	11506	E1	Onsager-kT	const	500	--tecT 1.0 --ramp --q 14.95556297837029 --t0 7.789355717901192 --t1 4.652841815492979 --steps 500	41000000
G3_Onsageronline_E12	G3	800	11506	E12	Onsager-online	ons	250	--lambda 0.029977488744372185 --ramp --q 14.95556297837029 --t0 12.462969148641907 --t1 4.652841815492979 --steps 250	41100000
G3_Onsageronline_E1	G3	800	11506	E1	Onsager-online	ons	1000	--lambda 0.014988744372186093 --ramp --q 14.95556297837029 --t0 12.462969148641907 --t1 4.652841815492979 --steps 1000	41100000
G4_SCA_E12	G4	800	11530	E12	SCA	const	500	--lambda 0 --q 14.95556297837029 --t0 12.462969148641907 --t1 4.652841815492979 --steps 500	41200000
G4_SCA_E1	G4	800	11530	E1	SCA	const	1000	--lambda 0 --q 14.95556297837029 --t0 12.462969148641907 --t1 4.652841815492979 --steps 1000	41200000
G4_TEC_E12	G4	800	11530	E12	TEC	const	250	--tec-jv -4.985187659456763 --q 14.95556297837029 --t0 7.789355717901192 --t1 4.652841815492979 --steps 250	41300000
G4_TEC_E1	G4	800	11530	E1	TEC	const	1000	--tec-jv -0.6231484574320953 --q 14.95556297837029 --t0 12.462969148641907 --t1 4.652841815492979 --steps 1000	41300000
G4_OnsagerkT_E12	G4	800	11530	E12	Onsager-kT	const	250	--tecT 1.0 --ramp --q 14.95556297837029 --t0 7.789355717901192 --t1 4.652841815492979 --steps 250	41400000
G4_OnsagerkT_E1	G4	800	11530	E1	Onsager-kT	const	500	--tecT 1.0 --ramp --q 14.95556297837029 --t0 7.789355717901192 --t1 4.652841815492979 --steps 500	41400000
G4_Onsageronline_E12	G4	800	11530	E12	Onsager-online	ons	500	--lambda 0.007494372186093046 --ramp --q 14.95556297837029 --t0 12.462969148641907 --t1 4.652841815492979 --steps 500	41500000
G4_Onsageronline_E1	G4	800	11530	E1	Onsager-online	ons	1000	--lambda 0.007494372186093046 --ramp --q 14.95556297837029 --t0 12.462969148641907 --t1 4.652841815492979 --steps 1000	41500000
G5_SCA_E12	G5	800	11515	E12	SCA	const	500	--lambda 0 --q 17.44815680809867 --t0 15.578711435802385 --t1 4.652841815492979 --steps 500	41600000
G5_SCA_E1	G5	800	11515	E1	SCA	const	1000	--lambda 0 --q 14.95556297837029 --t0 12.462969148641907 --t1 4.652841815492979 --steps 1000	41600000
G5_TEC_E12	G5	800	11515	E12	TEC	const	250	--tec-jv -4.985187659456763 --q 14.95556297837029 --t0 7.789355717901192 --t1 4.652841815492979 --steps 250	41700000
G5_TEC_E1	G5	800	11515	E1	TEC	const	500	--tec-jv -4.985187659456763 --q 14.95556297837029 --t0 7.789355717901192 --t1 4.652841815492979 --steps 500	41700000
G5_OnsagerkT_E12	G5	800	11515	E12	Onsager-kT	const	250	--tecT 1.0 --ramp --q 14.95556297837029 --t0 7.789355717901192 --t1 4.652841815492979 --steps 250	41800000
G5_OnsagerkT_E1	G5	800	11515	E1	Onsager-kT	const	500	--tecT 1.0 --ramp --q 14.95556297837029 --t0 7.789355717901192 --t1 4.652841815492979 --steps 500	41800000
G5_Onsageronline_E12	G5	800	11515	E12	Onsager-online	ons	250	--lambda 0.014988744372186093 --ramp --q 14.95556297837029 --t0 12.462969148641907 --t1 4.652841815492979 --steps 250	41900000
G5_Onsageronline_E1	G5	800	11515	E1	Onsager-online	ons	1000	--lambda 0.029977488744372185 --ramp --q 14.95556297837029 --t0 12.462969148641907 --t1 4.652841815492979 --steps 1000	41900000
G6_SCA_E12	G6	800	2157	E12	SCA	const	500	--lambda 0 --q 0.6231484574320953 --t0 6.2314845743209535 --t1 0.7754736359154965 --steps 500	42000000
G6_SCA_E1	G6	800	2157	E1	SCA	const	2000	--lambda 0 --q 0.6231484574320953 --t0 6.2314845743209535 --t1 0.7754736359154965 --steps 2000	42000000
G6_TEC_E12	G6	800	2157	E12	TEC	const	500	--tec-jv -0.3115742287160477 --q 0.6231484574320953 --t0 6.2314845743209535 --t1 0.7754736359154965 --steps 500	42100000
G6_TEC_E1	G6	800	2157	E1	TEC	const	2000	--tec-jv -0.6231484574320953 --q 1.2462969148641907 --t0 6.2314845743209535 --t1 0.7754736359154965 --steps 2000	42100000
G6_OnsagerkT_E12	G6	800	2157	E12	Onsager-kT	const	250	--tecT 1.0 --ramp --q 0.6231484574320953 --t0 3.1157422871604767 --t1 0.7754736359154965 --steps 250	42200000
G6_OnsagerkT_E1	G6	800	2157	E1	Onsager-kT	const	2000	--tecT 1.0 --ramp --q 0.6231484574320953 --t0 6.2314845743209535 --t1 0.7754736359154965 --steps 2000	42200000
G6_Onsageronline_E12	G6	800	2157	E12	Onsager-online	ons	250	--lambda 0.05995497748874437 --ramp --q 1.2462969148641907 --t0 3.1157422871604767 --t1 0.7754736359154965 --steps 250	42300000
G6_Onsageronline_E1	G6	800	2157	E1	Onsager-online	ons	1000	--lambda 0.05995497748874437 --ramp --q 1.2462969148641907 --t0 3.1157422871604767 --t1 0.7754736359154965 --steps 1000	42300000
G7_SCA_E12	G7	800	1986	E12	SCA	const	500	--lambda 0 --q 0.6231484574320953 --t0 6.2314845743209535 --t1 0.7754736359154965 --steps 500	42400000
G7_SCA_E1	G7	800	1986	E1	SCA	const	1000	--lambda 0 --q 0.6231484574320953 --t0 6.2314845743209535 --t1 0.7754736359154965 --steps 1000	42400000
G7_TEC_E12	G7	800	1986	E12	TEC	const	500	--tec-jv -0.6231484574320953 --q 1.2462969148641907 --t0 9.347226861481431 --t1 0.7754736359154965 --steps 500	42500000
G7_TEC_E1	G7	800	1986	E1	TEC	const	1000	--tec-jv -0.6231484574320953 --q 1.2462969148641907 --t0 6.2314845743209535 --t1 0.7754736359154965 --steps 1000	42500000
G7_OnsagerkT_E12	G7	800	1986	E12	Onsager-kT	const	250	--tecT 1.0 --ramp --q 0.6231484574320953 --t0 3.1157422871604767 --t1 0.7754736359154965 --steps 250	42600000
G7_OnsagerkT_E1	G7	800	1986	E1	Onsager-kT	const	1000	--tecT 1.0 --ramp --q 0.6231484574320953 --t0 3.1157422871604767 --t1 0.7754736359154965 --steps 1000	42600000
G7_Onsageronline_E12	G7	800	1986	E12	Onsager-online	ons	250	--lambda 0.05995497748874437 --ramp --q 1.2462969148641907 --t0 3.1157422871604767 --t1 0.7754736359154965 --steps 250	42700000
G7_Onsageronline_E1	G7	800	1986	E1	Onsager-online	ons	1000	--lambda 0.05995497748874437 --ramp --q 1.2462969148641907 --t0 3.1157422871604767 --t1 0.7754736359154965 --steps 1000	42700000
G8_SCA_E12	G8	800	1985	E12	SCA	const	500	--lambda 0 --q 0.6231484574320953 --t0 9.347226861481431 --t1 0.7754736359154965 --steps 500	42800000
G8_SCA_E1	G8	800	1985	E1	SCA	const	1000	--lambda 0 --q 0.6231484574320953 --t0 4.638994071994488 --t1 0.7754736359154965 --steps 1000	42800000
G8_TEC_E12	G8	800	1985	E12	TEC	const	250	--tec-jv -0.6231484574320953 --q 1.2462969148641907 --t0 6.2314845743209535 --t1 0.7754736359154965 --steps 250	42900000
G8_TEC_E1	G8	800	1985	E1	TEC	const	1000	--tec-jv -0.6231484574320953 --q 1.2462969148641907 --t0 6.2314845743209535 --t1 0.7754736359154965 --steps 1000	42900000
G8_OnsagerkT_E12	G8	800	1985	E12	Onsager-kT	const	250	--tecT 1.0 --ramp --q 0.6231484574320953 --t0 3.1157422871604767 --t1 0.7754736359154965 --steps 250	43000000
G8_OnsagerkT_E1	G8	800	1985	E1	Onsager-kT	const	500	--tecT 1.0 --ramp --q 0.6231484574320953 --t0 3.1157422871604767 --t1 0.7754736359154965 --steps 500	43000000
G8_Onsageronline_E12	G8	800	1985	E12	Onsager-online	ons	250	--lambda 0.05995497748874437 --ramp --q 1.2462969148641907 --t0 3.1157422871604767 --t1 0.7754736359154965 --steps 250	43100000
G8_Onsageronline_E1	G8	800	1985	E1	Onsager-online	ons	1000	--lambda 0.05995497748874437 --ramp --q 1.2462969148641907 --t0 3.1157422871604767 --t1 0.7754736359154965 --steps 1000	43100000
G9_SCA_E12	G9	800	2034	E12	SCA	const	500	--lambda 0 --q 0.9347226861481431 --t0 7.789355717901192 --t1 0.7754736359154965 --steps 500	43200000
G9_SCA_E1	G9	800	2034	E1	SCA	const	2000	--lambda 0 --q 0.6231484574320953 --t0 6.2314845743209535 --t1 0.7754736359154965 --steps 2000	43200000
G9_TEC_E12	G9	800	2034	E12	TEC	const	500	--tec-jv -0.6231484574320953 --q 1.2462969148641907 --t0 9.347226861481431 --t1 0.7754736359154965 --steps 500	43300000
G9_TEC_E1	G9	800	2034	E1	TEC	const	1000	--tec-jv -0.6231484574320953 --q 1.2462969148641907 --t0 6.2314845743209535 --t1 0.7754736359154965 --steps 1000	43300000
G9_OnsagerkT_E12	G9	800	2034	E12	Onsager-kT	const	250	--tecT 1.0 --ramp --q 0.6231484574320953 --t0 3.1157422871604767 --t1 0.7754736359154965 --steps 250	43400000
G9_OnsagerkT_E1	G9	800	2034	E1	Onsager-kT	const	500	--tecT 1.0 --ramp --q 0.6231484574320953 --t0 3.1157422871604767 --t1 0.7754736359154965 --steps 500	43400000
G9_Onsageronline_E12	G9	800	2034	E12	Onsager-online	ons	250	--lambda 0.05995497748874437 --ramp --q 1.2462969148641907 --t0 3.1157422871604767 --t1 0.7754736359154965 --steps 250	43500000
G9_Onsageronline_E1	G9	800	2034	E1	Onsager-online	ons	500	--lambda 0.05995497748874437 --ramp --q 1.2462969148641907 --t0 3.1157422871604767 --t1 0.7754736359154965 --steps 500	43500000
G10_SCA_E12	G10	800	1980	E12	SCA	const	500	--lambda 0 --q 0.6231484574320953 --t0 4.638994071994488 --t1 0.7754736359154965 --steps 500	43600000
G10_SCA_E1	G10	800	1980	E1	SCA	const	500	--lambda 0 --q 0.6231484574320953 --t0 4.638994071994488 --t1 0.7754736359154965 --steps 500	43600000
G10_TEC_E12	G10	800	1980	E12	TEC	const	500	--tec-jv -0.6231484574320953 --q 1.2462969148641907 --t0 6.2314845743209535 --t1 0.7754736359154965 --steps 500	43700000
G10_TEC_E1	G10	800	1980	E1	TEC	const	500	--tec-jv -0.6231484574320953 --q 1.2462969148641907 --t0 6.2314845743209535 --t1 0.7754736359154965 --steps 500	43700000
G10_OnsagerkT_E12	G10	800	1980	E12	Onsager-kT	const	250	--tecT 1.0 --ramp --q 0.6231484574320953 --t0 3.1157422871604767 --t1 0.7754736359154965 --steps 250	43800000
G10_OnsagerkT_E1	G10	800	1980	E1	Onsager-kT	const	250	--tecT 1.0 --ramp --q 0.6231484574320953 --t0 3.1157422871604767 --t1 0.7754736359154965 --steps 250	43800000
G10_Onsageronline_E12	G10	800	1980	E12	Onsager-online	ons	250	--lambda 0.05995497748874437 --ramp --q 1.2462969148641907 --t0 3.1157422871604767 --t1 0.7754736359154965 --steps 250	43900000
G10_Onsageronline_E1	G10	800	1980	E1	Onsager-online	ons	500	--lambda 0.05995497748874437 --ramp --q 1.2462969148641907 --t0 3.1157422871604767 --t1 0.7754736359154965 --steps 500	43900000
G11_SCA_E12	G11	800	559	E12	SCA	const	1000	--lambda 0 --q 0.36 --t0 1.8 --t1 0.224 --steps 1000	44000000
G11_SCA_E1	G11	800	559	E1	SCA	const	1000	--lambda 0 --q 0.36 --t0 1.8 --t1 0.224 --steps 1000	44000000
G11_TEC_E12	G11	800	559	E12	TEC	const	4000	--tec-jv -0.18 --q 0.72 --t0 2.7 --t1 0.224 --steps 4000	44100000
G11_TEC_E1	G11	800	559	E1	TEC	const	4000	--tec-jv -0.18 --q 0.72 --t0 2.7 --t1 0.224 --steps 4000	44100000
G11_OnsagerkT_E12	G11	800	559	E12	Onsager-kT	const	1000	--tecT 1.0 --ramp --q 0.36 --t0 0.9 --t1 0.224 --steps 1000	44200000
G11_OnsagerkT_E1	G11	800	559	E1	Onsager-kT	const	1000	--tecT 1.0 --ramp --q 0.36 --t0 0.9 --t1 0.224 --steps 1000	44200000
G11_Onsageronline_E12	G11	800	559	E12	Onsager-online	ons	1000	--lambda 0.0025012506253126563 --ramp --q 0.36 --t0 1.8 --t1 0.224 --steps 1000	44300000
G11_Onsageronline_E1	G11	800	559	E1	Onsager-online	ons	1000	--lambda 0.0025012506253126563 --ramp --q 0.36 --t0 1.8 --t1 0.224 --steps 1000	44300000
G12_SCA_E12	G12	800	551	E12	SCA	const	4000	--lambda 0 --q 0.54 --t0 2.25 --t1 0.224 --steps 4000	44400000
G12_SCA_E1	G12	800	551	E1	SCA	const	4000	--lambda 0 --q 0.54 --t0 2.25 --t1 0.224 --steps 4000	44400000
G12_TEC_E12	G12	800	551	E12	TEC	const	4000	--tec-jv 0.09 --q 0.36 --t0 1.8 --t1 0.224 --steps 4000	44500000
G12_TEC_E1	G12	800	551	E1	TEC	const	4000	--tec-jv 0.09 --q 0.36 --t0 1.8 --t1 0.224 --steps 4000	44500000
G12_OnsagerkT_E12	G12	800	551	E12	Onsager-kT	const	4000	--tecT 1.0 --ramp --q 0.36 --t0 0.9 --t1 0.224 --steps 4000	44600000
G12_OnsagerkT_E1	G12	800	551	E1	Onsager-kT	const	4000	--tecT 1.0 --ramp --q 0.36 --t0 0.9 --t1 0.224 --steps 4000	44600000
G12_Onsageronline_E12	G12	800	551	E12	Onsager-online	ons	4000	--lambda 0.0025012506253126563 --ramp --q 0.36 --t0 2.7 --t1 0.224 --steps 4000	44700000
G12_Onsageronline_E1	G12	800	551	E1	Onsager-online	ons	2000	--lambda 0.0025012506253126563 --ramp --q 0.36 --t0 1.8 --t1 0.224 --steps 2000	44700000
G13_SCA_E12	G13	800	577	E12	SCA	const	4000	--lambda 0 --q 0.36 --t0 2.25 --t1 0.224 --steps 4000	44800000
G13_SCA_E1	G13	800	577	E1	SCA	const	4000	--lambda 0 --q 0.36 --t0 2.25 --t1 0.224 --steps 4000	44800000
G13_TEC_E12	G13	800	577	E12	TEC	const	4000	--tec-jv 0.09 --q 0.36 --t0 1.8 --t1 0.224 --steps 4000	44900000
G13_TEC_E1	G13	800	577	E1	TEC	const	4000	--tec-jv 0.09 --q 0.36 --t0 1.8 --t1 0.224 --steps 4000	44900000
G13_OnsagerkT_E12	G13	800	577	E12	Onsager-kT	const	2000	--tecT 1.0 --ramp --q 0.36 --t0 0.9 --t1 0.224 --steps 2000	45000000
G13_OnsagerkT_E1	G13	800	577	E1	Onsager-kT	const	2000	--tecT 1.0 --ramp --q 0.36 --t0 0.9 --t1 0.224 --steps 2000	45000000
G13_Onsageronline_E12	G13	800	577	E12	Onsager-online	ons	4000	--lambda 0.0025012506253126563 --ramp --q 0.36 --t0 1.8 --t1 0.224 --steps 4000	45100000
G13_Onsageronline_E1	G13	800	577	E1	Onsager-online	ons	4000	--lambda 0.0025012506253126563 --ramp --q 0.36 --t0 1.8 --t1 0.224 --steps 4000	45100000
G14_SCA_E12	G14	800	3034	E12	SCA	const	2000	--lambda 0 --q 7.399379433438996 --t0 6.16614952786583 --t1 2.30202915706991 --steps 2000	45200000
G14_SCA_E1	G14	800	3034	E1	SCA	const	4000	--lambda 0 --q 7.399379433438996 --t0 6.16614952786583 --t1 2.30202915706991 --steps 4000	45200000
G14_TEC_E12	G14	800	3034	E12	TEC	const	1000	--tec-jv -0.616614952786583 --q 4.932919622292664 --t0 3.083074763932915 --t1 2.30202915706991 --steps 1000	45300000
G14_TEC_E1	G14	800	3034	E1	TEC	const	2000	--tec-jv -0.616614952786583 --q 4.932919622292664 --t0 3.083074763932915 --t1 2.30202915706991 --steps 2000	45300000
G14_OnsagerkT_E12	G14	800	3034	E12	Onsager-kT	const	1000	--tecT 2.0 --ramp --q 9.865839244585327 --t0 3.083074763932915 --t1 2.30202915706991 --steps 1000	45400000
G14_OnsagerkT_E1	G14	800	3034	E1	Onsager-kT	const	4000	--tecT 2.0 --ramp --q 9.865839244585327 --t0 3.083074763932915 --t1 2.30202915706991 --steps 4000	45400000
G14_Onsageronline_E12	G14	800	3034	E12	Onsager-online	ons	1000	--lambda 0.01467608804402201 --ramp --q 4.932919622292664 --t0 3.083074763932915 --t1 2.30202915706991 --steps 1000	45500000
G14_Onsageronline_E1	G14	800	3034	E1	Onsager-online	ons	2000	--lambda 0.01467608804402201 --ramp --q 4.932919622292664 --t0 3.083074763932915 --t1 2.30202915706991 --steps 2000	45500000
G15_SCA_E12	G15	800	3020	E12	SCA	const	2000	--lambda 0 --q 7.373323809517659 --t0 6.144436507931383 --t1 2.29392296296105 --steps 2000	45600000
G15_SCA_E1	G15	800	3020	E1	SCA	const	4000	--lambda 0 --q 7.373323809517659 --t0 6.144436507931383 --t1 2.29392296296105 --steps 4000	45600000
G15_TEC_E12	G15	800	3020	E12	TEC	const	1000	--tec-jv -0.6144436507931382 --q 4.915549206345106 --t0 3.0722182539656915 --t1 2.29392296296105 --steps 1000	45700000
G15_TEC_E1	G15	800	3020	E1	TEC	const	2000	--tec-jv -0.6144436507931382 --q 4.915549206345106 --t0 3.0722182539656915 --t1 2.29392296296105 --steps 2000	45700000
G15_OnsagerkT_E12	G15	800	3020	E12	Onsager-kT	const	1000	--tecT 2.0 --ramp --q 9.831098412690212 --t0 3.0722182539656915 --t1 2.29392296296105 --steps 1000	45800000
G15_OnsagerkT_E1	G15	800	3020	E1	Onsager-kT	const	4000	--tecT 2.0 --ramp --q 9.831098412690212 --t0 3.0722182539656915 --t1 2.29392296296105 --steps 4000	45800000
G15_Onsageronline_E12	G15	800	3020	E12	Onsager-online	ons	2000	--lambda 0.007286455727863932 --ramp --q 7.373323809517659 --t0 6.144436507931383 --t1 2.29392296296105 --steps 2000	45900000
G15_Onsageronline_E1	G15	800	3020	E1	Onsager-online	ons	4000	--lambda 0.003643227863931966 --ramp --q 7.373323809517659 --t0 6.144436507931383 --t1 2.29392296296105 --steps 4000	45900000
G16_SCA_E12	G16	800	3022	E12	SCA	const	2000	--lambda 0 --q 7.382019235954347 --t0 6.151682696628622 --t1 2.2966282067413526 --steps 2000	46000000
G16_SCA_E1	G16	800	3022	E1	SCA	const	4000	--lambda 0 --q 7.382019235954347 --t0 6.151682696628622 --t1 2.2966282067413526 --steps 4000	46000000
G16_TEC_E12	G16	800	3022	E12	TEC	const	1000	--tec-jv -0.6151682696628622 --q 4.921346157302898 --t0 3.075841348314311 --t1 2.2966282067413526 --steps 1000	46100000
G16_TEC_E1	G16	800	3022	E1	TEC	const	2000	--tec-jv -0.6151682696628622 --q 4.921346157302898 --t0 3.075841348314311 --t1 2.2966282067413526 --steps 2000	46100000
G16_OnsagerkT_E12	G16	800	3022	E12	Onsager-kT	const	1000	--tecT 2.0 --ramp --q 9.842692314605795 --t0 3.075841348314311 --t1 2.2966282067413526 --steps 1000	46200000
G16_OnsagerkT_E1	G16	800	3022	E1	Onsager-kT	const	4000	--tecT 2.0 --ramp --q 9.842692314605795 --t0 3.075841348314311 --t1 2.2966282067413526 --steps 4000	46200000
G16_Onsageronline_E12	G16	800	3022	E12	Onsager-online	ons	1000	--lambda 0.014607303651825913 --ramp --q 4.921346157302898 --t0 3.075841348314311 --t1 2.2966282067413526 --steps 1000	46300000
G16_Onsageronline_E1	G16	800	3022	E1	Onsager-online	ons	4000	--lambda 0.0073036518259129565 --ramp --q 7.382019235954347 --t0 6.151682696628622 --t1 2.2966282067413526 --steps 4000	46300000
G17_SCA_E12	G17	800	3017	E12	SCA	const	2000	--lambda 0 --q 7.378068039805543 --t0 6.148390033171285 --t1 2.29539894571728 --steps 2000	46400000
G17_SCA_E1	G17	800	3017	E1	SCA	const	4000	--lambda 0 --q 7.378068039805543 --t0 6.148390033171285 --t1 2.29539894571728 --steps 4000	46400000
G17_TEC_E12	G17	800	3017	E12	TEC	const	1000	--tec-jv -0.6148390033171285 --q 4.918712026537028 --t0 3.0741950165856426 --t1 2.29539894571728 --steps 1000	46500000
G17_TEC_E1	G17	800	3017	E1	TEC	const	2000	--tec-jv -0.6148390033171285 --q 4.918712026537028 --t0 3.0741950165856426 --t1 2.29539894571728 --steps 2000	46500000
G17_OnsagerkT_E12	G17	800	3017	E12	Onsager-kT	const	1000	--tecT 2.0 --ramp --q 9.837424053074056 --t0 3.0741950165856426 --t1 2.29539894571728 --steps 1000	46600000
G17_OnsagerkT_E1	G17	800	3017	E1	Onsager-kT	const	2000	--tecT 2.0 --ramp --q 9.837424053074056 --t0 3.0741950165856426 --t1 2.29539894571728 --steps 2000	46600000
G17_Onsageronline_E12	G17	800	3017	E12	Onsager-online	ons	1000	--lambda 0.014591670835417708 --ramp --q 4.918712026537028 --t0 3.0741950165856426 --t1 2.29539894571728 --steps 1000	46700000
G17_Onsageronline_E1	G17	800	3017	E1	Onsager-online	ons	2000	--lambda 0.014591670835417708 --ramp --q 4.918712026537028 --t0 3.0741950165856426 --t1 2.29539894571728 --steps 2000	46700000
G18_SCA_E12	G18	800	983	E12	SCA	const	1000	--lambda 0 --q 0.616614952786583 --t0 4.6246121458993725 --t1 0.3836715261783183 --steps 1000	46800000
G18_SCA_E1	G18	800	983	E1	SCA	const	2000	--lambda 0 --q 0.616614952786583 --t0 3.8538434549161438 --t1 0.3836715261783183 --steps 2000	46800000
G18_TEC_E12	G18	800	983	E12	TEC	const	500	--tec-jv -0.616614952786583 --q 0.616614952786583 --t0 4.6246121458993725 --t1 0.3836715261783183 --steps 500	46900000
G18_TEC_E1	G18	800	983	E1	TEC	const	500	--tec-jv -0.616614952786583 --q 0.616614952786583 --t0 4.6246121458993725 --t1 0.3836715261783183 --steps 500	46900000
G18_OnsagerkT_E12	G18	800	983	E12	Onsager-kT	const	500	--tecT 1.0 --ramp --q 0.616614952786583 --t0 3.083074763932915 --t1 0.3836715261783183 --steps 500	47000000
G18_OnsagerkT_E1	G18	800	983	E1	Onsager-kT	const	500	--tecT 1.0 --ramp --q 0.616614952786583 --t0 3.083074763932915 --t1 0.3836715261783183 --steps 500	47000000
G18_Onsageronline_E12	G18	800	983	E12	Onsager-online	ons	500	--lambda 0.007338044022011005 --ramp --q 0.616614952786583 --t0 3.083074763932915 --t1 0.3836715261783183 --steps 500	47100000
G18_Onsageronline_E1	G18	800	983	E1	Onsager-online	ons	4000	--lambda 0.007338044022011005 --ramp --q 0.616614952786583 --t0 3.083074763932915 --t1 0.3836715261783183 --steps 4000	47100000
G19_SCA_E12	G19	800	897	E12	SCA	const	1000	--lambda 0 --q 0.6144436507931382 --t0 3.840272817457114 --t1 0.3823204938268416 --steps 1000	47200000
G19_SCA_E1	G19	800	897	E1	SCA	const	2000	--lambda 0 --q 0.6144436507931382 --t0 3.0722182539656915 --t1 0.3823204938268416 --steps 2000	47200000
G19_TEC_E12	G19	800	897	E12	TEC	const	1000	--tec-jv -0.3072218253965691 --q 0.6144436507931382 --t0 4.608327380948538 --t1 0.3823204938268416 --steps 1000	47300000
G19_TEC_E1	G19	800	897	E1	TEC	const	2000	--tec-jv -0.6144436507931382 --q 0.6144436507931382 --t0 4.608327380948538 --t1 0.3823204938268416 --steps 2000	47300000
G19_OnsagerkT_E12	G19	800	897	E12	Onsager-kT	const	500	--tecT 1.0 --ramp --q 0.6144436507931382 --t0 3.0722182539656915 --t1 0.3823204938268416 --steps 500	47400000
G19_OnsagerkT_E1	G19	800	897	E1	Onsager-kT	const	2000	--tecT 1.0 --ramp --q 0.6144436507931382 --t0 3.0722182539656915 --t1 0.3823204938268416 --steps 2000	47400000
G19_Onsageronline_E12	G19	800	897	E12	Onsager-online	ons	1000	--lambda 0.007286455727863932 --ramp --q 0.6144436507931382 --t0 3.0722182539656915 --t1 0.3823204938268416 --steps 1000	47500000
G19_Onsageronline_E1	G19	800	897	E1	Onsager-online	ons	1000	--lambda 0.007286455727863932 --ramp --q 0.6144436507931382 --t0 3.0722182539656915 --t1 0.3823204938268416 --steps 1000	47500000
G20_SCA_E12	G20	800	932	E12	SCA	const	1000	--lambda 0 --q 0.6151682696628622 --t0 3.844801685392889 --t1 0.3827713677902254 --steps 1000	47600000
G20_SCA_E1	G20	800	932	E1	SCA	const	1000	--lambda 0 --q 0.6151682696628622 --t0 3.844801685392889 --t1 0.3827713677902254 --steps 1000	47600000
G20_TEC_E12	G20	800	932	E12	TEC	const	250	--tec-jv -0.6151682696628622 --q 0.6151682696628622 --t0 4.613762022471467 --t1 0.3827713677902254 --steps 250	47700000
G20_TEC_E1	G20	800	932	E1	TEC	const	4000	--tec-jv -0.6151682696628622 --q 1.2303365393257244 --t0 4.613762022471467 --t1 0.3827713677902254 --steps 4000	47700000
G20_OnsagerkT_E12	G20	800	932	E12	Onsager-kT	const	250	--tecT 1.0 --ramp --q 0.6151682696628622 --t0 3.075841348314311 --t1 0.3827713677902254 --steps 250	47800000
G20_OnsagerkT_E1	G20	800	932	E1	Onsager-kT	const	250	--tecT 1.0 --ramp --q 0.6151682696628622 --t0 3.075841348314311 --t1 0.3827713677902254 --steps 250	47800000
G20_Onsageronline_E12	G20	800	932	E12	Onsager-online	ons	250	--lambda 0.014607303651825913 --ramp --q 0.6151682696628622 --t0 1.5379206741571556 --t1 0.3827713677902254 --steps 250	47900000
G20_Onsageronline_E1	G20	800	932	E1	Onsager-online	ons	2000	--lambda 0.0073036518259129565 --ramp --q 0.6151682696628622 --t0 6.151682696628622 --t1 0.3827713677902254 --steps 2000	47900000
G21_SCA_E12	G21	800	922	E12	SCA	const	2000	--lambda 0 --q 0.6148390033171285 --t0 3.8427437707320533 --t1 0.38256649095288 --steps 2000	48000000
G21_SCA_E1	G21	800	922	E1	SCA	const	2000	--lambda 0 --q 0.6148390033171285 --t0 3.8427437707320533 --t1 0.38256649095288 --steps 2000	48000000
G21_TEC_E12	G21	800	922	E12	TEC	const	2000	--tec-jv -0.6148390033171285 --q 0.6148390033171285 --t0 6.148390033171285 --t1 0.38256649095288 --steps 2000	48100000
G21_TEC_E1	G21	800	922	E1	TEC	const	2000	--tec-jv -0.6148390033171285 --q 0.6148390033171285 --t0 6.148390033171285 --t1 0.38256649095288 --steps 2000	48100000
G21_OnsagerkT_E12	G21	800	922	E12	Onsager-kT	const	1000	--tecT 1.0 --ramp --q 0.6148390033171285 --t0 3.0741950165856426 --t1 0.38256649095288 --steps 1000	48200000
G21_OnsagerkT_E1	G21	800	922	E1	Onsager-kT	const	1000	--tecT 1.0 --ramp --q 0.6148390033171285 --t0 3.0741950165856426 --t1 0.38256649095288 --steps 1000	48200000
G21_Onsageronline_E12	G21	800	922	E12	Onsager-online	ons	1000	--lambda 0.007295835417708854 --ramp --q 0.6148390033171285 --t0 3.0741950165856426 --t1 0.38256649095288 --steps 1000	48300000
G21_Onsageronline_E1	G21	800	922	E1	Onsager-online	ons	1000	--lambda 0.007295835417708854 --ramp --q 0.6148390033171285 --t0 3.0741950165856426 --t1 0.38256649095288 --steps 1000	48300000
G22_SCA_E12	G22	2000	13226	E12	SCA	const	500	--lambda 0 --q 6.438265604959149 --t0 8.047832006198936 --t1 3.0045239489809363 --steps 500	48400000
G22_SCA_E1	G22	2000	13226	E1	SCA	const	1000	--lambda 0 --q 6.438265604959149 --t0 8.047832006198936 --t1 3.0045239489809363 --steps 1000	48400000
G22_TEC_E12	G22	2000	13226	E12	TEC	const	250	--tec-jv -0.8047832006198936 --q 6.438265604959149 --t0 6.0358740046492025 --t1 3.0045239489809363 --steps 250	48500000
G22_TEC_E1	G22	2000	13226	E1	TEC	const	500	--tec-jv -0.8047832006198936 --q 6.438265604959149 --t0 6.0358740046492025 --t1 3.0045239489809363 --steps 500	48500000
G22_OnsagerkT_E12	G22	2000	13226	E12	Onsager-kT	const	250	--tecT 0.25 --ramp --q 6.438265604959149 --t0 6.0358740046492025 --t1 3.0045239489809363 --steps 250	48600000
G22_OnsagerkT_E1	G22	2000	13226	E1	Onsager-kT	const	500	--tecT 0.25 --ramp --q 6.438265604959149 --t0 6.0358740046492025 --t1 3.0045239489809363 --steps 500	48600000
G22_Onsageronline_E12	G22	2000	13226	E12	Onsager-online	ons	500	--lambda 0.009999999999999998 --ramp --q 6.438265604959149 --t0 6.0358740046492025 --t1 3.0045239489809363 --steps 500	48700000
G22_Onsageronline_E1	G22	2000	13226	E1	Onsager-online	ons	1000	--lambda 0.004999999999999999 --ramp --q 6.438265604959149 --t0 6.0358740046492025 --t1 3.0045239489809363 --steps 1000	48700000
G23_SCA_E12	G23	2000	13211	E12	SCA	const	250	--lambda 0 --q 6.438265604959149 --t0 8.047832006198936 --t1 3.0045239489809363 --steps 250	48800000
G23_SCA_E1	G23	2000	13211	E1	SCA	const	1000	--lambda 0 --q 6.438265604959149 --t0 6.0358740046492025 --t1 3.0045239489809363 --steps 1000	48800000
G23_TEC_E12	G23	2000	13211	E12	TEC	const	250	--tec-jv -1.6095664012397872 --q 6.438265604959149 --t0 6.0358740046492025 --t1 3.0045239489809363 --steps 250	48900000
G23_TEC_E1	G23	2000	13211	E1	TEC	const	500	--tec-jv -1.6095664012397872 --q 6.438265604959149 --t0 6.0358740046492025 --t1 3.0045239489809363 --steps 500	48900000
G23_OnsagerkT_E12	G23	2000	13211	E12	Onsager-kT	const	250	--tecT 0.25 --ramp --q 6.438265604959149 --t0 6.0358740046492025 --t1 3.0045239489809363 --steps 250	49000000
G23_OnsagerkT_E1	G23	2000	13211	E1	Onsager-kT	const	500	--tecT 0.25 --ramp --q 6.438265604959149 --t0 6.0358740046492025 --t1 3.0045239489809363 --steps 500	49000000
G23_Onsageronline_E12	G23	2000	13211	E12	Onsager-online	ons	250	--lambda 0.009999999999999998 --ramp --q 6.438265604959149 --t0 6.0358740046492025 --t1 3.0045239489809363 --steps 250	49100000
G23_Onsageronline_E1	G23	2000	13211	E1	Onsager-online	ons	500	--lambda 0.004999999999999999 --ramp --q 6.438265604959149 --t0 6.0358740046492025 --t1 3.0045239489809363 --steps 500	49100000
G24_SCA_E12	G24	2000	13204	E12	SCA	const	500	--lambda 0 --q 6.438265604959149 --t0 6.0358740046492025 --t1 3.0045239489809363 --steps 500	49200000
G24_SCA_E1	G24	2000	13204	E1	SCA	const	500	--lambda 0 --q 6.438265604959149 --t0 6.0358740046492025 --t1 3.0045239489809363 --steps 500	49200000
G24_TEC_E12	G24	2000	13204	E12	TEC	const	250	--tec-jv -0.8047832006198936 --q 6.438265604959149 --t0 6.0358740046492025 --t1 3.0045239489809363 --steps 250	49300000
G24_TEC_E1	G24	2000	13204	E1	TEC	const	500	--tec-jv -0.8047832006198936 --q 6.438265604959149 --t0 6.0358740046492025 --t1 3.0045239489809363 --steps 500	49300000
G24_OnsagerkT_E12	G24	2000	13204	E12	Onsager-kT	const	250	--tecT 0.5 --ramp --q 6.438265604959149 --t0 6.0358740046492025 --t1 3.0045239489809363 --steps 250	49400000
G24_OnsagerkT_E1	G24	2000	13204	E1	Onsager-kT	const	500	--tecT 0.25 --ramp --q 6.438265604959149 --t0 6.0358740046492025 --t1 3.0045239489809363 --steps 500	49400000
G24_Onsageronline_E12	G24	2000	13204	E12	Onsager-online	ons	250	--lambda 0.009999999999999998 --ramp --q 6.438265604959149 --t0 6.0358740046492025 --t1 3.0045239489809363 --steps 250	49500000
G24_Onsageronline_E1	G24	2000	13204	E1	Onsager-online	ons	500	--lambda 0.009999999999999998 --ramp --q 6.438265604959149 --t0 6.0358740046492025 --t1 3.0045239489809363 --steps 500	49500000
G25_SCA_E12	G25	2000	13207	E12	SCA	const	250	--lambda 0 --q 6.438265604959149 --t0 6.0358740046492025 --t1 3.0045239489809363 --steps 250	49600000
G25_SCA_E1	G25	2000	13207	E1	SCA	const	1000	--lambda 0 --q 6.438265604959149 --t0 8.047832006198936 --t1 3.0045239489809363 --steps 1000	49600000
G25_TEC_E12	G25	2000	13207	E12	TEC	const	250	--tec-jv -1.6095664012397872 --q 6.438265604959149 --t0 6.0358740046492025 --t1 3.0045239489809363 --steps 250	49700000
G25_TEC_E1	G25	2000	13207	E1	TEC	const	500	--tec-jv -1.6095664012397872 --q 6.438265604959149 --t0 6.0358740046492025 --t1 3.0045239489809363 --steps 500	49700000
G25_OnsagerkT_E12	G25	2000	13207	E12	Onsager-kT	const	250	--tecT 0.25 --ramp --q 6.438265604959149 --t0 6.0358740046492025 --t1 3.0045239489809363 --steps 250	49800000
G25_OnsagerkT_E1	G25	2000	13207	E1	Onsager-kT	const	500	--tecT 0.25 --ramp --q 6.438265604959149 --t0 6.0358740046492025 --t1 3.0045239489809363 --steps 500	49800000
G25_Onsageronline_E12	G25	2000	13207	E12	Onsager-online	ons	250	--lambda 0.004999999999999999 --ramp --q 6.438265604959149 --t0 6.0358740046492025 --t1 3.0045239489809363 --steps 250	49900000
G25_Onsageronline_E1	G25	2000	13207	E1	Onsager-online	ons	500	--lambda 0.009999999999999998 --ramp --q 6.438265604959149 --t0 6.0358740046492025 --t1 3.0045239489809363 --steps 500	49900000
G26_SCA_E12	G26	2000	13195	E12	SCA	const	500	--lambda 0 --q 6.438265604959149 --t0 6.0358740046492025 --t1 3.0045239489809363 --steps 500	50000000
G26_SCA_E1	G26	2000	13195	E1	SCA	const	1000	--lambda 0 --q 6.438265604959149 --t0 6.0358740046492025 --t1 3.0045239489809363 --steps 1000	50000000
G26_TEC_E12	G26	2000	13195	E12	TEC	const	250	--tec-jv -0.8047832006198936 --q 6.438265604959149 --t0 6.0358740046492025 --t1 3.0045239489809363 --steps 250	50100000
G26_TEC_E1	G26	2000	13195	E1	TEC	const	500	--tec-jv -1.6095664012397872 --q 6.438265604959149 --t0 6.0358740046492025 --t1 3.0045239489809363 --steps 500	50100000
G26_OnsagerkT_E12	G26	2000	13195	E12	Onsager-kT	const	250	--tecT 0.25 --ramp --q 6.438265604959149 --t0 6.0358740046492025 --t1 3.0045239489809363 --steps 250	50200000
G26_OnsagerkT_E1	G26	2000	13195	E1	Onsager-kT	const	500	--tecT 0.5 --ramp --q 6.438265604959149 --t0 6.0358740046492025 --t1 3.0045239489809363 --steps 500	50200000
G26_Onsageronline_E12	G26	2000	13195	E12	Onsager-online	ons	250	--lambda 0.009999999999999998 --ramp --q 6.438265604959149 --t0 6.0358740046492025 --t1 3.0045239489809363 --steps 250	50300000
G26_Onsageronline_E1	G26	2000	13195	E1	Onsager-online	ons	500	--lambda 0.009999999999999998 --ramp --q 6.438265604959149 --t0 6.0358740046492025 --t1 3.0045239489809363 --steps 500	50300000
G27_SCA_E12	G27	2000	3308	E12	SCA	const	1000	--lambda 0 --q 0.2011958001549734 --t0 4.023916003099468 --t1 0.5007539914968226 --steps 1000	50400000
G27_SCA_E1	G27	2000	3308	E1	SCA	const	2000	--lambda 0 --q 0.4023916003099468 --t0 4.023916003099468 --t1 0.5007539914968226 --steps 2000	50400000
G27_TEC_E12	G27	2000	3308	E12	TEC	const	1000	--tec-jv -0.4023916003099468 --q 0.4023916003099468 --t0 4.023916003099468 --t1 0.5007539914968226 --steps 1000	50500000
G27_TEC_E1	G27	2000	3308	E1	TEC	const	2000	--tec-jv -0.4023916003099468 --q 0.4023916003099468 --t0 4.023916003099468 --t1 0.5007539914968226 --steps 2000	50500000
G27_OnsagerkT_E12	G27	2000	3308	E12	Onsager-kT	const	500	--tecT 1.0 --ramp --q 0.4023916003099468 --t0 2.011958001549734 --t1 0.5007539914968226 --steps 500	50600000
G27_OnsagerkT_E1	G27	2000	3308	E1	Onsager-kT	const	2000	--tecT 1.0 --ramp --q 0.4023916003099468 --t0 2.011958001549734 --t1 0.5007539914968226 --steps 2000	50600000
G27_Onsageronline_E12	G27	2000	3308	E12	Onsager-online	ons	500	--lambda 0.009999999999999998 --ramp --q 0.8047832006198936 --t0 2.011958001549734 --t1 0.5007539914968226 --steps 500	50700000
G27_Onsageronline_E1	G27	2000	3308	E1	Onsager-online	ons	1000	--lambda 0.009999999999999998 --ramp --q 0.8047832006198936 --t0 2.011958001549734 --t1 0.5007539914968226 --steps 1000	50700000
G28_SCA_E12	G28	2000	3266	E12	SCA	const	1000	--lambda 0 --q 0.2011958001549734 --t0 4.023916003099468 --t1 0.5007539914968226 --steps 1000	50800000
G28_SCA_E1	G28	2000	3266	E1	SCA	const	2000	--lambda 0 --q 0.4023916003099468 --t0 4.023916003099468 --t1 0.5007539914968226 --steps 2000	50800000
G28_TEC_E12	G28	2000	3266	E12	TEC	const	500	--tec-jv -0.4023916003099468 --q 0.4023916003099468 --t0 4.023916003099468 --t1 0.5007539914968226 --steps 500	50900000
G28_TEC_E1	G28	2000	3266	E1	TEC	const	2000	--tec-jv -0.2011958001549734 --q 0.4023916003099468 --t0 4.023916003099468 --t1 0.5007539914968226 --steps 2000	50900000
G28_OnsagerkT_E12	G28	2000	3266	E12	Onsager-kT	const	250	--tecT 1.0 --ramp --q 0.4023916003099468 --t0 2.011958001549734 --t1 0.5007539914968226 --steps 250	51000000
G28_OnsagerkT_E1	G28	2000	3266	E1	Onsager-kT	const	2000	--tecT 1.0 --ramp --q 0.4023916003099468 --t0 2.011958001549734 --t1 0.5007539914968226 --steps 2000	51000000
G28_Onsageronline_E12	G28	2000	3266	E12	Onsager-online	ons	500	--lambda 0.009999999999999998 --ramp --q 0.8047832006198936 --t0 2.011958001549734 --t1 0.5007539914968226 --steps 500	51100000
G28_Onsageronline_E1	G28	2000	3266	E1	Onsager-online	ons	1000	--lambda 0.009999999999999998 --ramp --q 0.8047832006198936 --t0 2.011958001549734 --t1 0.5007539914968226 --steps 1000	51100000
G29_SCA_E12	G29	2000	3371	E12	SCA	const	1000	--lambda 0 --q 0.2011958001549734 --t0 4.023916003099468 --t1 0.5007539914968226 --steps 1000	51200000
G29_SCA_E1	G29	2000	3371	E1	SCA	const	4000	--lambda 0 --q 0.4023916003099468 --t0 4.023916003099468 --t1 0.5007539914968226 --steps 4000	51200000
G29_TEC_E12	G29	2000	3371	E12	TEC	const	1000	--tec-jv -0.4023916003099468 --q 0.4023916003099468 --t0 4.023916003099468 --t1 0.5007539914968226 --steps 1000	51300000
G29_TEC_E1	G29	2000	3371	E1	TEC	const	1000	--tec-jv -0.4023916003099468 --q 0.4023916003099468 --t0 4.023916003099468 --t1 0.5007539914968226 --steps 1000	51300000
G29_OnsagerkT_E12	G29	2000	3371	E12	Onsager-kT	const	500	--tecT 1.0 --ramp --q 0.4023916003099468 --t0 2.011958001549734 --t1 0.5007539914968226 --steps 500	51400000
G29_OnsagerkT_E1	G29	2000	3371	E1	Onsager-kT	const	4000	--tecT 1.0 --ramp --q 0.4023916003099468 --t0 2.011958001549734 --t1 0.5007539914968226 --steps 4000	51400000
G29_Onsageronline_E12	G29	2000	3371	E12	Onsager-online	ons	500	--lambda 0.009999999999999998 --ramp --q 0.8047832006198936 --t0 2.011958001549734 --t1 0.5007539914968226 --steps 500	51500000
G29_Onsageronline_E1	G29	2000	3371	E1	Onsager-online	ons	2000	--lambda 0.009999999999999998 --ramp --q 0.8047832006198936 --t0 2.011958001549734 --t1 0.5007539914968226 --steps 2000	51500000
G30_SCA_E12	G30	2000	3379	E12	SCA	const	500	--lambda 0 --q 0.4023916003099468 --t0 4.023916003099468 --t1 0.5007539914968226 --steps 500	51600000
G30_SCA_E1	G30	2000	3379	E1	SCA	const	2000	--lambda 0 --q 0.4023916003099468 --t0 4.023916003099468 --t1 0.5007539914968226 --steps 2000	51600000
G30_TEC_E12	G30	2000	3379	E12	TEC	const	500	--tec-jv -0.4023916003099468 --q 0.4023916003099468 --t0 4.023916003099468 --t1 0.5007539914968226 --steps 500	51700000
G30_TEC_E1	G30	2000	3379	E1	TEC	const	2000	--tec-jv -0.4023916003099468 --q 0.4023916003099468 --t0 4.023916003099468 --t1 0.5007539914968226 --steps 2000	51700000
G30_OnsagerkT_E12	G30	2000	3379	E12	Onsager-kT	const	250	--tecT 1.0 --ramp --q 0.4023916003099468 --t0 2.011958001549734 --t1 0.5007539914968226 --steps 250	51800000
G30_OnsagerkT_E1	G30	2000	3379	E1	Onsager-kT	const	2000	--tecT 1.0 --ramp --q 0.4023916003099468 --t0 2.011958001549734 --t1 0.5007539914968226 --steps 2000	51800000
G30_Onsageronline_E12	G30	2000	3379	E12	Onsager-online	ons	500	--lambda 0.009999999999999998 --ramp --q 0.8047832006198936 --t0 2.011958001549734 --t1 0.5007539914968226 --steps 500	51900000
G30_Onsageronline_E1	G30	2000	3379	E1	Onsager-online	ons	1000	--lambda 0.009999999999999998 --ramp --q 0.8047832006198936 --t0 2.011958001549734 --t1 0.5007539914968226 --steps 1000	51900000
G31_SCA_E12	G31	2000	3277	E12	SCA	const	500	--lambda 0 --q 0.4023916003099468 --t0 4.023916003099468 --t1 0.5007539914968226 --steps 500	52000000
G31_SCA_E1	G31	2000	3277	E1	SCA	const	2000	--lambda 0 --q 0.4023916003099468 --t0 4.023916003099468 --t1 0.5007539914968226 --steps 2000	52000000
G31_TEC_E12	G31	2000	3277	E12	TEC	const	500	--tec-jv -0.4023916003099468 --q 0.4023916003099468 --t0 4.023916003099468 --t1 0.5007539914968226 --steps 500	52100000
G31_TEC_E1	G31	2000	3277	E1	TEC	const	1000	--tec-jv -0.4023916003099468 --q 0.4023916003099468 --t0 4.023916003099468 --t1 0.5007539914968226 --steps 1000	52100000
G31_OnsagerkT_E12	G31	2000	3277	E12	Onsager-kT	const	500	--tecT 1.0 --ramp --q 0.4023916003099468 --t0 2.011958001549734 --t1 0.5007539914968226 --steps 500	52200000
G31_OnsagerkT_E1	G31	2000	3277	E1	Onsager-kT	const	1000	--tecT 1.0 --ramp --q 0.4023916003099468 --t0 2.011958001549734 --t1 0.5007539914968226 --steps 1000	52200000
G31_Onsageronline_E12	G31	2000	3277	E12	Onsager-online	ons	500	--lambda 0.009999999999999998 --ramp --q 0.8047832006198936 --t0 2.011958001549734 --t1 0.5007539914968226 --steps 500	52300000
G31_Onsageronline_E1	G31	2000	3277	E1	Onsager-online	ons	2000	--lambda 0.004999999999999999 --ramp --q 0.4023916003099468 --t0 4.023916003099468 --t1 0.5007539914968226 --steps 2000	52300000
G32_SCA_E12	G32	2000	1396	E12	SCA	const	4000	--lambda 0 --q 0.36 --t0 1.8 --t1 0.224 --steps 4000	52400000
G32_SCA_E1	G32	2000	1396	E1	SCA	const	4000	--lambda 0 --q 0.36 --t0 1.8 --t1 0.224 --steps 4000	52400000
G32_TEC_E12	G32	2000	1396	E12	TEC	const	4000	--tec-jv -0.18 --q 0.72 --t0 2.7 --t1 0.224 --steps 4000	52500000
G32_TEC_E1	G32	2000	1396	E1	TEC	const	4000	--tec-jv -0.18 --q 0.72 --t0 2.7 --t1 0.224 --steps 4000	52500000
G32_OnsagerkT_E12	G32	2000	1396	E12	Onsager-kT	const	2000	--tecT 1.0 --ramp --q 0.36 --t0 0.9 --t1 0.224 --steps 2000	52600000
G32_OnsagerkT_E1	G32	2000	1396	E1	Onsager-kT	const	2000	--tecT 1.0 --ramp --q 0.36 --t0 0.9 --t1 0.224 --steps 2000	52600000
G32_Onsageronline_E12	G32	2000	1396	E12	Onsager-online	ons	2000	--lambda 0.0010005002501250625 --ramp --q 0.36 --t0 1.8 --t1 0.224 --steps 2000	52700000
G32_Onsageronline_E1	G32	2000	1396	E1	Onsager-online	ons	2000	--lambda 0.0010005002501250625 --ramp --q 0.36 --t0 1.8 --t1 0.224 --steps 2000	52700000
G33_SCA_E12	G33	2000	1369	E12	SCA	const	4000	--lambda 0 --q 0.54 --t0 2.25 --t1 0.224 --steps 4000	52800000
G33_SCA_E1	G33	2000	1369	E1	SCA	const	4000	--lambda 0 --q 0.54 --t0 2.25 --t1 0.224 --steps 4000	52800000
G33_TEC_E12	G33	2000	1369	E12	TEC	const	4000	--tec-jv 0.09 --q 0.36 --t0 1.8 --t1 0.224 --steps 4000	52900000
G33_TEC_E1	G33	2000	1369	E1	TEC	const	4000	--tec-jv 0.09 --q 0.36 --t0 1.8 --t1 0.224 --steps 4000	52900000
G33_OnsagerkT_E12	G33	2000	1369	E12	Onsager-kT	const	4000	--tecT 1.0 --ramp --q 0.36 --t0 0.9 --t1 0.224 --steps 4000	53000000
G33_OnsagerkT_E1	G33	2000	1369	E1	Onsager-kT	const	4000	--tecT 1.0 --ramp --q 0.36 --t0 0.9 --t1 0.224 --steps 4000	53000000
G33_Onsageronline_E12	G33	2000	1369	E12	Onsager-online	ons	4000	--lambda 0.0010005002501250625 --ramp --q 0.36 --t0 2.7 --t1 0.224 --steps 4000	53100000
G33_Onsageronline_E1	G33	2000	1369	E1	Onsager-online	ons	4000	--lambda 0.0010005002501250625 --ramp --q 0.36 --t0 2.7 --t1 0.224 --steps 4000	53100000
G34_SCA_E12	G34	2000	1371	E12	SCA	const	4000	--lambda 0 --q 0.36 --t0 1.8 --t1 0.224 --steps 4000	53200000
G34_SCA_E1	G34	2000	1371	E1	SCA	const	4000	--lambda 0 --q 0.36 --t0 1.8 --t1 0.224 --steps 4000	53200000
G34_TEC_E12	G34	2000	1371	E12	TEC	const	4000	--tec-jv 0.18 --q 0.36 --t0 1.8 --t1 0.224 --steps 4000	53300000
G34_TEC_E1	G34	2000	1371	E1	TEC	const	4000	--tec-jv 0.18 --q 0.36 --t0 1.8 --t1 0.224 --steps 4000	53300000
G34_OnsagerkT_E12	G34	2000	1371	E12	Onsager-kT	const	4000	--tecT 1.0 --ramp --q 0.36 --t0 0.9 --t1 0.224 --steps 4000	53400000
G34_OnsagerkT_E1	G34	2000	1371	E1	Onsager-kT	const	4000	--tecT 1.0 --ramp --q 0.36 --t0 0.9 --t1 0.224 --steps 4000	53400000
G34_Onsageronline_E12	G34	2000	1371	E12	Onsager-online	ons	4000	--lambda 0.0010005002501250625 --ramp --q 0.36 --t0 1.8 --t1 0.224 --steps 4000	53500000
G34_Onsageronline_E1	G34	2000	1371	E1	Onsager-online	ons	4000	--lambda 0.0010005002501250625 --ramp --q 0.36 --t0 1.8 --t1 0.224 --steps 4000	53500000
G35_SCA_E12	G35	2000	7611	E12	SCA	const	4000	--lambda 0 --q 7.412923633762863 --t0 6.177436361469052 --t1 2.3062429082817797 --steps 4000	53600000
G35_SCA_E1	G35	2000	7611	E1	SCA	const	4000	--lambda 0 --q 7.412923633762863 --t0 6.177436361469052 --t1 2.3062429082817797 --steps 4000	53600000
G35_TEC_E12	G35	2000	7611	E12	TEC	const	2000	--tec-jv -0.6177436361469052 --q 4.941949089175242 --t0 3.088718180734526 --t1 2.3062429082817797 --steps 2000	53700000
G35_TEC_E1	G35	2000	7611	E1	TEC	const	4000	--tec-jv -0.6177436361469052 --q 4.941949089175242 --t0 3.088718180734526 --t1 2.3062429082817797 --steps 4000	53700000
G35_OnsagerkT_E12	G35	2000	7611	E12	Onsager-kT	const	1000	--tecT 2.0 --ramp --q 9.883898178350483 --t0 3.088718180734526 --t1 2.3062429082817797 --steps 1000	53800000
G35_OnsagerkT_E1	G35	2000	7611	E1	Onsager-kT	const	4000	--tecT 2.0 --ramp --q 9.883898178350483 --t0 3.088718180734526 --t1 2.3062429082817797 --steps 4000	53800000
G35_Onsageronline_E12	G35	2000	7611	E12	Onsager-online	ons	4000	--lambda 0.0029459729864932467 --ramp --q 7.412923633762863 --t0 6.177436361469052 --t1 2.3062429082817797 --steps 4000	53900000
G35_Onsageronline_E1	G35	2000	7611	E1	Onsager-online	ons	2000	--lambda 0.0058919459729864935 --ramp --q 4.941949089175242 --t0 3.088718180734526 --t1 2.3062429082817797 --steps 2000	53900000
G36_SCA_E12	G36	2000	7604	E12	SCA	const	2000	--lambda 0 --q 7.40914634758958 --t0 6.174288622991316 --t1 2.3050677525834247 --steps 2000	54000000
G36_SCA_E1	G36	2000	7604	E1	SCA	const	4000	--lambda 0 --q 7.40914634758958 --t0 6.174288622991316 --t1 2.3050677525834247 --steps 4000	54000000
G36_TEC_E12	G36	2000	7604	E12	TEC	const	2000	--tec-jv -0.6174288622991315 --q 4.939430898393052 --t0 3.087144311495658 --t1 2.3050677525834247 --steps 2000	54100000
G36_TEC_E1	G36	2000	7604	E1	TEC	const	4000	--tec-jv -0.6174288622991315 --q 4.939430898393052 --t0 3.087144311495658 --t1 2.3050677525834247 --steps 4000	54100000
G36_OnsagerkT_E12	G36	2000	7604	E12	Onsager-kT	const	1000	--tecT 2.0 --ramp --q 9.878861796786104 --t0 3.087144311495658 --t1 2.3050677525834247 --steps 1000	54200000
G36_OnsagerkT_E1	G36	2000	7604	E1	Onsager-kT	const	4000	--tecT 2.0 --ramp --q 9.878861796786104 --t0 3.087144311495658 --t1 2.3050677525834247 --steps 4000	54200000
G36_Onsageronline_E12	G36	2000	7604	E12	Onsager-online	ons	2000	--lambda 0.0058859429714857425 --ramp --q 4.939430898393052 --t0 3.087144311495658 --t1 2.3050677525834247 --steps 2000	54300000
G36_Onsageronline_E1	G36	2000	7604	E1	Onsager-online	ons	4000	--lambda 0.0058859429714857425 --ramp --q 4.939430898393052 --t0 3.087144311495658 --t1 2.3050677525834247 --steps 4000	54300000
G37_SCA_E12	G37	2000	7615	E12	SCA	const	4000	--lambda 0 --q 7.415126162109449 --t0 6.179271801757874 --t1 2.3069281393229395 --steps 4000	54400000
G37_SCA_E1	G37	2000	7615	E1	SCA	const	4000	--lambda 0 --q 7.415126162109449 --t0 6.179271801757874 --t1 2.3069281393229395 --steps 4000	54400000
G37_TEC_E12	G37	2000	7615	E12	TEC	const	2000	--tec-jv -0.6179271801757874 --q 4.943417441406299 --t0 3.089635900878937 --t1 2.3069281393229395 --steps 2000	54500000
G37_TEC_E1	G37	2000	7615	E1	TEC	const	4000	--tec-jv -0.6179271801757874 --q 4.943417441406299 --t0 3.089635900878937 --t1 2.3069281393229395 --steps 4000	54500000
G37_OnsagerkT_E12	G37	2000	7615	E12	Onsager-kT	const	1000	--tecT 2.0 --ramp --q 9.886834882812598 --t0 3.089635900878937 --t1 2.3069281393229395 --steps 1000	54600000
G37_OnsagerkT_E1	G37	2000	7615	E1	Onsager-kT	const	4000	--tecT 2.0 --ramp --q 9.886834882812598 --t0 3.089635900878937 --t1 2.3069281393229395 --steps 4000	54600000
G37_Onsageronline_E12	G37	2000	7615	E12	Onsager-online	ons	1000	--lambda 0.005895447723861931 --ramp --q 4.943417441406299 --t0 3.089635900878937 --t1 2.3069281393229395 --steps 1000	54700000
G37_Onsageronline_E1	G37	2000	7615	E1	Onsager-online	ons	4000	--lambda 0.005895447723861931 --ramp --q 4.943417441406299 --t0 3.089635900878937 --t1 2.3069281393229395 --steps 4000	54700000
G38_SCA_E12	G38	2000	7612	E12	SCA	const	4000	--lambda 0 --q 7.413238320734064 --t0 6.17769860061172 --t1 2.306340810895042 --steps 4000	54800000
G38_SCA_E1	G38	2000	7612	E1	SCA	const	4000	--lambda 0 --q 7.413238320734064 --t0 6.17769860061172 --t1 2.306340810895042 --steps 4000	54800000
G38_TEC_E12	G38	2000	7612	E12	TEC	const	500	--tec-jv -1.235539720122344 --q 4.942158880489376 --t0 3.08884930030586 --t1 2.306340810895042 --steps 500	54900000
G38_TEC_E1	G38	2000	7612	E1	TEC	const	4000	--tec-jv -0.617769860061172 --q 4.942158880489376 --t0 3.08884930030586 --t1 2.306340810895042 --steps 4000	54900000
G38_OnsagerkT_E12	G38	2000	7612	E12	Onsager-kT	const	1000	--tecT 2.0 --ramp --q 9.884317760978751 --t0 3.08884930030586 --t1 2.306340810895042 --steps 1000	55000000
G38_OnsagerkT_E1	G38	2000	7612	E1	Onsager-kT	const	4000	--tecT 2.0 --ramp --q 9.884317760978751 --t0 3.08884930030586 --t1 2.306340810895042 --steps 4000	55000000
G38_Onsageronline_E12	G38	2000	7612	E12	Onsager-online	ons	4000	--lambda 0.0014731115557778888 --ramp --q 7.413238320734064 --t0 6.17769860061172 --t1 2.306340810895042 --steps 4000	55100000
G38_Onsageronline_E1	G38	2000	7612	E1	Onsager-online	ons	2000	--lambda 0.005892446223111555 --ramp --q 4.942158880489376 --t0 3.08884930030586 --t1 2.306340810895042 --steps 2000	55100000
G39_SCA_E12	G39	2000	2384	E12	SCA	const	4000	--lambda 0 --q 0.6177436361469052 --t0 3.8608977259181576 --t1 0.38437381804696324 --steps 4000	55200000
G39_SCA_E1	G39	2000	2384	E1	SCA	const	4000	--lambda 0 --q 0.6177436361469052 --t0 3.8608977259181576 --t1 0.38437381804696324 --steps 4000	55200000
G39_TEC_E12	G39	2000	2384	E12	TEC	const	4000	--tec-jv -0.6177436361469052 --q 1.2354872722938104 --t0 6.177436361469052 --t1 0.38437381804696324 --steps 4000	55300000
G39_TEC_E1	G39	2000	2384	E1	TEC	const	4000	--tec-jv -0.6177436361469052 --q 1.2354872722938104 --t0 6.177436361469052 --t1 0.38437381804696324 --steps 4000	55300000
G39_OnsagerkT_E12	G39	2000	2384	E12	Onsager-kT	const	4000	--tecT 0.5 --ramp --q 0.6177436361469052 --t0 3.088718180734526 --t1 0.38437381804696324 --steps 4000	55400000
G39_OnsagerkT_E1	G39	2000	2384	E1	Onsager-kT	const	4000	--tecT 0.5 --ramp --q 0.6177436361469052 --t0 3.088718180734526 --t1 0.38437381804696324 --steps 4000	55400000
G39_Onsageronline_E12	G39	2000	2384	E12	Onsager-online	ons	1000	--lambda 0.0029459729864932467 --ramp --q 0.6177436361469052 --t0 3.088718180734526 --t1 0.38437381804696324 --steps 1000	55500000
G39_Onsageronline_E1	G39	2000	2384	E1	Onsager-online	ons	1000	--lambda 0.0029459729864932467 --ramp --q 0.6177436361469052 --t0 3.088718180734526 --t1 0.38437381804696324 --steps 1000	55500000
G40_SCA_E12	G40	2000	2376	E12	SCA	const	4000	--lambda 0 --q 0.6174288622991315 --t0 3.087144311495658 --t1 0.3841779587639041 --steps 4000	55600000
G40_SCA_E1	G40	2000	2376	E1	SCA	const	4000	--lambda 0 --q 0.6174288622991315 --t0 3.087144311495658 --t1 0.3841779587639041 --steps 4000	55600000
G40_TEC_E12	G40	2000	2376	E12	TEC	const	2000	--tec-jv -0.30871443114956576 --q 0.6174288622991315 --t0 3.087144311495658 --t1 0.3841779587639041 --steps 2000	55700000
G40_TEC_E1	G40	2000	2376	E1	TEC	const	2000	--tec-jv -0.30871443114956576 --q 0.6174288622991315 --t0 3.087144311495658 --t1 0.3841779587639041 --steps 2000	55700000
G40_OnsagerkT_E12	G40	2000	2376	E12	Onsager-kT	const	2000	--tecT 0.5 --ramp --q 0.6174288622991315 --t0 3.087144311495658 --t1 0.3841779587639041 --steps 2000	55800000
G40_OnsagerkT_E1	G40	2000	2376	E1	Onsager-kT	const	2000	--tecT 0.5 --ramp --q 0.6174288622991315 --t0 3.087144311495658 --t1 0.3841779587639041 --steps 2000	55800000
G40_Onsageronline_E12	G40	2000	2376	E12	Onsager-online	ons	2000	--lambda 0.0029429714857428712 --ramp --q 0.6174288622991315 --t0 3.087144311495658 --t1 0.3841779587639041 --steps 2000	55900000
G40_Onsageronline_E1	G40	2000	2376	E1	Onsager-online	ons	2000	--lambda 0.0029429714857428712 --ramp --q 0.6174288622991315 --t0 3.087144311495658 --t1 0.3841779587639041 --steps 2000	55900000
G41_SCA_E12	G41	2000	2381	E12	SCA	const	4000	--lambda 0 --q 0.6179271801757874 --t0 3.089635900878937 --t1 0.3844880232204899 --steps 4000	56000000
G41_SCA_E1	G41	2000	2381	E1	SCA	const	4000	--lambda 0 --q 0.6179271801757874 --t0 3.089635900878937 --t1 0.3844880232204899 --steps 4000	56000000
G41_TEC_E12	G41	2000	2381	E12	TEC	const	2000	--tec-jv -0.3089635900878937 --q 0.6179271801757874 --t0 3.089635900878937 --t1 0.3844880232204899 --steps 2000	56100000
G41_TEC_E1	G41	2000	2381	E1	TEC	const	2000	--tec-jv -0.3089635900878937 --q 0.6179271801757874 --t0 3.089635900878937 --t1 0.3844880232204899 --steps 2000	56100000
G41_OnsagerkT_E12	G41	2000	2381	E12	Onsager-kT	const	2000	--tecT 1.0 --ramp --q 0.6179271801757874 --t0 1.5448179504394686 --t1 0.3844880232204899 --steps 2000	56200000
G41_OnsagerkT_E1	G41	2000	2381	E1	Onsager-kT	const	2000	--tecT 1.0 --ramp --q 0.6179271801757874 --t0 1.5448179504394686 --t1 0.3844880232204899 --steps 2000	56200000
G41_Onsageronline_E12	G41	2000	2381	E12	Onsager-online	ons	2000	--lambda 0.0029477238619309656 --ramp --q 0.6179271801757874 --t0 3.089635900878937 --t1 0.3844880232204899 --steps 2000	56300000
G41_Onsageronline_E1	G41	2000	2381	E1	Onsager-online	ons	2000	--lambda 0.0029477238619309656 --ramp --q 0.6179271801757874 --t0 3.089635900878937 --t1 0.3844880232204899 --steps 2000	56300000
G42_SCA_E12	G42	2000	2457	E12	SCA	const	4000	--lambda 0 --q 0.617769860061172 --t0 3.08884930030586 --t1 0.38439013514917364 --steps 4000	56400000
G42_SCA_E1	G42	2000	2457	E1	SCA	const	4000	--lambda 0 --q 0.617769860061172 --t0 3.08884930030586 --t1 0.38439013514917364 --steps 4000	56400000
G42_TEC_E12	G42	2000	2457	E12	TEC	const	4000	--tec-jv -0.617769860061172 --q 0.617769860061172 --t0 4.63327395045879 --t1 0.38439013514917364 --steps 4000	56500000
G42_TEC_E1	G42	2000	2457	E1	TEC	const	4000	--tec-jv -0.617769860061172 --q 0.617769860061172 --t0 4.63327395045879 --t1 0.38439013514917364 --steps 4000	56500000
G42_OnsagerkT_E12	G42	2000	2457	E12	Onsager-kT	const	4000	--tecT 1.0 --ramp --q 0.617769860061172 --t0 3.08884930030586 --t1 0.38439013514917364 --steps 4000	56600000
G42_OnsagerkT_E1	G42	2000	2457	E1	Onsager-kT	const	4000	--tecT 1.0 --ramp --q 0.617769860061172 --t0 3.08884930030586 --t1 0.38439013514917364 --steps 4000	56600000
G42_Onsageronline_E12	G42	2000	2457	E12	Onsager-online	ons	2000	--lambda 0.0029462231115557776 --ramp --q 0.617769860061172 --t0 3.08884930030586 --t1 0.38439013514917364 --steps 2000	56700000
G42_Onsageronline_E1	G42	2000	2457	E1	Onsager-online	ons	2000	--lambda 0.0029462231115557776 --ramp --q 0.617769860061172 --t0 3.08884930030586 --t1 0.38439013514917364 --steps 2000	56700000
G43_SCA_E12	G43	1000	6594	E12	SCA	const	250	--lambda 0 --q 6.4366550319245786 --t0 8.045818789905724 --t1 3.0037723482314704 --steps 250	56800000
G43_SCA_E1	G43	1000	6594	E1	SCA	const	1000	--lambda 0 --q 6.4366550319245786 --t0 6.034364092429294 --t1 3.0037723482314704 --steps 1000	56800000
G43_TEC_E12	G43	1000	6594	E12	TEC	const	250	--tec-jv -0.8045818789905723 --q 6.4366550319245786 --t0 6.034364092429294 --t1 3.0037723482314704 --steps 250	56900000
G43_TEC_E1	G43	1000	6594	E1	TEC	const	1000	--tec-jv -0.8045818789905723 --q 6.4366550319245786 --t0 6.034364092429294 --t1 3.0037723482314704 --steps 1000	56900000
G43_OnsagerkT_E12	G43	1000	6594	E12	Onsager-kT	const	250	--tecT 0.5 --ramp --q 6.4366550319245786 --t0 6.034364092429294 --t1 3.0037723482314704 --steps 250	57000000
G43_OnsagerkT_E1	G43	1000	6594	E1	Onsager-kT	const	500	--tecT 0.25 --ramp --q 6.4366550319245786 --t0 6.034364092429294 --t1 3.0037723482314704 --steps 500	57000000
G43_Onsageronline_E12	G43	1000	6594	E12	Onsager-online	ons	250	--lambda 0.01998999499749875 --ramp --q 6.4366550319245786 --t0 6.034364092429294 --t1 3.0037723482314704 --steps 250	57100000
G43_Onsageronline_E1	G43	1000	6594	E1	Onsager-online	ons	1000	--lambda 0.01998999499749875 --ramp --q 6.4366550319245786 --t0 6.034364092429294 --t1 3.0037723482314704 --steps 1000	57100000
G44_SCA_E12	G44	1000	6584	E12	SCA	const	250	--lambda 0 --q 6.4366550319245786 --t0 8.045818789905724 --t1 3.0037723482314704 --steps 250	57200000
G44_SCA_E1	G44	1000	6584	E1	SCA	const	1000	--lambda 0 --q 6.4366550319245786 --t0 6.034364092429294 --t1 3.0037723482314704 --steps 1000	57200000
G44_TEC_E12	G44	1000	6584	E12	TEC	const	250	--tec-jv -1.6091637579811446 --q 6.4366550319245786 --t0 6.034364092429294 --t1 3.0037723482314704 --steps 250	57300000
G44_TEC_E1	G44	1000	6584	E1	TEC	const	500	--tec-jv -1.6091637579811446 --q 6.4366550319245786 --t0 6.034364092429294 --t1 3.0037723482314704 --steps 500	57300000
G44_OnsagerkT_E12	G44	1000	6584	E12	Onsager-kT	const	250	--tecT 0.25 --ramp --q 6.4366550319245786 --t0 6.034364092429294 --t1 3.0037723482314704 --steps 250	57400000
G44_OnsagerkT_E1	G44	1000	6584	E1	Onsager-kT	const	500	--tecT 0.5 --ramp --q 6.4366550319245786 --t0 6.034364092429294 --t1 3.0037723482314704 --steps 500	57400000
G44_Onsageronline_E12	G44	1000	6584	E12	Onsager-online	ons	250	--lambda 0.01998999499749875 --ramp --q 6.4366550319245786 --t0 6.034364092429294 --t1 3.0037723482314704 --steps 250	57500000
G44_Onsageronline_E1	G44	1000	6584	E1	Onsager-online	ons	500	--lambda 0.01998999499749875 --ramp --q 6.4366550319245786 --t0 6.034364092429294 --t1 3.0037723482314704 --steps 500	57500000
G45_SCA_E12	G45	1000	6588	E12	SCA	const	250	--lambda 0 --q 6.4366550319245786 --t0 8.045818789905724 --t1 3.0037723482314704 --steps 250	57600000
G45_SCA_E1	G45	1000	6588	E1	SCA	const	1000	--lambda 0 --q 6.4366550319245786 --t0 6.034364092429294 --t1 3.0037723482314704 --steps 1000	57600000
G45_TEC_E12	G45	1000	6588	E12	TEC	const	250	--tec-jv -1.6091637579811446 --q 6.4366550319245786 --t0 6.034364092429294 --t1 3.0037723482314704 --steps 250	57700000
G45_TEC_E1	G45	1000	6588	E1	TEC	const	500	--tec-jv -0.8045818789905723 --q 6.4366550319245786 --t0 6.034364092429294 --t1 3.0037723482314704 --steps 500	57700000
G45_OnsagerkT_E12	G45	1000	6588	E12	Onsager-kT	const	250	--tecT 0.25 --ramp --q 6.4366550319245786 --t0 6.034364092429294 --t1 3.0037723482314704 --steps 250	57800000
G45_OnsagerkT_E1	G45	1000	6588	E1	Onsager-kT	const	500	--tecT 0.25 --ramp --q 6.4366550319245786 --t0 6.034364092429294 --t1 3.0037723482314704 --steps 500	57800000
G45_Onsageronline_E12	G45	1000	6588	E12	Onsager-online	ons	250	--lambda 0.01998999499749875 --ramp --q 6.4366550319245786 --t0 6.034364092429294 --t1 3.0037723482314704 --steps 250	57900000
G45_Onsageronline_E1	G45	1000	6588	E1	Onsager-online	ons	1000	--lambda 0.01998999499749875 --ramp --q 6.4366550319245786 --t0 6.034364092429294 --t1 3.0037723482314704 --steps 1000	57900000
G46_SCA_E12	G46	1000	6583	E12	SCA	const	250	--lambda 0 --q 6.4366550319245786 --t0 8.045818789905724 --t1 3.0037723482314704 --steps 250	58000000
G46_SCA_E1	G46	1000	6583	E1	SCA	const	1000	--lambda 0 --q 6.4366550319245786 --t0 6.034364092429294 --t1 3.0037723482314704 --steps 1000	58000000
G46_TEC_E12	G46	1000	6583	E12	TEC	const	250	--tec-jv -1.6091637579811446 --q 6.4366550319245786 --t0 6.034364092429294 --t1 3.0037723482314704 --steps 250	58100000
G46_TEC_E1	G46	1000	6583	E1	TEC	const	500	--tec-jv -1.6091637579811446 --q 6.4366550319245786 --t0 6.034364092429294 --t1 3.0037723482314704 --steps 500	58100000
G46_OnsagerkT_E12	G46	1000	6583	E12	Onsager-kT	const	250	--tecT 0.25 --ramp --q 6.4366550319245786 --t0 6.034364092429294 --t1 3.0037723482314704 --steps 250	58200000
G46_OnsagerkT_E1	G46	1000	6583	E1	Onsager-kT	const	500	--tecT 0.25 --ramp --q 6.4366550319245786 --t0 6.034364092429294 --t1 3.0037723482314704 --steps 500	58200000
G46_Onsageronline_E12	G46	1000	6583	E12	Onsager-online	ons	250	--lambda 0.01998999499749875 --ramp --q 6.4366550319245786 --t0 6.034364092429294 --t1 3.0037723482314704 --steps 250	58300000
G46_Onsageronline_E1	G46	1000	6583	E1	Onsager-online	ons	1000	--lambda 0.002498749374687344 --ramp --q 6.4366550319245786 --t0 6.034364092429294 --t1 3.0037723482314704 --steps 1000	58300000
G47_SCA_E12	G47	1000	6591	E12	SCA	const	250	--lambda 0 --q 6.4366550319245786 --t0 6.034364092429294 --t1 3.0037723482314704 --steps 250	58400000
G47_SCA_E1	G47	1000	6591	E1	SCA	const	1000	--lambda 0 --q 6.4366550319245786 --t0 8.045818789905724 --t1 3.0037723482314704 --steps 1000	58400000
G47_TEC_E12	G47	1000	6591	E12	TEC	const	250	--tec-jv -1.6091637579811446 --q 6.4366550319245786 --t0 6.034364092429294 --t1 3.0037723482314704 --steps 250	58500000
G47_TEC_E1	G47	1000	6591	E1	TEC	const	500	--tec-jv -1.6091637579811446 --q 6.4366550319245786 --t0 6.034364092429294 --t1 3.0037723482314704 --steps 500	58500000
G47_OnsagerkT_E12	G47	1000	6591	E12	Onsager-kT	const	250	--tecT 0.5 --ramp --q 6.4366550319245786 --t0 6.034364092429294 --t1 3.0037723482314704 --steps 250	58600000
G47_OnsagerkT_E1	G47	1000	6591	E1	Onsager-kT	const	500	--tecT 0.25 --ramp --q 6.4366550319245786 --t0 6.034364092429294 --t1 3.0037723482314704 --steps 500	58600000
G47_Onsageronline_E12	G47	1000	6591	E12	Onsager-online	ons	250	--lambda 0.01998999499749875 --ramp --q 6.4366550319245786 --t0 6.034364092429294 --t1 3.0037723482314704 --steps 250	58700000
G47_Onsageronline_E1	G47	1000	6591	E1	Onsager-online	ons	1000	--lambda 0.01998999499749875 --ramp --q 6.4366550319245786 --t0 6.034364092429294 --t1 3.0037723482314704 --steps 1000	58700000
G51_SCA_E12	G51	1000	3810	E12	SCA	const	2000	--lambda 0 --q 7.425500710389839 --t0 6.1879172586581985 --t1 2.3101557765657277 --steps 2000	58800000
G51_SCA_E1	G51	1000	3810	E1	SCA	const	4000	--lambda 0 --q 7.425500710389839 --t0 6.1879172586581985 --t1 2.3101557765657277 --steps 4000	58800000
G51_TEC_E12	G51	1000	3810	E12	TEC	const	2000	--tec-jv -1.2375834517316397 --q 7.425500710389839 --t0 6.1879172586581985 --t1 2.3101557765657277 --steps 2000	58900000
G51_TEC_E1	G51	1000	3810	E1	TEC	const	4000	--tec-jv -1.2375834517316397 --q 7.425500710389839 --t0 6.1879172586581985 --t1 2.3101557765657277 --steps 4000	58900000
G51_OnsagerkT_E12	G51	1000	3810	E12	Onsager-kT	const	1000	--tecT 2.0 --ramp --q 9.900667613853118 --t0 3.0939586293290993 --t1 2.3101557765657277 --steps 1000	59000000
G51_OnsagerkT_E1	G51	1000	3810	E1	Onsager-kT	const	4000	--tecT 2.0 --ramp --q 9.900667613853118 --t0 3.0939586293290993 --t1 2.3101557765657277 --steps 4000	59000000
G51_Onsageronline_E12	G51	1000	3810	E12	Onsager-online	ons	2000	--lambda 0.0059119559779889945 --ramp --q 7.425500710389839 --t0 6.1879172586581985 --t1 2.3101557765657277 --steps 2000	59100000
G51_Onsageronline_E1	G51	1000	3810	E1	Onsager-online	ons	4000	--lambda 0.0029559779889944972 --ramp --q 7.425500710389839 --t0 6.1879172586581985 --t1 2.3101557765657277 --steps 4000	59100000
G52_SCA_E12	G52	1000	3813	E12	SCA	const	2000	--lambda 0 --q 7.42989765743782 --t0 6.1915813811981835 --t1 2.311523715647322 --steps 2000	59200000
G52_SCA_E1	G52	1000	3813	E1	SCA	const	4000	--lambda 0 --q 7.42989765743782 --t0 6.1915813811981835 --t1 2.311523715647322 --steps 4000	59200000
G52_TEC_E12	G52	1000	3813	E12	TEC	const	500	--tec-jv -0.6191581381198183 --q 4.953265104958547 --t0 3.0957906905990917 --t1 2.311523715647322 --steps 500	59300000
G52_TEC_E1	G52	1000	3813	E1	TEC	const	2000	--tec-jv -0.6191581381198183 --q 4.953265104958547 --t0 3.0957906905990917 --t1 2.311523715647322 --steps 2000	59300000
G52_OnsagerkT_E12	G52	1000	3813	E12	Onsager-kT	const	1000	--tecT 2.0 --ramp --q 9.906530209917094 --t0 3.0957906905990917 --t1 2.311523715647322 --steps 1000	59400000
G52_OnsagerkT_E1	G52	1000	3813	E1	Onsager-kT	const	4000	--tecT 2.0 --ramp --q 9.906530209917094 --t0 3.0957906905990917 --t1 2.311523715647322 --steps 4000	59400000
G52_Onsageronline_E12	G52	1000	3813	E12	Onsager-online	ons	2000	--lambda 0.002959479739869935 --ramp --q 7.42989765743782 --t0 6.1915813811981835 --t1 2.311523715647322 --steps 2000	59500000
G52_Onsageronline_E1	G52	1000	3813	E1	Onsager-online	ons	4000	--lambda 0.01183791895947974 --ramp --q 4.953265104958547 --t0 3.0957906905990917 --t1 2.311523715647322 --steps 4000	59500000
G53_SCA_E12	G53	1000	3812	E12	SCA	const	2000	--lambda 0 --q 7.428641652415332 --t0 6.19053471034611 --t1 2.3111329585292144 --steps 2000	59600000
G53_SCA_E1	G53	1000	3812	E1	SCA	const	4000	--lambda 0 --q 7.428641652415332 --t0 6.19053471034611 --t1 2.3111329585292144 --steps 4000	59600000
G53_TEC_E12	G53	1000	3812	E12	TEC	const	1000	--tec-jv -0.619053471034611 --q 4.952427768276888 --t0 3.095267355173055 --t1 2.3111329585292144 --steps 1000	59700000
G53_TEC_E1	G53	1000	3812	E1	TEC	const	2000	--tec-jv -0.619053471034611 --q 4.952427768276888 --t0 3.095267355173055 --t1 2.3111329585292144 --steps 2000	59700000
G53_OnsagerkT_E12	G53	1000	3812	E12	Onsager-kT	const	1000	--tecT 2.0 --ramp --q 9.904855536553775 --t0 3.095267355173055 --t1 2.3111329585292144 --steps 1000	59800000
G53_OnsagerkT_E1	G53	1000	3812	E1	Onsager-kT	const	2000	--tecT 2.0 --ramp --q 9.904855536553775 --t0 3.095267355173055 --t1 2.3111329585292144 --steps 2000	59800000
G53_Onsageronline_E12	G53	1000	3812	E12	Onsager-online	ons	1000	--lambda 0.011833916958479239 --ramp --q 4.952427768276888 --t0 3.095267355173055 --t1 2.3111329585292144 --steps 1000	59900000
G53_Onsageronline_E1	G53	1000	3812	E1	Onsager-online	ons	2000	--lambda 0.011833916958479239 --ramp --q 4.952427768276888 --t0 3.095267355173055 --t1 2.3111329585292144 --steps 2000	59900000
G54_SCA_E12	G54	1000	3814	E12	SCA	const	2000	--lambda 0 --q 7.42989765743782 --t0 6.1915813811981835 --t1 2.311523715647322 --steps 2000	60000000
G54_SCA_E1	G54	1000	3814	E1	SCA	const	4000	--lambda 0 --q 7.42989765743782 --t0 6.1915813811981835 --t1 2.311523715647322 --steps 4000	60000000
G54_TEC_E12	G54	1000	3814	E12	TEC	const	1000	--tec-jv -0.6191581381198183 --q 4.953265104958547 --t0 3.0957906905990917 --t1 2.311523715647322 --steps 1000	60100000
G54_TEC_E1	G54	1000	3814	E1	TEC	const	2000	--tec-jv -0.6191581381198183 --q 4.953265104958547 --t0 3.0957906905990917 --t1 2.311523715647322 --steps 2000	60100000
G54_OnsagerkT_E12	G54	1000	3814	E12	Onsager-kT	const	1000	--tecT 2.0 --ramp --q 9.906530209917094 --t0 3.0957906905990917 --t1 2.311523715647322 --steps 1000	60200000
G54_OnsagerkT_E1	G54	1000	3814	E1	Onsager-kT	const	4000	--tecT 2.0 --ramp --q 9.906530209917094 --t0 3.0957906905990917 --t1 2.311523715647322 --steps 4000	60200000
G54_Onsageronline_E12	G54	1000	3814	E12	Onsager-online	ons	4000	--lambda 0.00591895947973987 --ramp --q 7.42989765743782 --t0 6.1915813811981835 --t1 2.311523715647322 --steps 4000	60300000
G54_Onsageronline_E1	G54	1000	3814	E1	Onsager-online	ons	4000	--lambda 0.00591895947973987 --ramp --q 7.42989765743782 --t0 6.1915813811981835 --t1 2.311523715647322 --steps 4000	60300000
