2026/10/08 04:11:25.727, 1 %, 38181 MiB, 117.18 W, 157.95 W, 293.53 W, 338.29 W, 1980 MHz
2026/10/08 04:11:25.935, 1 %, 38181 MiB, 123.53 W, 157.07 W, 299.85 W, 335.27 W, 1980 MHz
2026/10/08 04:11:26.135, 0 %, 38181 MiB, 134.84 W, 155.55 W, 311.27 W, 333.21 W, 1980 MHz
2026/10/08 04:11:26.335, 0 %, 38181 MiB, 145.64 W, 156.47 W, 322.01 W, 332.58 W, 1980 MHz
2026/10/08 04:11:26.536, 0 %, 38181 MiB, 155.20 W, 156.17 W, 331.58 W, 333.33 W, 1980 MHz
2026/10/08 04:11:26.736, 0 %, 38181 MiB, 156.35 W, 156.00 W, 332.83 W, 330.51 W, 1980 MHz
2026/10/08 04:11:26.936, 0 %, 38180 MiB, 156.12 W, 155.77 W, 332.28 W, 330.51 W, 1980 MHz
2026/10/08 04:11:27.136, 0 %, 38180 MiB, 156.05 W, 155.71 W, 331.72 W, 328.35 W, 1980 MHz
2026/10/08 04:11:27.336, 0 %, 38180 MiB, 155.92 W, 156.04 W, 330.80 W, 328.66 W, 1980 MHz
2026/10/08 04:11:27.537, 0 %, 38180 MiB, 156.07 W, 156.45 W, 330.50 W, 330.39 W, 1980 MHz
2026/10/08 04:11:27.737, 0 %, 38180 MiB, 148.23 W, 101.75 W, 322.12 W, 275.18 W, 390 MHz
2026/10/08 04:11:27.937, 0 %, 38180 MiB, 137.34 W, 101.77 W, 311.11 W, 274.20 W, 360 MHz
2026/10/08 04:11:28.137, 0 %, 38180 MiB, 127.08 W, 102.10 W, 300.75 W, 275.18 W, 345 MHz
2026/10/08 04:11:28.337, 0 %, 38180 MiB, 115.82 W, 102.14 W, 289.83 W, 275.46 W, 345 MHz
2026/10/08 04:11:28.537, 0 %, 38180 MiB, 105.03 W, 102.38 W, 278.83 W, 275.18 W, 345 MHz
2026/10/08 04:11:28.737, 0 %, 38180 MiB, 102.07 W, 101.66 W, 275.93 W, 274.13 W, 345 MHz
2026/10/08 04:11:28.938, 0 %, 38180 MiB, 102.21 W, 101.28 W, 275.98 W, 274.20 W, 345 MHz
2026/10/08 04:11:29.138, 0 %, 38179 MiB, 102.32 W, 102.27 W, 276.14 W, 275.10 W, 345 MHz
2026/10/08 04:11:29.338, 0 %, 38179 MiB, 102.29 W, 102.65 W, 276.12 W, 278.28 W, 345 MHz
2026/10/08 04:11:29.538, 0 %, 38179 MiB, 102.36 W, 103.10 W, 276.40 W, 276.15 W, 345 MHz
2026/10/08 04:11:29.738, 0 %, 38179 MiB, 102.46 W, 103.40 W, 276.39 W, 279.17 W, 345 MHz
2026/10/08 04:11:29.938, 0 %, 38179 MiB, 102.43 W, 102.03 W, 276.25 W, 276.25 W, 345 MHz
2026/10/08 04:11:30.139, 0 %, 38179 MiB, 102.44 W, 101.91 W, 276.30 W, 274.20 W, 345 MHz
2026/10/08 04:11:30.339, 0 %, 38179 MiB, 102.55 W, 102.41 W, 276.11 W, 275.46 W, 345 MHz
2026/10/08 04:11:30.539, 0 %, 38179 MiB, 102.54 W, 103.61 W, 276.05 W, 278.20 W, 345 MHz
2026/10/08 04:11:30.739, 0 %, 38179 MiB, 102.52 W, 102.45 W, 275.99 W, 276.15 W, 345 MHz
2026/10/08 04:11:30.939, 0 %, 38179 MiB, 102.52 W, 102.43 W, 275.98 W, 274.20 W, 345 MHz
2026/10/08 04:11:31.139, 0 %, 38178 MiB, 102.53 W, 101.96 W, 275.90 W, 275.18 W, 345 MHz
2026/10/08 04:11:31.340, 0 %, 38178 MiB, 102.49 W, 102.04 W, 276.08 W, 276.33 W, 345 MHz
2026/10/08 04:11:31.540, 0 %, 38178 MiB, 102.46 W, 102.96 W, 275.86 W, 277.12 W, 345 MHz
2026/10/08 04:11:31.740, 0 %, 38178 MiB, 102.43 W, 103.00 W, 275.89 W, 276.15 W, 345 MHz
2026/10/08 04:11:31.940, 0 %, 38178 MiB, 102.38 W, 101.86 W, 275.92 W, 275.28 W, 345 MHz
2026/10/08 04:11:32.140, 0 %, 38178 MiB, 102.30 W, 102.08 W, 275.81 W, 275.28 W, 345 MHz
2026/10/08 04:11:32.341, 0 %, 38178 MiB, 102.28 W, 102.02 W, 275.66 W, 275.28 W, 345 MHz
2026/10/08 04:11:32.541, 0 %, 38178 MiB, 102.39 W, 102.28 W, 275.71 W, 275.28 W, 345 MHz
2026/10/08 04:11:32.741, 0 %, 38178 MiB, 102.37 W, 103.68 W, 275.66 W, 278.20 W, 345 MHz
2026/10/08 04:11:32.941, 0 %, 38178 MiB, 102.40 W, 102.14 W, 275.65 W, 275.28 W, 345 MHz
2026/10/08 04:11:33.141, 0 %, 38177 MiB, 102.57 W, 102.23 W, 275.95 W, 276.07 W, 345 MHz
2026/10/08 04:11:33.342, 0 %, 38177 MiB, 102.53 W, 101.43 W, 276.01 W, 274.28 W, 345 MHz
2026/10/08 04:11:33.542, 0 %, 38177 MiB, 102.43 W, 102.19 W, 276.16 W, 277.23 W, 345 MHz
2026/10/08 04:11:33.742, 0 %, 38177 MiB, 102.57 W, 102.81 W, 276.27 W, 277.23 W, 345 MHz
2026/10/08 04:11:33.942, 0 %, 38177 MiB, 102.56 W, 101.74 W, 276.25 W, 275.18 W, 345 MHz
2026/10/08 04:11:34.142, 0 %, 38177 MiB, 102.50 W, 101.75 W, 276.10 W, 274.28 W, 345 MHz
2026/10/08 04:11:34.343, 0 %, 38177 MiB, 102.61 W, 101.99 W, 276.21 W, 275.36 W, 345 MHz
2026/10/08 04:11:34.543, 0 %, 38177 MiB, 102.54 W, 102.43 W, 276.11 W, 276.25 W, 345 MHz
2026/10/08 04:11:34.743, 0 %, 38177 MiB, 102.35 W, 102.57 W, 276.04 W, 276.25 W, 345 MHz
2026/10/08 04:11:34.943, 0 %, 38177 MiB, 102.39 W, 102.78 W, 276.10 W, 275.28 W, 345 MHz
2026/10/08 04:11:35.143, 0 %, 38177 MiB, 102.40 W, 102.03 W, 276.18 W, 275.28 W, 345 MHz
2026/10/08 04:11:35.344, 0 %, 38177 MiB, 102.34 W, 101.86 W, 276.07 W, 275.28 W, 345 MHz
2026/10/08 04:11:35.544, 0 %, 38177 MiB, 102.35 W, 101.63 W, 275.96 W, 274.31 W, 345 MHz
2026/10/08 04:11:35.744, 0 %, 38177 MiB, 102.49 W, 103.43 W, 276.06 W, 278.28 W, 345 MHz
2026/10/08 04:11:35.944, 0 %, 38177 MiB, 102.44 W, 102.32 W, 276.04 W, 276.15 W, 345 MHz
2026/10/08 04:11:36.144, 0 %, 38176 MiB, 102.46 W, 103.32 W, 276.03 W, 278.01 W, 345 MHz
2026/10/08 04:11:36.345, 0 %, 38176 MiB, 102.42 W, 102.02 W, 276.19 W, 276.35 W, 345 MHz
2026/10/08 04:11:36.545, 0 %, 38176 MiB, 102.43 W, 102.76 W, 276.40 W, 276.15 W, 345 MHz
2026/10/08 04:11:36.745, 0 %, 38176 MiB, 102.44 W, 102.32 W, 276.67 W, 277.23 W, 345 MHz
2026/10/08 04:11:36.945, 0 %, 38176 MiB, 102.37 W, 102.61 W, 276.79 W, 277.12 W, 345 MHz
2026/10/08 04:11:37.145, 0 %, 38176 MiB, 102.33 W, 101.28 W, 277.05 W, 275.28 W, 345 MHz
2026/10/08 04:11:37.345, 0 %, 38176 MiB, 102.32 W, 102.51 W, 277.14 W, 275.28 W, 345 MHz
2026/10/08 04:11:37.546, 0 %, 38176 MiB, 102.40 W, 102.47 W, 277.41 W, 278.02 W, 345 MHz
2026/10/08 04:11:37.746, 0 %, 38176 MiB, 102.40 W, 103.21 W, 277.54 W, 278.38 W, 345 MHz
2026/10/08 04:11:37.946, 0 %, 38176 MiB, 102.40 W, 102.21 W, 277.48 W, 276.25 W, 345 MHz
2026/10/08 04:11:38.146, 0 %, 38176 MiB, 102.38 W, 101.73 W, 277.25 W, 276.15 W, 345 MHz
2026/10/08 04:11:38.346, 0 %, 38176 MiB, 102.33 W, 101.50 W, 277.14 W, 275.18 W, 345 MHz
2026/10/08 04:11:38.547, 0 %, 38176 MiB, 102.27 W, 102.05 W, 276.72 W, 275.10 W, 345 MHz
2026/10/08 04:11:38.747, 0 %, 38175 MiB, 102.29 W, 103.07 W, 276.51 W, 277.41 W, 345 MHz
2026/10/08 04:11:38.947, 0 %, 38175 MiB, 102.33 W, 103.23 W, 276.37 W, 277.23 W, 345 MHz
2026/10/08 04:11:39.147, 0 %, 38175 MiB, 102.32 W, 102.75 W, 276.23 W, 277.12 W, 345 MHz
2026/10/08 04:11:39.347, 0 %, 38175 MiB, 102.38 W, 101.93 W, 276.01 W, 275.18 W, 345 MHz
2026/10/08 04:11:39.547, 0 %, 38175 MiB, 102.35 W, 102.49 W, 275.92 W, 275.20 W, 345 MHz
2026/10/08 04:11:39.748, 0 %, 38175 MiB, 102.29 W, 102.45 W, 275.75 W, 275.36 W, 345 MHz
2026/10/08 04:11:39.948, 0 %, 38175 MiB, 102.28 W, 102.88 W, 275.56 W, 276.25 W, 345 MHz
2026/10/08 04:11:40.148, 0 %, 38175 MiB, 102.16 W, 101.90 W, 275.30 W, 274.31 W, 345 MHz
2026/10/08 04:11:40.348, 0 %, 38175 MiB, 102.09 W, 102.08 W, 275.14 W, 275.28 W, 345 MHz
2026/10/08 04:11:40.548, 0 %, 38175 MiB, 102.06 W, 100.81 W, 274.89 W, 273.23 W, 345 MHz
2026/10/08 04:11:40.748, 0 %, 38175 MiB, 102.15 W, 102.44 W, 274.93 W, 275.38 W, 345 MHz
2026/10/08 04:11:40.949, 0 %, 38175 MiB, 102.20 W, 102.60 W, 275.03 W, 276.25 W, 345 MHz
2026/10/08 04:11:41.149, 0 %, 38175 MiB, 102.35 W, 102.07 W, 275.06 W, 274.20 W, 345 MHz
2026/10/08 04:11:41.349, 0 %, 38174 MiB, 102.38 W, 102.21 W, 275.11 W, 275.28 W, 345 MHz
2026/10/08 04:11:41.549, 0 %, 38174 MiB, 102.41 W, 101.26 W, 275.19 W, 273.23 W, 345 MHz
2026/10/08 04:11:41.749, 0 %, 38174 MiB, 102.38 W, 102.95 W, 275.11 W, 275.28 W, 345 MHz
2026/10/08 04:11:41.950, 0 %, 38174 MiB, 102.31 W, 102.95 W, 275.02 W, 276.43 W, 345 MHz
2026/10/08 04:11:42.150, 0 %, 38174 MiB, 102.26 W, 102.70 W, 275.02 W, 276.17 W, 345 MHz
2026/10/08 04:11:42.350, 0 %, 38174 MiB, 102.27 W, 101.82 W, 274.97 W, 275.18 W, 345 MHz
2026/10/08 04:11:42.550, 0 %, 38174 MiB, 102.33 W, 102.34 W, 275.07 W, 275.28 W, 345 MHz
2026/10/08 04:11:42.750, 0 %, 38174 MiB, 102.36 W, 102.25 W, 275.19 W, 275.28 W, 345 MHz
2026/10/08 04:11:42.950, 0 %, 38174 MiB, 102.50 W, 102.83 W, 275.44 W, 277.23 W, 345 MHz
2026/10/08 04:11:43.150, 0 %, 38174 MiB, 102.47 W, 101.85 W, 275.69 W, 274.20 W, 345 MHz
2026/10/08 04:11:43.351, 0 %, 38173 MiB, 102.38 W, 101.55 W, 275.71 W, 274.31 W, 345 MHz
2026/10/08 04:11:43.551, 0 %, 38173 MiB, 102.30 W, 102.04 W, 275.71 W, 275.18 W, 345 MHz
2026/10/08 04:11:43.751, 0 %, 38173 MiB, 102.22 W, 102.46 W, 275.62 W, 277.12 W, 345 MHz
2026/10/08 04:11:43.951, 0 %, 38173 MiB, 102.12 W, 102.40 W, 275.60 W, 277.23 W, 345 MHz
2026/10/08 04:11:44.151, 0 %, 38173 MiB, 102.12 W, 102.59 W, 275.37 W, 277.23 W, 345 MHz
2026/10/08 04:11:44.352, 0 %, 38173 MiB, 102.13 W, 101.66 W, 275.48 W, 274.28 W, 345 MHz
2026/10/08 04:11:44.552, 0 %, 38173 MiB, 102.18 W, 102.63 W, 275.60 W, 275.28 W, 345 MHz
2026/10/08 04:11:44.752, 0 %, 38173 MiB, 102.23 W, 102.03 W, 275.66 W, 275.28 W, 345 MHz
2026/10/08 04:11:44.952, 0 %, 38173 MiB, 102.18 W, 103.02 W, 275.74 W, 277.31 W, 345 MHz
2026/10/08 04:11:45.152, 0 %, 38172 MiB, 102.11 W, 103.27 W, 275.85 W, 278.10 W, 345 MHz
2026/10/08 04:11:45.353, 0 %, 38172 MiB, 102.14 W, 101.86 W, 275.96 W, 276.17 W, 345 MHz
2026/10/08 04:11:45.553, 0 %, 38172 MiB, 102.05 W, 101.98 W, 276.09 W, 276.15 W, 345 MHz
2026/10/08 04:11:45.753, 0 %, 38172 MiB, 102.07 W, 102.65 W, 276.42 W, 276.15 W, 345 MHz
2026/10/08 04:11:45.953, 0 %, 38172 MiB, 102.18 W, 102.14 W, 276.59 W, 276.43 W, 345 MHz
2026/10/08 04:11:46.153, 0 %, 38172 MiB, 102.19 W, 101.85 W, 276.69 W, 276.25 W, 345 MHz
2026/10/08 04:11:46.354, 0 %, 38172 MiB, 102.11 W, 102.11 W, 276.48 W, 275.28 W, 345 MHz
2026/10/08 04:11:46.554, 0 %, 38172 MiB, 102.15 W, 101.69 W, 276.44 W, 276.15 W, 345 MHz
2026/10/08 04:11:46.754, 0 %, 38172 MiB, 102.08 W, 101.49 W, 276.19 W, 275.10 W, 345 MHz
2026/10/08 04:11:46.954, 0 %, 38172 MiB, 102.03 W, 102.75 W, 276.09 W, 276.33 W, 345 MHz
2026/10/08 04:11:47.154, 0 %, 38172 MiB, 101.99 W, 102.44 W, 276.00 W, 277.31 W, 345 MHz
2026/10/08 04:11:47.354, 0 %, 38172 MiB, 102.04 W, 101.61 W, 276.03 W, 275.18 W, 345 MHz
2026/10/08 04:11:47.555, 0 %, 38172 MiB, 102.12 W, 102.49 W, 276.11 W, 278.10 W, 345 MHz
2026/10/08 04:11:47.755, 0 %, 38172 MiB, 102.14 W, 101.64 W, 276.38 W, 278.10 W, 345 MHz
2026/10/08 04:11:47.955, 0 %, 38172 MiB, 102.04 W, 102.12 W, 276.66 W, 277.23 W, 345 MHz
2026/10/08 04:11:48.155, 0 %, 38171 MiB, 102.09 W, 103.34 W, 277.14 W, 280.23 W, 345 MHz
2026/10/08 04:11:48.355, 0 %, 38171 MiB, 102.07 W, 101.03 W, 277.61 W, 277.23 W, 345 MHz
2026/10/08 04:11:48.555, 0 %, 38171 MiB, 102.06 W, 102.39 W, 278.11 W, 277.12 W, 345 MHz
2026/10/08 04:11:48.756, 0 %, 38171 MiB, 102.14 W, 102.04 W, 278.39 W, 278.10 W, 345 MHz
2026/10/08 04:11:48.956, 0 %, 38171 MiB, 102.25 W, 102.68 W, 278.63 W, 279.36 W, 345 MHz
2026/10/08 04:11:49.156, 0 %, 38171 MiB, 102.28 W, 102.91 W, 278.68 W, 279.17 W, 345 MHz
2026/10/08 04:11:49.356, 0 %, 38171 MiB, 102.29 W, 102.45 W, 278.63 W, 278.10 W, 345 MHz
2026/10/08 04:11:49.556, 0 %, 38171 MiB, 102.25 W, 102.31 W, 278.79 W, 279.15 W, 345 MHz
2026/10/08 04:11:49.756, 0 %, 38171 MiB, 102.16 W, 102.00 W, 278.73 W, 278.99 W, 345 MHz
2026/10/08 04:11:49.957, 0 %, 38171 MiB, 102.21 W, 101.99 W, 278.82 W, 278.30 W, 345 MHz
2026/10/08 04:11:50.157, 0 %, 38171 MiB, 102.19 W, 102.99 W, 278.81 W, 280.06 W, 345 MHz
2026/10/08 04:11:50.357, 0 %, 38170 MiB, 102.16 W, 101.83 W, 278.72 W, 279.17 W, 345 MHz
2026/10/08 04:11:50.557, 0 %, 38170 MiB, 102.24 W, 102.13 W, 278.37 W, 277.12 W, 345 MHz
2026/10/08 04:11:50.757, 0 %, 38170 MiB, 102.34 W, 102.74 W, 278.30 W, 276.25 W, 345 MHz
2026/10/08 04:11:50.958, 0 %, 38170 MiB, 102.33 W, 103.47 W, 277.69 W, 277.33 W, 345 MHz
2026/10/08 04:11:51.158, 0 %, 38170 MiB, 102.36 W, 103.29 W, 277.17 W, 279.07 W, 345 MHz
2026/10/08 04:11:51.358, 0 %, 38170 MiB, 102.36 W, 101.56 W, 276.90 W, 275.28 W, 345 MHz
2026/10/08 04:11:51.558, 0 %, 38170 MiB, 102.30 W, 101.91 W, 276.49 W, 276.25 W, 345 MHz
2026/10/08 04:11:51.758, 0 %, 38170 MiB, 102.27 W, 102.11 W, 276.12 W, 277.23 W, 345 MHz
2026/10/08 04:11:51.958, 0 %, 38170 MiB, 102.31 W, 101.93 W, 276.32 W, 275.28 W, 345 MHz
2026/10/08 04:11:52.159, 0 %, 38170 MiB, 102.36 W, 101.44 W, 276.59 W, 275.28 W, 345 MHz
2026/10/08 04:11:52.359, 0 %, 38170 MiB, 102.43 W, 102.91 W, 276.55 W, 275.28 W, 345 MHz
2026/10/08 04:11:52.559, 0 %, 38170 MiB, 102.44 W, 102.40 W, 276.40 W, 277.12 W, 345 MHz
2026/10/08 04:11:52.759, 0 %, 38170 MiB, 102.36 W, 102.32 W, 276.12 W, 276.25 W, 345 MHz
2026/10/08 04:11:52.959, 0 %, 38170 MiB, 102.34 W, 102.40 W, 275.98 W, 275.20 W, 345 MHz
2026/10/08 04:11:53.160, 0 %, 38169 MiB, 102.31 W, 101.56 W, 275.64 W, 274.20 W, 345 MHz
2026/10/08 04:11:53.360, 0 %, 38169 MiB, 102.39 W, 102.12 W, 275.77 W, 275.28 W, 345 MHz
2026/10/08 04:11:53.560, 0 %, 38169 MiB, 102.32 W, 103.08 W, 275.80 W, 278.20 W, 345 MHz
2026/10/08 04:11:53.760, 0 %, 38169 MiB, 102.36 W, 102.61 W, 275.73 W, 275.36 W, 345 MHz
2026/10/08 04:11:53.960, 0 %, 38169 MiB, 102.32 W, 102.27 W, 275.68 W, 275.18 W, 345 MHz
2026/10/08 04:11:54.161, 0 %, 38169 MiB, 102.30 W, 101.92 W, 275.79 W, 275.10 W, 345 MHz
2026/10/08 04:11:54.361, 0 %, 38169 MiB, 102.13 W, 101.71 W, 275.59 W, 274.20 W, 345 MHz
2026/10/08 04:11:54.561, 0 %, 38169 MiB, 102.21 W, 102.68 W, 275.76 W, 277.12 W, 345 MHz
2026/10/08 04:11:54.761, 0 %, 38169 MiB, 102.15 W, 101.94 W, 275.81 W, 275.28 W, 345 MHz
2026/10/08 04:11:54.961, 0 %, 38169 MiB, 102.20 W, 101.44 W, 275.90 W, 274.31 W, 345 MHz
2026/10/08 04:11:55.162, 0 %, 38169 MiB, 102.21 W, 101.68 W, 275.90 W, 275.28 W, 345 MHz
2026/10/08 04:11:55.362, 0 %, 38168 MiB, 102.28 W, 102.45 W, 276.11 W, 276.15 W, 345 MHz
2026/10/08 04:11:55.562, 0 %, 38168 MiB, 102.36 W, 102.64 W, 276.20 W, 277.12 W, 345 MHz
2026/10/08 04:11:55.762, 0 %, 38169 MiB, 102.39 W, 103.19 W, 276.34 W, 277.23 W, 345 MHz
2026/10/08 04:11:55.987, 0 %, 38173 MiB, 102.35 W, 102.48 W, 276.39 W, 276.25 W, 345 MHz
2026/10/08 04:11:56.188, 0 %, 38220 MiB, 103.57 W, 134.19 W, 277.73 W, 308.15 W, 1980 MHz
2026/10/08 04:11:56.388, 0 %, 38730 MiB, 114.55 W, 155.20 W, 288.32 W, 327.60 W, 1980 MHz
2026/10/08 04:11:56.588, 40 %, 38730 MiB, 161.77 W, 354.68 W, 335.09 W, 527.09 W, 1980 MHz
2026/10/08 04:11:56.789, 100 %, 38730 MiB, 210.11 W, 355.02 W, 382.90 W, 526.91 W, 1980 MHz
2026/10/08 04:11:56.989, 100 %, 38730 MiB, 263.11 W, 357.02 W, 435.60 W, 529.19 W, 1980 MHz
2026/10/08 04:11:57.189, 100 %, 38730 MiB, 312.76 W, 356.66 W, 485.01 W, 530.16 W, 1980 MHz
2026/10/08 04:11:57.389, 100 %, 38729 MiB, 348.47 W, 356.52 W, 520.77 W, 528.04 W, 1980 MHz
2026/10/08 04:11:57.589, 100 %, 38729 MiB, 356.29 W, 357.48 W, 528.75 W, 530.16 W, 1980 MHz
2026/10/08 04:11:57.789, 100 %, 38729 MiB, 356.67 W, 357.41 W, 529.40 W, 531.13 W, 1980 MHz
2026/10/08 04:11:57.989, 100 %, 38729 MiB, 356.85 W, 358.55 W, 529.78 W, 532.10 W, 1980 MHz
2026/10/08 04:11:58.189, 100 %, 38729 MiB, 357.10 W, 358.87 W, 530.22 W, 531.75 W, 1980 MHz
2026/10/08 04:11:58.389, 100 %, 38729 MiB, 357.44 W, 360.88 W, 530.85 W, 534.84 W, 1980 MHz
2026/10/08 04:11:58.589, 100 %, 38729 MiB, 358.81 W, 363.33 W, 532.54 W, 537.56 W, 1980 MHz
2026/10/08 04:11:58.789, 100 %, 38729 MiB, 360.03 W, 362.81 W, 533.80 W, 535.81 W, 1980 MHz
2026/10/08 04:11:58.989, 100 %, 38729 MiB, 361.16 W, 363.77 W, 534.92 W, 537.91 W, 1980 MHz
2026/10/08 04:11:59.190, 100 %, 38729 MiB, 362.53 W, 364.13 W, 536.16 W, 537.56 W, 1980 MHz
2026/10/08 04:11:59.390, 100 %, 38728 MiB, 363.69 W, 362.24 W, 537.26 W, 535.81 W, 1980 MHz
2026/10/08 04:11:59.590, 100 %, 38728 MiB, 363.74 W, 365.08 W, 537.29 W, 539.69 W, 1980 MHz
2026/10/08 04:11:59.790, 100 %, 38728 MiB, 364.01 W, 363.12 W, 537.61 W, 536.59 W, 1980 MHz
2026/10/08 04:11:59.990, 100 %, 38728 MiB, 364.18 W, 363.20 W, 537.96 W, 536.94 W, 1980 MHz
2026/10/08 04:12:00.190, 100 %, 38728 MiB, 364.16 W, 365.14 W, 538.19 W, 541.43 W, 1980 MHz
2026/10/08 04:12:00.390, 100 %, 38728 MiB, 364.23 W, 363.01 W, 538.28 W, 535.97 W, 1980 MHz
2026/10/08 04:12:00.590, 100 %, 38728 MiB, 364.39 W, 364.91 W, 538.67 W, 538.72 W, 1980 MHz
2026/10/08 04:12:00.790, 100 %, 38728 MiB, 364.41 W, 364.75 W, 538.63 W, 538.53 W, 1980 MHz
2026/10/08 04:12:00.990, 100 %, 38728 MiB, 364.62 W, 365.19 W, 538.60 W, 538.88 W, 1980 MHz
2026/10/08 04:12:01.190, 100 %, 38727 MiB, 364.76 W, 364.01 W, 538.67 W, 540.46 W, 1980 MHz
2026/10/08 04:12:01.391, 100 %, 38727 MiB, 364.83 W, 363.91 W, 538.70 W, 536.95 W, 1980 MHz
2026/10/08 04:12:01.591, 100 %, 38727 MiB, 364.98 W, 365.36 W, 538.58 W, 538.53 W, 1980 MHz
2026/10/08 04:12:01.791, 100 %, 38727 MiB, 365.03 W, 364.45 W, 538.75 W, 538.72 W, 1980 MHz
2026/10/08 04:12:01.991, 100 %, 38727 MiB, 365.01 W, 364.57 W, 538.80 W, 536.16 W, 1980 MHz
2026/10/08 04:12:02.191, 100 %, 38727 MiB, 365.09 W, 363.99 W, 538.67 W, 537.91 W, 1980 MHz
2026/10/08 04:12:02.391, 100 %, 38726 MiB, 365.26 W, 365.15 W, 538.56 W, 537.91 W, 1980 MHz
2026/10/08 04:12:02.591, 100 %, 38726 MiB, 365.45 W, 365.33 W, 538.66 W, 538.53 W, 1980 MHz
2026/10/08 04:12:02.792, 100 %, 38726 MiB, 365.30 W, 365.91 W, 538.14 W, 539.50 W, 1980 MHz
2026/10/08 04:12:02.992, 100 %, 38726 MiB, 365.40 W, 365.71 W, 537.87 W, 536.94 W, 1980 MHz
2026/10/08 04:12:03.192, 100 %, 38726 MiB, 365.74 W, 366.08 W, 538.20 W, 537.56 W, 1980 MHz
2026/10/08 04:12:03.392, 100 %, 38726 MiB, 365.83 W, 365.48 W, 538.10 W, 536.16 W, 1980 MHz
2026/10/08 04:12:03.592, 100 %, 38726 MiB, 365.83 W, 366.91 W, 537.95 W, 540.47 W, 1980 MHz
2026/10/08 04:12:03.792, 100 %, 38726 MiB, 366.21 W, 365.81 W, 538.37 W, 538.72 W, 1980 MHz
2026/10/08 04:12:03.992, 100 %, 38726 MiB, 366.27 W, 362.99 W, 538.49 W, 535.01 W, 1980 MHz
2026/10/08 04:12:04.193, 100 %, 38726 MiB, 366.04 W, 364.92 W, 538.36 W, 537.36 W, 1980 MHz
2026/10/08 04:12:04.393, 100 %, 38726 MiB, 366.06 W, 364.55 W, 538.53 W, 535.97 W, 1980 MHz
2026/10/08 04:12:04.593, 100 %, 38726 MiB, 366.22 W, 367.92 W, 538.97 W, 540.47 W, 1980 MHz
2026/10/08 04:12:04.793, 100 %, 38726 MiB, 366.11 W, 365.99 W, 538.79 W, 538.72 W, 1980 MHz
2026/10/08 04:12:04.993, 100 %, 38726 MiB, 366.16 W, 364.04 W, 538.83 W, 535.97 W, 1980 MHz
2026/10/08 04:12:05.193, 100 %, 38726 MiB, 366.33 W, 364.84 W, 539.12 W, 538.89 W, 1980 MHz
2026/10/08 04:12:05.394, 100 %, 38725 MiB, 366.45 W, 366.86 W, 539.44 W, 540.04 W, 1980 MHz
2026/10/08 04:12:05.594, 100 %, 38725 MiB, 366.42 W, 365.63 W, 539.21 W, 536.59 W, 1980 MHz
2026/10/08 04:12:05.794, 100 %, 38725 MiB, 366.64 W, 367.09 W, 539.61 W, 539.50 W, 1980 MHz
2026/10/08 04:12:05.994, 100 %, 38725 MiB, 366.68 W, 365.98 W, 539.76 W, 539.69 W, 1980 MHz
2026/10/08 04:12:06.194, 100 %, 38725 MiB, 366.81 W, 366.57 W, 539.72 W, 540.47 W, 1980 MHz
2026/10/08 04:12:06.394, 100 %, 38725 MiB, 366.73 W, 365.64 W, 539.38 W, 536.95 W, 1980 MHz
2026/10/08 04:12:06.594, 100 %, 38725 MiB, 366.79 W, 367.01 W, 539.49 W, 541.43 W, 1980 MHz
2026/10/08 04:12:06.794, 100 %, 38725 MiB, 366.75 W, 363.96 W, 539.30 W, 533.07 W, 1980 MHz
2026/10/08 04:12:06.994, 100 %, 38725 MiB, 366.48 W, 365.75 W, 538.29 W, 534.84 W, 1980 MHz
2026/10/08 04:12:07.194, 100 %, 38725 MiB, 366.24 W, 365.47 W, 537.57 W, 533.68 W, 1980 MHz
2026/10/08 04:12:07.394, 100 %, 38725 MiB, 366.19 W, 365.17 W, 536.48 W, 530.51 W, 1980 MHz
2026/10/08 04:12:07.595, 100 %, 38725 MiB, 366.13 W, 365.33 W, 534.89 W, 529.81 W, 1980 MHz
2026/10/08 04:12:07.795, 100 %, 38725 MiB, 365.95 W, 367.27 W, 532.61 W, 529.19 W, 1980 MHz
2026/10/08 04:12:07.995, 100 %, 38725 MiB, 366.09 W, 366.37 W, 531.02 W, 527.09 W, 1980 MHz
2026/10/08 04:12:08.195, 95 %, 38724 MiB, 365.52 W, 364.76 W, 528.15 W, 524.18 W, 1980 MHz
2026/10/08 04:12:08.395, 100 %, 38724 MiB, 365.52 W, 364.64 W, 526.83 W, 523.72 W, 1980 MHz
2026/10/08 04:12:08.595, 100 %, 38724 MiB, 365.47 W, 366.47 W, 525.94 W, 527.09 W, 1980 MHz
2026/10/08 04:12:08.795, 100 %, 38724 MiB, 365.63 W, 366.03 W, 525.64 W, 525.94 W, 1980 MHz
2026/10/08 04:12:08.995, 100 %, 38724 MiB, 365.72 W, 366.08 W, 525.64 W, 527.09 W, 1980 MHz
2026/10/08 04:12:09.195, 100 %, 38724 MiB, 366.57 W, 366.76 W, 526.84 W, 530.78 W, 1980 MHz
2026/10/08 04:12:09.396, 100 %, 38724 MiB, 366.72 W, 365.91 W, 526.97 W, 524.69 W, 1980 MHz
2026/10/08 04:12:09.596, 100 %, 38724 MiB, 366.92 W, 365.56 W, 527.10 W, 526.63 W, 1980 MHz
2026/10/08 04:12:09.796, 100 %, 38724 MiB, 367.01 W, 366.49 W, 527.34 W, 527.25 W, 1980 MHz
2026/10/08 04:12:09.996, 100 %, 38724 MiB, 366.98 W, 365.88 W, 527.18 W, 524.34 W, 1980 MHz
2026/10/08 04:12:10.196, 100 %, 38724 MiB, 367.07 W, 366.05 W, 527.02 W, 525.32 W, 1980 MHz
2026/10/08 04:12:10.396, 100 %, 38724 MiB, 367.19 W, 366.69 W, 527.05 W, 526.47 W, 1980 MHz
2026/10/08 04:12:10.596, 100 %, 38724 MiB, 367.18 W, 366.29 W, 527.08 W, 524.18 W, 1980 MHz
2026/10/08 04:12:10.796, 100 %, 38724 MiB, 367.20 W, 366.39 W, 526.96 W, 526.29 W, 1980 MHz
2026/10/08 04:12:10.997, 100 %, 38724 MiB, 367.42 W, 366.57 W, 527.28 W, 527.09 W, 1980 MHz
2026/10/08 04:12:11.197, 100 %, 38723 MiB, 367.33 W, 365.09 W, 527.59 W, 528.84 W, 1980 MHz
2026/10/08 04:12:11.397, 100 %, 38723 MiB, 367.19 W, 365.86 W, 528.02 W, 524.69 W, 1980 MHz
2026/10/08 04:12:11.597, 100 %, 38723 MiB, 367.26 W, 367.07 W, 528.19 W, 529.03 W, 1980 MHz
2026/10/08 04:12:11.797, 100 %, 38723 MiB, 367.17 W, 366.24 W, 528.42 W, 526.91 W, 1980 MHz
2026/10/08 04:12:11.997, 100 %, 38723 MiB, 367.13 W, 365.43 W, 528.46 W, 526.28 W, 1980 MHz
2026/10/08 04:12:12.197, 100 %, 38723 MiB, 367.24 W, 366.64 W, 528.97 W, 533.69 W, 1980 MHz
2026/10/08 04:12:12.397, 100 %, 38723 MiB, 367.26 W, 366.72 W, 528.71 W, 527.60 W, 1980 MHz
2026/10/08 04:12:12.598, 100 %, 38723 MiB, 367.18 W, 365.10 W, 528.77 W, 526.63 W, 1980 MHz
2026/10/08 04:12:12.798, 100 %, 38723 MiB, 367.38 W, 367.78 W, 529.25 W, 531.13 W, 1980 MHz
2026/10/08 04:12:12.998, 100 %, 38723 MiB, 367.38 W, 367.43 W, 529.44 W, 529.19 W, 1980 MHz
2026/10/08 04:12:13.198, 100 %, 38723 MiB, 367.33 W, 365.08 W, 529.12 W, 527.09 W, 1980 MHz
2026/10/08 04:12:13.398, 100 %, 38723 MiB, 367.48 W, 366.71 W, 529.68 W, 528.22 W, 1980 MHz
2026/10/08 04:12:13.598, 100 %, 38723 MiB, 367.53 W, 366.47 W, 529.75 W, 527.09 W, 1980 MHz
2026/10/08 04:12:13.799, 100 %, 38723 MiB, 367.46 W, 367.58 W, 529.24 W, 527.09 W, 1980 MHz
2026/10/08 04:12:13.999, 100 %, 38723 MiB, 367.43 W, 366.46 W, 528.86 W, 525.32 W, 1980 MHz
2026/10/08 04:12:14.199, 100 %, 38723 MiB, 367.39 W, 365.38 W, 528.35 W, 524.34 W, 1980 MHz
2026/10/08 04:12:14.399, 100 %, 38722 MiB, 367.32 W, 366.69 W, 527.43 W, 524.53 W, 1980 MHz
2026/10/08 04:12:14.599, 100 %, 38722 MiB, 367.20 W, 364.74 W, 526.88 W, 522.41 W, 1980 MHz
2026/10/08 04:12:14.799, 100 %, 38722 MiB, 367.34 W, 369.52 W, 526.80 W, 529.01 W, 1980 MHz
2026/10/08 04:12:14.999, 100 %, 38722 MiB, 367.27 W, 365.95 W, 526.54 W, 525.32 W, 1980 MHz
2026/10/08 04:12:15.199, 100 %, 38722 MiB, 367.24 W, 366.59 W, 526.46 W, 526.91 W, 1980 MHz
2026/10/08 04:12:15.399, 100 %, 38722 MiB, 367.20 W, 365.08 W, 526.23 W, 523.72 W, 1980 MHz
2026/10/08 04:12:15.599, 100 %, 38722 MiB, 367.38 W, 367.04 W, 526.35 W, 525.31 W, 1980 MHz
2026/10/08 04:12:15.799, 100 %, 38722 MiB, 367.38 W, 369.59 W, 526.29 W, 529.19 W, 1980 MHz
2026/10/08 04:12:16.000, 100 %, 38722 MiB, 367.33 W, 365.46 W, 526.16 W, 523.22 W, 1980 MHz
2026/10/08 04:12:16.200, 100 %, 38722 MiB, 367.41 W, 366.83 W, 526.22 W, 525.31 W, 1980 MHz
2026/10/08 04:12:16.400, 100 %, 38721 MiB, 367.49 W, 367.40 W, 526.34 W, 525.32 W, 1980 MHz
2026/10/08 04:12:16.600, 100 %, 38721 MiB, 367.44 W, 365.38 W, 526.20 W, 524.35 W, 1980 MHz
2026/10/08 04:12:16.800, 100 %, 38721 MiB, 367.51 W, 367.93 W, 526.23 W, 527.09 W, 1980 MHz
2026/10/08 04:12:17.000, 100 %, 38721 MiB, 367.46 W, 367.76 W, 526.19 W, 527.09 W, 1980 MHz
2026/10/08 04:12:17.200, 100 %, 38721 MiB, 367.52 W, 365.27 W, 526.27 W, 522.41 W, 1980 MHz
2026/10/08 04:12:17.400, 100 %, 38721 MiB, 367.62 W, 367.03 W, 526.34 W, 525.32 W, 1980 MHz
2026/10/08 04:12:17.600, 100 %, 38721 MiB, 367.71 W, 366.51 W, 526.56 W, 523.38 W, 1980 MHz
2026/10/08 04:12:17.800, 100 %, 38721 MiB, 367.73 W, 367.20 W, 526.57 W, 527.09 W, 1980 MHz
2026/10/08 04:12:18.000, 100 %, 38721 MiB, 367.73 W, 365.30 W, 526.69 W, 525.15 W, 1980 MHz
2026/10/08 04:12:18.201, 100 %, 38721 MiB, 367.87 W, 367.48 W, 526.78 W, 525.15 W, 1980 MHz
2026/10/08 04:12:18.401, 100 %, 38721 MiB, 367.90 W, 367.43 W, 526.73 W, 525.93 W, 1980 MHz
2026/10/08 04:12:18.601, 100 %, 38721 MiB, 367.73 W, 366.07 W, 526.60 W, 524.69 W, 1980 MHz
2026/10/08 04:12:18.801, 100 %, 38721 MiB, 367.63 W, 366.13 W, 526.77 W, 526.12 W, 1980 MHz
2026/10/08 04:12:19.001, 100 %, 38721 MiB, 367.56 W, 367.06 W, 526.67 W, 525.94 W, 1980 MHz
2026/10/08 04:12:19.201, 100 %, 38721 MiB, 367.45 W, 367.58 W, 526.47 W, 526.12 W, 1980 MHz
2026/10/08 04:12:19.401, 100 %, 38721 MiB, 367.39 W, 366.25 W, 526.42 W, 523.38 W, 1980 MHz
2026/10/08 04:12:19.602, 100 %, 38721 MiB, 367.51 W, 366.45 W, 526.62 W, 525.66 W, 1980 MHz
2026/10/08 04:12:19.802, 100 %, 38721 MiB, 367.58 W, 367.73 W, 526.61 W, 527.25 W, 1980 MHz
2026/10/08 04:12:20.002, 100 %, 38721 MiB, 367.62 W, 366.56 W, 526.70 W, 525.32 W, 1980 MHz
2026/10/08 04:12:20.202, 100 %, 38721 MiB, 367.78 W, 369.12 W, 526.99 W, 528.57 W, 1980 MHz
2026/10/08 04:12:20.402, 100 %, 38721 MiB, 367.92 W, 366.41 W, 527.32 W, 524.34 W, 1980 MHz
2026/10/08 04:12:20.602, 100 %, 38721 MiB, 368.02 W, 366.44 W, 527.56 W, 534.04 W, 1980 MHz
2026/10/08 04:12:20.803, 100 %, 38721 MiB, 368.33 W, 365.95 W, 527.91 W, 526.28 W, 1980 MHz
2026/10/08 04:12:21.003, 100 %, 38721 MiB, 368.39 W, 368.08 W, 528.10 W, 529.19 W, 1980 MHz
2026/10/08 04:12:21.203, 100 %, 38721 MiB, 368.41 W, 365.21 W, 528.09 W, 524.97 W, 1980 MHz
2026/10/08 04:12:21.403, 100 %, 38720 MiB, 368.47 W, 367.60 W, 528.29 W, 528.22 W, 1980 MHz
2026/10/08 04:12:21.603, 100 %, 38720 MiB, 368.55 W, 366.77 W, 528.26 W, 526.28 W, 1980 MHz
2026/10/08 04:12:21.803, 100 %, 38720 MiB, 368.60 W, 367.65 W, 528.40 W, 528.06 W, 1980 MHz
2026/10/08 04:12:22.004, 100 %, 38720 MiB, 368.80 W, 366.99 W, 528.56 W, 526.28 W, 1980 MHz
2026/10/08 04:12:22.204, 100 %, 38720 MiB, 368.73 W, 366.61 W, 528.57 W, 527.88 W, 1980 MHz
2026/10/08 04:12:22.404, 100 %, 38720 MiB, 368.79 W, 367.39 W, 528.54 W, 526.28 W, 1980 MHz
2026/10/08 04:12:22.604, 100 %, 38720 MiB, 368.84 W, 365.58 W, 528.79 W, 524.53 W, 1980 MHz
2026/10/08 04:12:22.804, 100 %, 38720 MiB, 368.65 W, 366.33 W, 528.68 W, 526.28 W, 1980 MHz
2026/10/08 04:12:23.004, 100 %, 38720 MiB, 368.55 W, 367.51 W, 528.57 W, 528.22 W, 1980 MHz
2026/10/08 04:12:23.205, 100 %, 38720 MiB, 368.66 W, 365.27 W, 528.63 W, 525.15 W, 1980 MHz
2026/10/08 04:12:23.405, 100 %, 38719 MiB, 368.30 W, 365.72 W, 528.38 W, 526.72 W, 1980 MHz
2026/10/08 04:12:23.605, 100 %, 38719 MiB, 368.13 W, 367.18 W, 528.00 W, 527.25 W, 1980 MHz
2026/10/08 04:12:23.805, 100 %, 38719 MiB, 368.27 W, 366.99 W, 528.06 W, 526.12 W, 1980 MHz
2026/10/08 04:12:24.006, 100 %, 38719 MiB, 368.16 W, 367.36 W, 527.80 W, 529.03 W, 1980 MHz
2026/10/08 04:12:24.206, 100 %, 38719 MiB, 368.06 W, 366.50 W, 527.65 W, 525.94 W, 1980 MHz
2026/10/08 04:12:24.406, 100 %, 38719 MiB, 368.33 W, 367.65 W, 527.89 W, 527.09 W, 1980 MHz
2026/10/08 04:12:24.606, 100 %, 38719 MiB, 368.49 W, 365.89 W, 528.15 W, 524.69 W, 1980 MHz
2026/10/08 04:12:24.806, 100 %, 38719 MiB, 368.40 W, 367.43 W, 528.13 W, 527.87 W, 1980 MHz
2026/10/08 04:12:25.007, 100 %, 38719 MiB, 368.50 W, 367.40 W, 528.30 W, 528.06 W, 1980 MHz
2026/10/08 04:12:25.207, 100 %, 38719 MiB, 368.57 W, 366.05 W, 528.47 W, 524.97 W, 1980 MHz
2026/10/08 04:12:25.407, 100 %, 38719 MiB, 368.46 W, 366.58 W, 528.31 W, 524.97 W, 1980 MHz
2026/10/08 04:12:25.607, 100 %, 38719 MiB, 368.45 W, 367.68 W, 528.20 W, 527.44 W, 1980 MHz
2026/10/08 04:12:25.807, 100 %, 38719 MiB, 368.65 W, 368.78 W, 528.31 W, 527.87 W, 1980 MHz
2026/10/08 04:12:26.008, 100 %, 38719 MiB, 368.83 W, 366.76 W, 528.43 W, 527.25 W, 1980 MHz
2026/10/08 04:12:26.208, 100 %, 38719 MiB, 368.85 W, 367.12 W, 528.32 W, 526.91 W, 1980 MHz
2026/10/08 04:12:26.408, 100 %, 38719 MiB, 368.97 W, 367.79 W, 528.40 W, 527.09 W, 1980 MHz
2026/10/08 04:12:26.608, 100 %, 38719 MiB, 368.98 W, 366.51 W, 528.31 W, 526.28 W, 1980 MHz
2026/10/08 04:12:26.808, 100 %, 38719 MiB, 368.95 W, 366.70 W, 528.37 W, 526.91 W, 1980 MHz
2026/10/08 04:12:27.009, 100 %, 38719 MiB, 368.79 W, 368.79 W, 528.33 W, 530.00 W, 1980 MHz
2026/10/08 04:12:27.209, 100 %, 38718 MiB, 368.88 W, 367.58 W, 528.47 W, 527.09 W, 1980 MHz
2026/10/08 04:12:27.409, 100 %, 38718 MiB, 368.96 W, 366.78 W, 528.46 W, 525.15 W, 1980 MHz
2026/10/08 04:12:27.609, 100 %, 38718 MiB, 368.85 W, 366.55 W, 528.36 W, 528.41 W, 1980 MHz
2026/10/08 04:12:27.809, 100 %, 38718 MiB, 368.91 W, 367.53 W, 528.45 W, 528.06 W, 1980 MHz
2026/10/08 04:12:28.009, 100 %, 38718 MiB, 369.10 W, 367.73 W, 528.63 W, 528.22 W, 1980 MHz
2026/10/08 04:12:28.210, 100 %, 38718 MiB, 369.02 W, 367.10 W, 528.51 W, 526.12 W, 1980 MHz
2026/10/08 04:12:28.410, 100 %, 38718 MiB, 369.01 W, 367.21 W, 528.72 W, 527.09 W, 1980 MHz
2026/10/08 04:12:28.610, 100 %, 38718 MiB, 369.11 W, 365.80 W, 528.94 W, 525.31 W, 1980 MHz
2026/10/08 04:12:28.810, 100 %, 38718 MiB, 368.95 W, 366.28 W, 528.70 W, 527.09 W, 1980 MHz
2026/10/08 04:12:29.011, 100 %, 38718 MiB, 368.92 W, 368.70 W, 528.58 W, 527.25 W, 1980 MHz
2026/10/08 04:12:29.211, 100 %, 38718 MiB, 368.89 W, 367.59 W, 528.52 W, 527.09 W, 1980 MHz
2026/10/08 04:12:29.411, 100 %, 38718 MiB, 368.86 W, 366.50 W, 528.29 W, 526.12 W, 1980 MHz
2026/10/08 04:12:29.611, 100 %, 38718 MiB, 368.79 W, 366.88 W, 528.20 W, 527.09 W, 1980 MHz
2026/10/08 04:12:29.811, 100 %, 38718 MiB, 368.86 W, 368.27 W, 528.31 W, 528.84 W, 1980 MHz
2026/10/08 04:12:30.012, 100 %, 38718 MiB, 368.79 W, 367.95 W, 528.36 W, 528.06 W, 1980 MHz
2026/10/08 04:12:30.212, 100 %, 38718 MiB, 368.63 W, 366.79 W, 528.18 W, 526.10 W, 1980 MHz
2026/10/08 04:12:30.412, 100 %, 38718 MiB, 368.48 W, 367.69 W, 528.26 W, 528.84 W, 1980 MHz
2026/10/08 04:12:30.612, 100 %, 38718 MiB, 368.51 W, 367.02 W, 528.43 W, 526.28 W, 1980 MHz
2026/10/08 04:12:30.812, 100 %, 38718 MiB, 368.51 W, 367.14 W, 528.43 W, 527.88 W, 1980 MHz
2026/10/08 04:12:31.013, 100 %, 38718 MiB, 368.57 W, 368.51 W, 528.51 W, 530.00 W, 1980 MHz
2026/10/08 04:12:31.213, 100 %, 38718 MiB, 368.72 W, 368.71 W, 528.73 W, 528.06 W, 1980 MHz
2026/10/08 04:12:31.413, 100 %, 38718 MiB, 368.86 W, 366.30 W, 528.92 W, 526.90 W, 1980 MHz
2026/10/08 04:12:31.613, 100 %, 38718 MiB, 368.94 W, 367.46 W, 529.05 W, 529.03 W, 1980 MHz
2026/10/08 04:12:31.813, 100 %, 38718 MiB, 368.95 W, 368.00 W, 529.32 W, 528.22 W, 1980 MHz
2026/10/08 04:12:32.014, 100 %, 38718 MiB, 369.02 W, 367.79 W, 529.71 W, 529.19 W, 1980 MHz
2026/10/08 04:12:32.214, 100 %, 38718 MiB, 368.99 W, 367.02 W, 529.95 W, 527.09 W, 1980 MHz
2026/10/08 04:12:32.414, 100 %, 38717 MiB, 368.98 W, 367.35 W, 530.17 W, 527.87 W, 1980 MHz
2026/10/08 04:12:32.614, 100 %, 38717 MiB, 369.00 W, 367.17 W, 530.19 W, 527.25 W, 1980 MHz
2026/10/08 04:12:32.814, 100 %, 38717 MiB, 369.13 W, 367.06 W, 530.33 W, 526.90 W, 1980 MHz
2026/10/08 04:12:33.014, 100 %, 38717 MiB, 369.13 W, 368.14 W, 530.17 W, 530.16 W, 1980 MHz
2026/10/08 04:12:33.215, 100 %, 38717 MiB, 369.18 W, 366.90 W, 530.19 W, 529.03 W, 1980 MHz
2026/10/08 04:12:33.415, 100 %, 38717 MiB, 369.26 W, 366.29 W, 530.37 W, 527.09 W, 1980 MHz
2026/10/08 04:12:33.615, 100 %, 38717 MiB, 369.28 W, 365.29 W, 530.54 W, 524.18 W, 1980 MHz
2026/10/08 04:12:33.815, 100 %, 38717 MiB, 369.21 W, 367.93 W, 530.38 W, 529.65 W, 1980 MHz
2026/10/08 04:12:34.015, 100 %, 38717 MiB, 369.11 W, 367.88 W, 530.31 W, 530.35 W, 1980 MHz
2026/10/08 04:12:34.216, 100 %, 38717 MiB, 369.17 W, 367.99 W, 530.14 W, 528.06 W, 1980 MHz
2026/10/08 04:12:34.416, 100 %, 38717 MiB, 369.04 W, 367.24 W, 529.83 W, 527.87 W, 1980 MHz
2026/10/08 04:12:34.616, 100 %, 38717 MiB, 369.07 W, 368.68 W, 529.70 W, 529.81 W, 1980 MHz
2026/10/08 04:12:34.816, 100 %, 38717 MiB, 369.16 W, 366.85 W, 529.84 W, 530.00 W, 1980 MHz
2026/10/08 04:12:35.016, 100 %, 38717 MiB, 369.37 W, 368.59 W, 530.41 W, 532.29 W, 1980 MHz
2026/10/08 04:12:35.217, 100 %, 38717 MiB, 369.51 W, 370.64 W, 531.23 W, 533.87 W, 1980 MHz
2026/10/08 04:12:35.417, 100 %, 38717 MiB, 369.82 W, 368.67 W, 531.90 W, 528.84 W, 1980 MHz
2026/10/08 04:12:35.617, 100 %, 38717 MiB, 369.95 W, 366.08 W, 532.51 W, 527.87 W, 1980 MHz
2026/10/08 04:12:35.817, 100 %, 38717 MiB, 369.90 W, 367.93 W, 532.91 W, 532.72 W, 1980 MHz
2026/10/08 04:12:36.017, 100 %, 38717 MiB, 369.92 W, 368.39 W, 532.87 W, 531.13 W, 1980 MHz
2026/10/08 04:12:36.218, 100 %, 38717 MiB, 369.79 W, 366.22 W, 532.42 W, 530.00 W, 1980 MHz
2026/10/08 04:12:36.418, 100 %, 38717 MiB, 369.46 W, 367.23 W, 532.09 W, 530.00 W, 1980 MHz
2026/10/08 04:12:36.618, 100 %, 38717 MiB, 369.30 W, 367.16 W, 532.17 W, 531.13 W, 1980 MHz
2026/10/08 04:12:36.818, 100 %, 38717 MiB, 369.44 W, 367.83 W, 532.96 W, 532.91 W, 1980 MHz
2026/10/08 04:12:37.018, 100 %, 38717 MiB, 369.32 W, 368.14 W, 533.46 W, 535.98 W, 1980 MHz
2026/10/08 04:12:37.219, 100 %, 38717 MiB, 369.28 W, 367.99 W, 533.71 W, 531.13 W, 1980 MHz
2026/10/08 04:12:37.419, 100 %, 38717 MiB, 369.43 W, 368.12 W, 533.98 W, 532.72 W, 1980 MHz
2026/10/08 04:12:37.619, 100 %, 38717 MiB, 369.53 W, 368.61 W, 534.01 W, 532.72 W, 1980 MHz
2026/10/08 04:12:37.819, 100 %, 38717 MiB, 369.59 W, 367.89 W, 533.83 W, 533.69 W, 1980 MHz
2026/10/08 04:12:38.019, 100 %, 38717 MiB, 369.69 W, 368.99 W, 533.81 W, 533.07 W, 1980 MHz
2026/10/08 04:12:38.220, 100 %, 38717 MiB, 369.88 W, 368.93 W, 534.44 W, 533.87 W, 1980 MHz
2026/10/08 04:12:38.420, 100 %, 38717 MiB, 370.00 W, 369.68 W, 534.19 W, 530.97 W, 1980 MHz
2026/10/08 04:12:38.620, 100 %, 38717 MiB, 370.04 W, 368.31 W, 533.79 W, 529.03 W, 1980 MHz
2026/10/08 04:12:38.820, 100 %, 38717 MiB, 370.04 W, 368.73 W, 533.24 W, 531.75 W, 1980 MHz
2026/10/08 04:12:39.020, 100 %, 38717 MiB, 370.12 W, 369.03 W, 532.64 W, 532.29 W, 1980 MHz
2026/10/08 04:12:39.221, 100 %, 38717 MiB, 369.97 W, 368.11 W, 531.58 W, 529.19 W, 1980 MHz
2026/10/08 04:12:39.421, 100 %, 38717 MiB, 369.94 W, 367.70 W, 531.75 W, 529.81 W, 1980 MHz
2026/10/08 04:12:39.621, 100 %, 38717 MiB, 370.04 W, 369.98 W, 532.01 W, 531.91 W, 1980 MHz
2026/10/08 04:12:39.821, 100 %, 38717 MiB, 370.14 W, 369.18 W, 531.93 W, 530.78 W, 1980 MHz
2026/10/08 04:12:40.021, 100 %, 38717 MiB, 370.19 W, 369.67 W, 531.99 W, 532.10 W, 1980 MHz
2026/10/08 04:12:40.222, 100 %, 38717 MiB, 370.14 W, 367.73 W, 531.78 W, 527.25 W, 1980 MHz
2026/10/08 04:12:40.422, 100 %, 38717 MiB, 369.95 W, 367.50 W, 531.36 W, 529.03 W, 1980 MHz
2026/10/08 04:12:40.622, 100 %, 38717 MiB, 368.59 W, 356.93 W, 530.05 W, 519.50 W, 1980 MHz
2026/10/08 04:12:40.822, 100 %, 38717 MiB, 368.32 W, 368.79 W, 530.11 W, 531.75 W, 1980 MHz
2026/10/08 04:12:41.022, 100 %, 38717 MiB, 368.03 W, 368.02 W, 530.04 W, 531.13 W, 1980 MHz
2026/10/08 04:12:41.223, 100 %, 38717 MiB, 368.09 W, 369.32 W, 530.44 W, 535.98 W, 1980 MHz
2026/10/08 04:12:41.423, 100 %, 38717 MiB, 368.25 W, 369.25 W, 530.74 W, 531.75 W, 1980 MHz
2026/10/08 04:12:41.623, 100 %, 38717 MiB, 369.52 W, 368.98 W, 531.79 W, 531.75 W, 1980 MHz
2026/10/08 04:12:41.823, 100 %, 38717 MiB, 369.74 W, 367.95 W, 531.78 W, 526.91 W, 1980 MHz
2026/10/08 04:12:42.023, 100 %, 38717 MiB, 370.19 W, 371.21 W, 531.90 W, 534.04 W, 1980 MHz
2026/10/08 04:12:42.224, 100 %, 38717 MiB, 370.37 W, 370.01 W, 531.72 W, 531.32 W, 1980 MHz
2026/10/08 04:12:42.424, 100 %, 38717 MiB, 370.48 W, 367.99 W, 531.49 W, 528.22 W, 1980 MHz
2026/10/08 04:12:42.624, 100 %, 38717 MiB, 370.67 W, 368.86 W, 531.75 W, 529.81 W, 1980 MHz
2026/10/08 04:12:42.824, 100 %, 38717 MiB, 370.66 W, 368.09 W, 531.85 W, 527.88 W, 1980 MHz
2026/10/08 04:12:43.024, 100 %, 38717 MiB, 370.33 W, 369.69 W, 531.62 W, 533.07 W, 1980 MHz
2026/10/08 04:12:43.225, 100 %, 38716 MiB, 370.19 W, 369.61 W, 531.63 W, 530.16 W, 1980 MHz
2026/10/08 04:12:43.425, 100 %, 38716 MiB, 370.29 W, 368.32 W, 531.81 W, 526.91 W, 1980 MHz
2026/10/08 04:12:43.625, 100 %, 38716 MiB, 370.22 W, 368.02 W, 531.80 W, 529.03 W, 1980 MHz
2026/10/08 04:12:43.825, 100 %, 38716 MiB, 370.13 W, 367.79 W, 531.57 W, 529.81 W, 1980 MHz
2026/10/08 04:12:44.026, 100 %, 38716 MiB, 370.28 W, 368.74 W, 531.68 W, 530.16 W, 1980 MHz
2026/10/08 04:12:44.226, 100 %, 38716 MiB, 370.35 W, 368.25 W, 531.67 W, 529.38 W, 1980 MHz
2026/10/08 04:12:44.426, 100 %, 38716 MiB, 370.21 W, 369.01 W, 531.55 W, 531.75 W, 1980 MHz
2026/10/08 04:12:44.626, 100 %, 38716 MiB, 370.16 W, 369.97 W, 531.28 W, 530.78 W, 1980 MHz
2026/10/08 04:12:44.826, 100 %, 38716 MiB, 370.26 W, 369.26 W, 531.31 W, 529.65 W, 1980 MHz
2026/10/08 04:12:45.027, 100 %, 38716 MiB, 370.31 W, 370.24 W, 531.33 W, 531.94 W, 1980 MHz
2026/10/08 04:12:45.227, 100 %, 38716 MiB, 370.42 W, 370.40 W, 531.51 W, 532.29 W, 1980 MHz
2026/10/08 04:12:45.427, 100 %, 38716 MiB, 370.43 W, 368.95 W, 531.54 W, 530.97 W, 1980 MHz
2026/10/08 04:12:45.627, 100 %, 38716 MiB, 370.58 W, 368.65 W, 531.79 W, 528.84 W, 1980 MHz
2026/10/08 04:12:45.828, 100 %, 38716 MiB, 370.63 W, 368.73 W, 532.04 W, 530.00 W, 1980 MHz
2026/10/08 04:12:46.028, 100 %, 38716 MiB, 370.64 W, 370.34 W, 532.31 W, 531.94 W, 1980 MHz
2026/10/08 04:12:46.228, 100 %, 38716 MiB, 370.48 W, 369.70 W, 531.88 W, 531.13 W, 1980 MHz
2026/10/08 04:12:46.428, 100 %, 38716 MiB, 370.30 W, 368.07 W, 531.49 W, 528.06 W, 1980 MHz
2026/10/08 04:12:46.628, 100 %, 38716 MiB, 370.12 W, 370.24 W, 531.29 W, 532.28 W, 1980 MHz
2026/10/08 04:12:46.828, 100 %, 38716 MiB, 370.03 W, 369.90 W, 531.03 W, 529.97 W, 1980 MHz
2026/10/08 04:12:47.029, 100 %, 38716 MiB, 369.94 W, 368.66 W, 530.69 W, 528.84 W, 1980 MHz
2026/10/08 04:12:47.229, 100 %, 38716 MiB, 369.89 W, 366.95 W, 530.54 W, 527.26 W, 1980 MHz
2026/10/08 04:12:47.429, 100 %, 38716 MiB, 369.97 W, 369.52 W, 530.66 W, 529.81 W, 1980 MHz
2026/10/08 04:12:47.629, 100 %, 38716 MiB, 370.04 W, 368.39 W, 530.46 W, 527.09 W, 1980 MHz
2026/10/08 04:12:47.829, 100 %, 38716 MiB, 370.04 W, 367.58 W, 530.35 W, 528.84 W, 1980 MHz
2026/10/08 04:12:48.030, 100 %, 38716 MiB, 370.27 W, 370.65 W, 530.81 W, 533.88 W, 1980 MHz
2026/10/08 04:12:48.230, 100 %, 38716 MiB, 370.28 W, 368.93 W, 531.02 W, 530.16 W, 1980 MHz
2026/10/08 04:12:48.430, 100 %, 38716 MiB, 370.28 W, 368.58 W, 531.23 W, 530.78 W, 1980 MHz
2026/10/08 04:12:48.630, 100 %, 38716 MiB, 370.30 W, 370.05 W, 531.51 W, 532.10 W, 1980 MHz
2026/10/08 04:12:48.830, 100 %, 38716 MiB, 370.42 W, 368.67 W, 531.91 W, 530.78 W, 1980 MHz
2026/10/08 04:12:49.030, 100 %, 38716 MiB, 370.45 W, 370.99 W, 531.76 W, 531.94 W, 1980 MHz
2026/10/08 04:12:49.231, 100 %, 38716 MiB, 370.52 W, 368.39 W, 531.73 W, 529.03 W, 1980 MHz
2026/10/08 04:12:49.431, 100 %, 38716 MiB, 370.66 W, 369.87 W, 531.72 W, 530.97 W, 1980 MHz
2026/10/08 04:12:49.631, 100 %, 38716 MiB, 370.62 W, 368.33 W, 531.48 W, 529.03 W, 1980 MHz
2026/10/08 04:12:49.831, 100 %, 38716 MiB, 370.41 W, 369.88 W, 531.07 W, 529.03 W, 1980 MHz
2026/10/08 04:12:50.031, 100 %, 38716 MiB, 370.40 W, 369.24 W, 531.03 W, 531.13 W, 1980 MHz
2026/10/08 04:12:50.231, 100 %, 38716 MiB, 370.31 W, 369.43 W, 530.99 W, 532.10 W, 1980 MHz
2026/10/08 04:12:50.431, 100 %, 38716 MiB, 370.19 W, 370.24 W, 531.03 W, 531.75 W, 1980 MHz
2026/10/08 04:12:50.631, 100 %, 38716 MiB, 370.26 W, 367.65 W, 531.24 W, 528.06 W, 1980 MHz
2026/10/08 04:12:50.831, 100 %, 38716 MiB, 370.44 W, 369.03 W, 531.38 W, 528.84 W, 1980 MHz
2026/10/08 04:12:51.031, 100 %, 38716 MiB, 370.37 W, 370.59 W, 531.28 W, 532.10 W, 1980 MHz
2026/10/08 04:12:51.232, 100 %, 38716 MiB, 370.43 W, 368.79 W, 531.39 W, 530.16 W, 1980 MHz
2026/10/08 04:12:51.432, 100 %, 38716 MiB, 370.59 W, 368.37 W, 531.51 W, 528.84 W, 1980 MHz
2026/10/08 04:12:51.632, 100 %, 38716 MiB, 370.69 W, 369.47 W, 531.75 W, 530.16 W, 1980 MHz
2026/10/08 04:12:51.832, 100 %, 38716 MiB, 370.69 W, 368.32 W, 531.86 W, 527.88 W, 1980 MHz
2026/10/08 04:12:52.032, 100 %, 38716 MiB, 370.82 W, 368.59 W, 531.91 W, 529.03 W, 1980 MHz
2026/10/08 04:12:52.232, 100 %, 38715 MiB, 370.98 W, 371.01 W, 532.29 W, 533.85 W, 1980 MHz
2026/10/08 04:12:52.433, 100 %, 38715 MiB, 370.92 W, 370.51 W, 532.37 W, 534.66 W, 1980 MHz
2026/10/08 04:12:52.633, 100 %, 38715 MiB, 370.80 W, 369.89 W, 532.50 W, 532.10 W, 1980 MHz
2026/10/08 04:12:52.833, 100 %, 38715 MiB, 370.73 W, 368.30 W, 532.62 W, 529.81 W, 1980 MHz
2026/10/08 04:12:53.033, 100 %, 38715 MiB, 371.06 W, 371.02 W, 534.72 W, 540.66 W, 1980 MHz
2026/10/08 04:12:53.233, 100 %, 38715 MiB, 370.95 W, 370.74 W, 534.27 W, 532.91 W, 1980 MHz
2026/10/08 04:12:53.434, 100 %, 38715 MiB, 370.72 W, 368.39 W, 533.82 W, 530.80 W, 1980 MHz
2026/10/08 04:12:53.634, 100 %, 38715 MiB, 370.74 W, 370.19 W, 533.72 W, 533.26 W, 1980 MHz
2026/10/08 04:12:53.834, 100 %, 38715 MiB, 370.78 W, 369.84 W, 533.62 W, 529.81 W, 1980 MHz
2026/10/08 04:12:54.034, 100 %, 38715 MiB, 370.52 W, 369.08 W, 532.03 W, 531.13 W, 1980 MHz
2026/10/08 04:12:54.234, 100 %, 38715 MiB, 370.49 W, 369.45 W, 532.02 W, 531.13 W, 1980 MHz
2026/10/08 04:12:54.434, 100 %, 38715 MiB, 370.63 W, 368.65 W, 532.27 W, 529.65 W, 1980 MHz
2026/10/08 04:12:54.635, 100 %, 38715 MiB, 370.56 W, 369.52 W, 532.06 W, 533.26 W, 1980 MHz
2026/10/08 04:12:54.835, 100 %, 38715 MiB, 370.41 W, 367.89 W, 532.11 W, 529.81 W, 1980 MHz
2026/10/08 04:12:55.035, 100 %, 38715 MiB, 370.35 W, 369.02 W, 532.23 W, 529.03 W, 1980 MHz
2026/10/08 04:12:55.235, 100 %, 38715 MiB, 370.27 W, 369.44 W, 532.21 W, 531.94 W, 1980 MHz
2026/10/08 04:12:55.435, 100 %, 38715 MiB, 370.17 W, 368.94 W, 531.99 W, 529.65 W, 1980 MHz
2026/10/08 04:12:55.635, 100 %, 38715 MiB, 370.32 W, 371.27 W, 532.27 W, 534.39 W, 1980 MHz
2026/10/08 04:12:55.835, 100 %, 38715 MiB, 370.53 W, 368.56 W, 532.59 W, 529.81 W, 1980 MHz
2026/10/08 04:12:56.036, 100 %, 38715 MiB, 370.60 W, 368.49 W, 532.60 W, 530.78 W, 1980 MHz
2026/10/08 04:12:56.236, 100 %, 38715 MiB, 370.61 W, 370.92 W, 532.72 W, 535.01 W, 1980 MHz
2026/10/08 04:12:56.436, 100 %, 38157 MiB, 363.60 W, 172.70 W, 525.92 W, 336.12 W, 1980 MHz
2026/10/08 04:12:56.636, 0 %, 38157 MiB, 323.12 W, 162.10 W, 485.75 W, 324.68 W, 1980 MHz
2026/10/08 04:12:56.836, 0 %, 38157 MiB, 282.19 W, 162.23 W, 444.77 W, 325.53 W, 1980 MHz
2026/10/08 04:12:57.036, 0 %, 38157 MiB, 238.80 W, 160.91 W, 401.76 W, 323.71 W, 1980 MHz
2026/10/08 04:12:57.236, 0 %, 38157 MiB, 200.47 W, 161.30 W, 363.69 W, 324.68 W, 1980 MHz
2026/10/08 04:12:57.436, 0 %, 38157 MiB, 162.48 W, 160.79 W, 326.05 W, 324.47 W, 1980 MHz
2026/10/08 04:12:57.637, 0 %, 38157 MiB, 161.82 W, 160.36 W, 325.22 W, 323.71 W, 1980 MHz
2026/10/08 04:12:57.837, 0 %, 38157 MiB, 161.43 W, 160.18 W, 324.82 W, 322.73 W, 1980 MHz
2026/10/08 04:12:58.037, 0 %, 38157 MiB, 161.05 W, 160.26 W, 324.18 W, 321.76 W, 1980 MHz
2026/10/08 04:12:58.237, 0 %, 38157 MiB, 160.86 W, 161.12 W, 323.84 W, 325.55 W, 1980 MHz
2026/10/08 04:12:58.437, 0 %, 38157 MiB, 151.66 W, 104.62 W, 314.64 W, 269.34 W, 405 MHz
2026/10/08 04:12:58.637, 0 %, 38157 MiB, 140.59 W, 104.50 W, 304.35 W, 271.46 W, 375 MHz
2026/10/08 04:12:58.838, 0 %, 38157 MiB, 128.86 W, 103.67 W, 293.42 W, 268.55 W, 345 MHz
2026/10/08 04:12:59.038, 0 %, 38157 MiB, 117.61 W, 103.86 W, 282.70 W, 268.47 W, 345 MHz
2026/10/08 04:12:59.238, 0 %, 38157 MiB, 106.44 W, 105.40 W, 272.07 W, 270.42 W, 345 MHz
2026/10/08 04:12:59.438, 0 %, 38157 MiB, 104.31 W, 105.32 W, 270.23 W, 272.26 W, 345 MHz
2026/10/08 04:12:59.638, 0 %, 38157 MiB, 104.40 W, 104.11 W, 270.21 W, 271.31 W, 345 MHz
2026/10/08 04:12:59.838, 0 %, 38157 MiB, 104.38 W, 104.00 W, 269.71 W, 268.47 W, 345 MHz
2026/10/08 04:13:00.039, 0 %, 38157 MiB, 104.44 W, 104.61 W, 269.66 W, 268.47 W, 345 MHz
2026/10/08 04:13:00.239, 0 %, 38157 MiB, 104.47 W, 105.46 W, 269.43 W, 271.39 W, 345 MHz
2026/10/08 04:13:00.439, 0 %, 38157 MiB, 104.48 W, 105.21 W, 269.18 W, 270.32 W, 345 MHz
2026/10/08 04:13:00.639, 0 %, 38157 MiB, 104.56 W, 104.33 W, 268.64 W, 267.50 W, 345 MHz
2026/10/08 04:13:00.839, 0 %, 38157 MiB, 104.72 W, 104.42 W, 268.68 W, 267.58 W, 345 MHz
2026/10/08 04:13:01.039, 0 %, 38157 MiB, 104.75 W, 104.48 W, 268.56 W, 266.53 W, 345 MHz
2026/10/08 04:13:01.239, 0 %, 38157 MiB, 104.74 W, 104.68 W, 268.50 W, 268.47 W, 345 MHz
2026/10/08 04:13:01.439, 0 %, 38157 MiB, 104.65 W, 104.67 W, 268.41 W, 269.45 W, 345 MHz
2026/10/08 04:13:01.640, 0 %, 38219 MiB, 104.55 W, 103.87 W, 268.21 W, 265.55 W, 345 MHz
2026/10/08 04:13:01.840, 0 %, 38219 MiB, 104.57 W, 104.13 W, 268.22 W, 266.60 W, 345 MHz
2026/10/08 04:13:02.040, 0 %, 38219 MiB, 104.55 W, 104.59 W, 267.84 W, 265.55 W, 345 MHz
2026/10/08 04:13:02.240, 0 %, 38219 MiB, 104.55 W, 103.83 W, 267.45 W, 265.55 W, 345 MHz
2026/10/08 04:13:02.441, 0 %, 38219 MiB, 104.54 W, 104.66 W, 266.90 W, 266.53 W, 345 MHz
2026/10/08 04:13:02.641, 0 %, 38219 MiB, 104.47 W, 104.89 W, 266.68 W, 269.44 W, 345 MHz
2026/10/08 04:13:02.841, 0 %, 38219 MiB, 104.29 W, 103.67 W, 266.72 W, 268.55 W, 345 MHz
2026/10/08 04:13:03.041, 0 %, 38219 MiB, 104.29 W, 103.83 W, 267.38 W, 269.44 W, 345 MHz
2026/10/08 04:13:03.241, 0 %, 38218 MiB, 104.28 W, 103.57 W, 268.16 W, 267.67 W, 345 MHz
2026/10/08 04:13:03.442, 0 %, 38218 MiB, 104.29 W, 104.20 W, 268.90 W, 269.34 W, 345 MHz
2026/10/08 04:13:03.642, 0 %, 38218 MiB, 104.31 W, 104.87 W, 269.50 W, 270.42 W, 345 MHz
2026/10/08 04:13:03.842, 0 %, 38218 MiB, 104.29 W, 103.32 W, 269.53 W, 267.50 W, 345 MHz
2026/10/08 04:13:04.042, 0 %, 38218 MiB, 104.28 W, 104.43 W, 269.58 W, 270.32 W, 345 MHz
2026/10/08 04:13:04.242, 0 %, 38218 MiB, 104.24 W, 103.85 W, 269.53 W, 269.52 W, 345 MHz
2026/10/08 04:13:04.443, 0 %, 38218 MiB, 104.30 W, 105.20 W, 269.76 W, 272.36 W, 345 MHz
2026/10/08 04:13:04.643, 0 %, 38218 MiB, 104.23 W, 104.26 W, 269.64 W, 269.52 W, 345 MHz
2026/10/08 04:13:04.843, 0 %, 38218 MiB, 104.18 W, 103.69 W, 269.45 W, 267.67 W, 345 MHz
2026/10/08 04:13:05.043, 0 %, 38218 MiB, 104.14 W, 104.31 W, 269.21 W, 268.37 W, 345 MHz
2026/10/08 04:13:05.244, 0 %, 38212 MiB, 104.05 W, 103.56 W, 269.02 W, 268.47 W, 345 MHz
2026/10/08 04:13:05.444, 0 %, 38212 MiB, 103.96 W, 104.73 W, 268.88 W, 270.34 W, 345 MHz
2026/10/08 04:13:05.644, 0 %, 38212 MiB, 103.99 W, 104.46 W, 268.82 W, 270.32 W, 345 MHz
2026/10/08 04:13:05.844, 0 %, 38212 MiB, 103.94 W, 104.00 W, 268.77 W, 269.52 W, 345 MHz
2026/10/08 04:13:06.044, 0 %, 38211 MiB, 103.86 W, 104.12 W, 268.82 W, 268.47 W, 345 MHz
2026/10/08 04:13:06.245, 0 %, 38210 MiB, 103.88 W, 103.88 W, 268.81 W, 268.65 W, 345 MHz
2026/10/08 04:13:06.445, 0 %, 38210 MiB, 104.00 W, 104.42 W, 268.83 W, 268.47 W, 345 MHz
2026/10/08 04:13:06.645, 0 %, 38210 MiB, 104.00 W, 104.29 W, 268.86 W, 269.34 W, 345 MHz
2026/10/08 04:13:06.845, 0 %, 38210 MiB, 103.99 W, 103.89 W, 268.95 W, 268.47 W, 345 MHz
2026/10/08 04:13:07.045, 0 %, 38210 MiB, 104.04 W, 103.93 W, 269.00 W, 269.37 W, 345 MHz
2026/10/08 04:13:07.246, 0 %, 38208 MiB, 103.95 W, 103.79 W, 268.90 W, 268.47 W, 345 MHz
2026/10/08 04:13:07.446, 0 %, 38203 MiB, 103.92 W, 103.87 W, 268.89 W, 268.47 W, 345 MHz
2026/10/08 04:13:07.646, 0 %, 38203 MiB, 103.82 W, 104.23 W, 268.83 W, 270.42 W, 345 MHz
2026/10/08 04:13:07.846, 0 %, 38203 MiB, 103.80 W, 104.27 W, 268.80 W, 269.44 W, 345 MHz
2026/10/08 04:13:08.047, 0 %, 38203 MiB, 103.78 W, 103.34 W, 268.96 W, 268.47 W, 345 MHz
2026/10/08 04:13:08.247, 0 %, 38202 MiB, 103.84 W, 103.69 W, 269.08 W, 268.47 W, 345 MHz
2026/10/08 04:13:08.447, 0 %, 38202 MiB, 103.85 W, 102.99 W, 269.23 W, 267.40 W, 345 MHz
2026/10/08 04:13:08.647, 0 %, 38202 MiB, 103.92 W, 103.84 W, 269.43 W, 269.42 W, 345 MHz
2026/10/08 04:13:08.847, 0 %, 38202 MiB, 103.93 W, 103.81 W, 269.44 W, 269.44 W, 345 MHz
2026/10/08 04:13:09.048, 0 %, 38201 MiB, 103.90 W, 103.47 W, 269.30 W, 268.37 W, 345 MHz
2026/10/08 04:13:09.248, 0 %, 38201 MiB, 103.91 W, 102.40 W, 269.35 W, 265.55 W, 345 MHz
2026/10/08 04:13:09.448, 0 %, 38197 MiB, 103.91 W, 103.80 W, 269.37 W, 269.36 W, 345 MHz
2026/10/08 04:13:09.648, 0 %, 38197 MiB, 103.93 W, 103.28 W, 269.33 W, 269.34 W, 345 MHz
2026/10/08 04:13:09.848, 0 %, 38197 MiB, 103.90 W, 104.74 W, 269.21 W, 269.35 W, 345 MHz
2026/10/08 04:13:10.049, 0 %, 38197 MiB, 103.90 W, 102.97 W, 269.14 W, 267.32 W, 345 MHz
2026/10/08 04:13:10.249, 0 %, 38197 MiB, 103.86 W, 103.70 W, 268.99 W, 268.47 W, 345 MHz
2026/10/08 04:13:10.449, 0 %, 38197 MiB, 103.82 W, 103.52 W, 268.85 W, 267.50 W, 345 MHz
2026/10/08 04:13:10.649, 0 %, 38197 MiB, 103.78 W, 103.75 W, 268.71 W, 268.47 W, 345 MHz
2026/10/08 04:13:10.849, 0 %, 38197 MiB, 103.85 W, 104.91 W, 268.77 W, 270.32 W, 345 MHz
2026/10/08 04:13:11.050, 0 %, 38197 MiB, 103.78 W, 103.89 W, 268.71 W, 269.44 W, 345 MHz
2026/10/08 04:13:11.250, 0 %, 38197 MiB, 103.81 W, 104.69 W, 268.66 W, 269.44 W, 345 MHz
2026/10/08 04:13:11.450, 0 %, 38193 MiB, 103.75 W, 103.41 W, 268.47 W, 266.52 W, 345 MHz
2026/10/08 04:13:11.650, 0 %, 38193 MiB, 103.73 W, 104.30 W, 268.29 W, 267.40 W, 345 MHz
2026/10/08 04:13:11.851, 0 %, 38193 MiB, 103.70 W, 103.69 W, 268.08 W, 268.73 W, 345 MHz
2026/10/08 04:13:12.051, 0 %, 38193 MiB, 103.71 W, 104.06 W, 267.90 W, 268.47 W, 345 MHz
2026/10/08 04:13:12.251, 0 %, 38193 MiB, 103.71 W, 103.49 W, 267.80 W, 266.60 W, 345 MHz
2026/10/08 04:13:12.451, 0 %, 38193 MiB, 103.75 W, 103.04 W, 267.84 W, 267.50 W, 345 MHz
2026/10/08 04:13:12.651, 0 %, 38193 MiB, 103.72 W, 102.54 W, 267.83 W, 265.45 W, 345 MHz
2026/10/08 04:13:12.852, 0 %, 38193 MiB, 103.68 W, 104.21 W, 267.72 W, 268.47 W, 345 MHz
2026/10/08 04:13:13.052, 0 %, 38193 MiB, 103.70 W, 104.72 W, 267.75 W, 268.37 W, 345 MHz
2026/10/08 04:13:13.252, 0 %, 38190 MiB, 103.66 W, 103.66 W, 267.69 W, 267.67 W, 345 MHz
2026/10/08 04:13:13.452, 0 %, 38190 MiB, 103.66 W, 103.83 W, 267.64 W, 267.58 W, 345 MHz
2026/10/08 04:13:13.652, 0 %, 38190 MiB, 103.71 W, 102.60 W, 267.73 W, 267.32 W, 345 MHz
2026/10/08 04:13:13.853, 0 %, 38190 MiB, 103.71 W, 104.03 W, 268.00 W, 268.37 W, 345 MHz
2026/10/08 04:13:14.053, 0 %, 38190 MiB, 103.71 W, 104.17 W, 268.05 W, 266.35 W, 345 MHz
2026/10/08 04:13:14.253, 0 %, 38187 MiB, 103.68 W, 103.39 W, 267.94 W, 267.67 W, 345 MHz
2026/10/08 04:13:14.453, 0 %, 38187 MiB, 103.64 W, 103.62 W, 267.82 W, 266.62 W, 345 MHz
2026/10/08 04:13:14.654, 0 %, 38187 MiB, 103.50 W, 102.55 W, 267.58 W, 266.42 W, 345 MHz
2026/10/08 04:13:14.854, 0 %, 38187 MiB, 103.61 W, 103.35 W, 267.55 W, 267.77 W, 345 MHz
2026/10/08 04:13:15.054, 0 %, 38187 MiB, 103.51 W, 103.94 W, 267.39 W, 268.47 W, 345 MHz
2026/10/08 04:13:15.254, 0 %, 38187 MiB, 103.51 W, 103.02 W, 267.54 W, 267.50 W, 345 MHz
2026/10/08 04:13:15.455, 0 %, 38187 MiB, 103.52 W, 103.60 W, 267.69 W, 267.50 W, 345 MHz
2026/10/08 04:13:15.655, 0 %, 38187 MiB, 103.58 W, 104.19 W, 267.82 W, 268.37 W, 345 MHz
2026/10/08 04:13:15.855, 0 %, 38184 MiB, 103.55 W, 102.71 W, 267.73 W, 266.53 W, 345 MHz
2026/10/08 04:13:16.055, 0 %, 38184 MiB, 103.62 W, 104.00 W, 267.89 W, 269.37 W, 345 MHz
2026/10/08 04:13:16.255, 0 %, 38184 MiB, 103.50 W, 104.14 W, 267.75 W, 268.49 W, 345 MHz
2026/10/08 04:13:16.456, 0 %, 38184 MiB, 103.41 W, 103.56 W, 267.63 W, 268.65 W, 345 MHz
2026/10/08 04:13:16.656, 0 %, 38184 MiB, 103.46 W, 104.11 W, 267.75 W, 269.44 W, 345 MHz
2026/10/08 04:13:16.856, 0 %, 38184 MiB, 103.47 W, 103.10 W, 267.85 W, 266.42 W, 345 MHz
2026/10/08 04:13:17.056, 0 %, 38184 MiB, 103.48 W, 103.16 W, 267.83 W, 267.40 W, 345 MHz
2026/10/08 04:13:17.256, 0 %, 38184 MiB, 103.55 W, 104.95 W, 267.98 W, 271.47 W, 345 MHz
2026/10/08 04:13:17.456, 0 %, 38182 MiB, 103.61 W, 103.03 W, 268.03 W, 266.62 W, 345 MHz
2026/10/08 04:13:17.657, 0 %, 38182 MiB, 103.54 W, 103.26 W, 267.90 W, 267.42 W, 345 MHz
2026/10/08 04:13:17.857, 0 %, 38182 MiB, 103.43 W, 102.75 W, 267.72 W, 266.70 W, 345 MHz
2026/10/08 04:13:18.057, 0 %, 38182 MiB, 103.46 W, 103.57 W, 267.79 W, 267.50 W, 345 MHz
2026/10/08 04:13:18.257, 0 %, 38182 MiB, 103.54 W, 103.29 W, 267.77 W, 268.37 W, 345 MHz
2026/10/08 04:13:18.457, 0 %, 38182 MiB, 103.44 W, 103.11 W, 267.53 W, 267.50 W, 345 MHz
2026/10/08 04:13:18.658, 0 %, 38182 MiB, 103.41 W, 103.40 W, 267.51 W, 267.50 W, 345 MHz
2026/10/08 04:13:18.858, 0 %, 38182 MiB, 103.40 W, 103.29 W, 267.52 W, 267.67 W, 345 MHz
2026/10/08 04:13:19.058, 0 %, 38182 MiB, 103.31 W, 103.47 W, 267.38 W, 267.50 W, 345 MHz
2026/10/08 04:13:19.258, 0 %, 38182 MiB, 103.27 W, 104.23 W, 267.55 W, 270.52 W, 345 MHz
2026/10/08 04:13:19.458, 0 %, 38180 MiB, 103.26 W, 103.69 W, 267.87 W, 269.62 W, 345 MHz
2026/10/08 04:13:19.658, 0 %, 38180 MiB, 103.21 W, 103.20 W, 268.06 W, 268.47 W, 345 MHz
2026/10/08 04:13:19.859, 0 %, 38180 MiB, 103.16 W, 102.88 W, 268.20 W, 267.50 W, 345 MHz
2026/10/08 04:13:20.059, 0 %, 38180 MiB, 103.15 W, 103.67 W, 268.26 W, 271.29 W, 345 MHz
2026/10/08 04:13:20.259, 0 %, 38178 MiB, 103.17 W, 104.23 W, 268.24 W, 268.47 W, 345 MHz
2026/10/08 04:13:20.459, 0 %, 38178 MiB, 103.23 W, 103.83 W, 267.78 W, 267.58 W, 345 MHz
2026/10/08 04:13:20.659, 0 %, 38178 MiB, 103.28 W, 102.70 W, 267.66 W, 267.50 W, 345 MHz
2026/10/08 04:13:20.860, 0 %, 38178 MiB, 103.37 W, 102.65 W, 267.62 W, 265.63 W, 345 MHz
2026/10/08 04:13:21.060, 0 %, 38178 MiB, 103.35 W, 103.00 W, 267.60 W, 266.52 W, 345 MHz
2026/10/08 04:13:21.260, 0 %, 38177 MiB, 103.29 W, 103.86 W, 267.61 W, 269.44 W, 345 MHz
2026/10/08 04:13:21.460, 0 %, 38177 MiB, 103.25 W, 104.03 W, 267.74 W, 268.55 W, 345 MHz
2026/10/08 04:13:21.661, 0 %, 38177 MiB, 103.18 W, 102.98 W, 267.56 W, 266.43 W, 345 MHz
2026/10/08 04:13:21.861, 0 %, 38177 MiB, 103.08 W, 102.69 W, 267.42 W, 266.42 W, 345 MHz
2026/10/08 04:13:22.061, 0 %, 38177 MiB, 103.10 W, 103.29 W, 267.36 W, 267.50 W, 345 MHz
2026/10/08 04:13:22.261, 0 %, 38177 MiB, 103.12 W, 102.96 W, 267.49 W, 267.50 W, 345 MHz
2026/10/08 04:13:22.462, 0 %, 38177 MiB, 103.10 W, 103.59 W, 267.78 W, 269.62 W, 345 MHz
2026/10/08 04:13:22.662, 0 %, 38177 MiB, 103.21 W, 103.57 W, 268.31 W, 271.29 W, 345 MHz
2026/10/08 04:13:22.862, 0 %, 38177 MiB, 103.29 W, 102.45 W, 268.81 W, 268.55 W, 345 MHz
2026/10/08 04:13:23.062, 0 %, 38177 MiB, 103.32 W, 103.33 W, 269.31 W, 271.37 W, 345 MHz
2026/10/08 04:13:23.262, 0 %, 38176 MiB, 103.28 W, 102.97 W, 269.42 W, 268.37 W, 345 MHz
2026/10/08 04:13:23.463, 0 %, 38176 MiB, 103.39 W, 102.48 W, 269.52 W, 266.70 W, 345 MHz
2026/10/08 04:13:23.663, 0 %, 38175 MiB, 103.33 W, 104.36 W, 269.33 W, 269.54 W, 345 MHz
2026/10/08 04:13:23.863, 0 %, 38175 MiB, 103.30 W, 103.12 W, 269.22 W, 269.52 W, 345 MHz
2026/10/08 04:13:24.063, 0 %, 38175 MiB, 103.31 W, 102.46 W, 269.31 W, 268.47 W, 345 MHz
2026/10/08 04:13:24.263, 0 %, 38175 MiB, 103.35 W, 102.73 W, 269.52 W, 271.31 W, 345 MHz
2026/10/08 04:13:24.464, 0 %, 38175 MiB, 103.38 W, 103.24 W, 269.81 W, 268.65 W, 345 MHz
2026/10/08 04:13:24.664, 0 %, 38175 MiB, 103.39 W, 103.58 W, 269.67 W, 269.37 W, 345 MHz
2026/10/08 04:13:24.864, 0 %, 38175 MiB, 103.34 W, 103.42 W, 269.30 W, 267.58 W, 345 MHz
2026/10/08 04:13:25.064, 0 %, 38175 MiB, 103.30 W, 103.51 W, 268.94 W, 267.50 W, 345 MHz
2026/10/08 04:13:25.265, 0 %, 38175 MiB, 103.41 W, 104.37 W, 269.86 W, 278.20 W, 345 MHz
2026/10/08 04:13:25.465, 0 %, 38174 MiB, 103.56 W, 104.55 W, 271.25 W, 270.49 W, 345 MHz
2026/10/08 04:13:25.665, 0 %, 38174 MiB, 103.57 W, 103.45 W, 271.48 W, 271.39 W, 345 MHz
2026/10/08 04:13:25.865, 0 %, 38174 MiB, 103.56 W, 103.21 W, 271.54 W, 268.47 W, 345 MHz
2026/10/08 04:13:26.065, 0 %, 38174 MiB, 103.51 W, 102.63 W, 271.61 W, 268.37 W, 345 MHz
2026/10/08 04:13:26.266, 0 %, 38173 MiB, 103.40 W, 103.60 W, 270.65 W, 269.44 W, 345 MHz
2026/10/08 04:13:26.466, 0 %, 38173 MiB, 103.06 W, 103.11 W, 268.37 W, 267.50 W, 345 MHz
2026/10/08 04:13:26.718, 0 %, 38176 MiB, 103.16 W, 103.89 W, 268.51 W, 268.47 W, 345 MHz
2026/10/08 04:13:26.922, 0 %, 38217 MiB, 103.73 W, 126.53 W, 269.00 W, 291.82 W, 1980 MHz
2026/10/08 04:13:27.123, 2 %, 38733 MiB, 114.90 W, 158.48 W, 279.76 W, 321.55 W, 1980 MHz
2026/10/08 04:13:27.323, 85 %, 38732 MiB, 152.83 W, 318.82 W, 317.21 W, 483.16 W, 1980 MHz
2026/10/08 04:13:27.523, 100 %, 38732 MiB, 195.63 W, 316.88 W, 359.56 W, 479.93 W, 1980 MHz
2026/10/08 04:13:27.723, 100 %, 38732 MiB, 234.02 W, 316.74 W, 397.48 W, 478.96 W, 1980 MHz
2026/10/08 04:13:27.923, 100 %, 38732 MiB, 277.24 W, 315.57 W, 440.29 W, 479.11 W, 1980 MHz
2026/10/08 04:13:28.124, 100 %, 38732 MiB, 311.64 W, 316.43 W, 474.77 W, 480.08 W, 1980 MHz
2026/10/08 04:13:28.324, 100 %, 38732 MiB, 316.75 W, 317.71 W, 479.93 W, 482.19 W, 1980 MHz
2026/10/08 04:13:28.524, 100 %, 38732 MiB, 316.83 W, 317.83 W, 480.17 W, 481.70 W, 1980 MHz
2026/10/08 04:13:28.724, 100 %, 38732 MiB, 317.06 W, 317.50 W, 480.45 W, 479.93 W, 1980 MHz
2026/10/08 04:13:28.924, 100 %, 38732 MiB, 317.34 W, 317.57 W, 480.82 W, 482.01 W, 1980 MHz
2026/10/08 04:13:29.125, 100 %, 38732 MiB, 317.46 W, 317.71 W, 480.91 W, 481.04 W, 1980 MHz
2026/10/08 04:13:29.325, 100 %, 38731 MiB, 317.59 W, 317.67 W, 481.05 W, 481.05 W, 1980 MHz
2026/10/08 04:13:29.525, 100 %, 38731 MiB, 317.57 W, 317.85 W, 481.10 W, 482.02 W, 1980 MHz
2026/10/08 04:13:29.725, 100 %, 38730 MiB, 317.23 W, 315.10 W, 480.92 W, 477.99 W, 1980 MHz
2026/10/08 04:13:29.925, 100 %, 38730 MiB, 316.63 W, 315.47 W, 480.39 W, 478.96 W, 1980 MHz
2026/10/08 04:13:30.126, 100 %, 38730 MiB, 316.17 W, 314.46 W, 479.98 W, 477.02 W, 1980 MHz
2026/10/08 04:13:30.326, 100 %, 38730 MiB, 315.83 W, 314.77 W, 479.69 W, 478.14 W, 1980 MHz
2026/10/08 04:13:30.526, 100 %, 38730 MiB, 315.47 W, 315.96 W, 479.32 W, 480.08 W, 1980 MHz
2026/10/08 04:13:30.726, 100 %, 38730 MiB, 315.38 W, 315.78 W, 479.03 W, 479.93 W, 1980 MHz
2026/10/08 04:13:30.926, 100 %, 38730 MiB, 315.46 W, 315.35 W, 479.05 W, 478.96 W, 1980 MHz
2026/10/08 04:13:31.127, 100 %, 38730 MiB, 315.54 W, 315.58 W, 479.15 W, 479.11 W, 1980 MHz
2026/10/08 04:13:31.327, 100 %, 38730 MiB, 315.49 W, 315.73 W, 479.18 W, 478.14 W, 1980 MHz
2026/10/08 04:13:31.527, 100 %, 38730 MiB, 315.58 W, 316.47 W, 479.24 W, 479.61 W, 1980 MHz
2026/10/08 04:13:31.727, 100 %, 38730 MiB, 315.63 W, 316.28 W, 479.38 W, 481.87 W, 1980 MHz
2026/10/08 04:13:31.927, 100 %, 38730 MiB, 315.66 W, 317.06 W, 479.52 W, 481.87 W, 1980 MHz
2026/10/08 04:13:32.128, 100 %, 38729 MiB, 315.81 W, 316.99 W, 479.63 W, 480.73 W, 1980 MHz
2026/10/08 04:13:32.328, 100 %, 38729 MiB, 315.92 W, 315.44 W, 479.72 W, 478.31 W, 1980 MHz
2026/10/08 04:13:32.528, 100 %, 38729 MiB, 315.94 W, 314.72 W, 479.76 W, 478.14 W, 1980 MHz
2026/10/08 04:13:32.728, 100 %, 38729 MiB, 315.96 W, 316.42 W, 479.86 W, 480.90 W, 1980 MHz
2026/10/08 04:13:32.928, 100 %, 38729 MiB, 315.77 W, 316.02 W, 479.73 W, 479.93 W, 1980 MHz
2026/10/08 04:13:33.129, 100 %, 38729 MiB, 315.67 W, 315.49 W, 479.69 W, 479.93 W, 1980 MHz
2026/10/08 04:13:33.329, 100 %, 38729 MiB, 315.56 W, 314.84 W, 479.61 W, 478.14 W, 1980 MHz
2026/10/08 04:13:33.529, 100 %, 38729 MiB, 315.54 W, 315.81 W, 479.59 W, 478.14 W, 1980 MHz
2026/10/08 04:13:33.729, 100 %, 38729 MiB, 315.60 W, 317.28 W, 479.56 W, 480.73 W, 1980 MHz
2026/10/08 04:13:33.929, 100 %, 38729 MiB, 315.81 W, 316.80 W, 479.50 W, 479.42 W, 1980 MHz
2026/10/08 04:13:34.130, 100 %, 38729 MiB, 315.76 W, 315.32 W, 479.31 W, 477.99 W, 1980 MHz
2026/10/08 04:13:34.330, 100 %, 38729 MiB, 315.82 W, 315.88 W, 479.21 W, 477.17 W, 1980 MHz
2026/10/08 04:13:34.530, 100 %, 38729 MiB, 315.88 W, 315.36 W, 479.00 W, 477.99 W, 1980 MHz
2026/10/08 04:13:34.730, 100 %, 38728 MiB, 315.85 W, 316.67 W, 478.78 W, 479.76 W, 1980 MHz
2026/10/08 04:13:34.931, 100 %, 38728 MiB, 315.96 W, 316.90 W, 478.95 W, 481.05 W, 1980 MHz
2026/10/08 04:13:35.131, 100 %, 38728 MiB, 316.05 W, 315.80 W, 479.04 W, 478.79 W, 1980 MHz
2026/10/08 04:13:35.331, 100 %, 38728 MiB, 316.10 W, 315.42 W, 479.04 W, 478.14 W, 1980 MHz
2026/10/08 04:13:35.531, 100 %, 38728 MiB, 316.02 W, 314.53 W, 479.19 W, 477.17 W, 1980 MHz
2026/10/08 04:13:35.731, 100 %, 38728 MiB, 316.17 W, 316.82 W, 479.50 W, 480.08 W, 1980 MHz
2026/10/08 04:13:35.932, 100 %, 38728 MiB, 316.17 W, 316.90 W, 479.51 W, 480.73 W, 1980 MHz
2026/10/08 04:13:36.132, 100 %, 38728 MiB, 316.16 W, 317.11 W, 479.36 W, 479.93 W, 1980 MHz
2026/10/08 04:13:36.332, 100 %, 38728 MiB, 316.22 W, 316.52 W, 479.46 W, 480.08 W, 1980 MHz
2026/10/08 04:13:36.532, 100 %, 38728 MiB, 316.24 W, 315.24 W, 479.41 W, 477.99 W, 1980 MHz
2026/10/08 04:13:36.732, 100 %, 38728 MiB, 316.20 W, 316.66 W, 479.22 W, 479.11 W, 1980 MHz
2026/10/08 04:13:36.933, 100 %, 38728 MiB, 316.30 W, 317.40 W, 479.25 W, 480.39 W, 1980 MHz
2026/10/08 04:13:37.133, 100 %, 38728 MiB, 316.19 W, 316.44 W, 479.20 W, 479.11 W, 1980 MHz
2026/10/08 04:13:37.333, 100 %, 38728 MiB, 316.18 W, 316.14 W, 479.16 W, 480.25 W, 1980 MHz
2026/10/08 04:13:37.533, 100 %, 38728 MiB, 316.16 W, 315.54 W, 479.05 W, 477.99 W, 1980 MHz
2026/10/08 04:13:37.734, 100 %, 38728 MiB, 316.19 W, 316.89 W, 479.04 W, 478.79 W, 1980 MHz
2026/10/08 04:13:37.934, 100 %, 38727 MiB, 316.13 W, 315.92 W, 479.07 W, 479.76 W, 1980 MHz
2026/10/08 04:13:38.134, 100 %, 38727 MiB, 316.25 W, 316.64 W, 479.17 W, 480.90 W, 1980 MHz
2026/10/08 04:13:38.334, 100 %, 38727 MiB, 316.25 W, 315.31 W, 479.26 W, 477.02 W, 1980 MHz
2026/10/08 04:13:38.534, 100 %, 38727 MiB, 316.36 W, 315.45 W, 479.39 W, 478.14 W, 1980 MHz
2026/10/08 04:13:38.735, 100 %, 38727 MiB, 316.33 W, 316.75 W, 479.62 W, 481.70 W, 1980 MHz
2026/10/08 04:13:38.935, 100 %, 38727 MiB, 316.39 W, 317.00 W, 479.74 W, 480.90 W, 1980 MHz
2026/10/08 04:13:39.135, 100 %, 38727 MiB, 316.34 W, 316.84 W, 479.73 W, 480.90 W, 1980 MHz
2026/10/08 04:13:39.335, 100 %, 38727 MiB, 316.25 W, 316.24 W, 479.62 W, 479.93 W, 1980 MHz
2026/10/08 04:13:39.535, 100 %, 38727 MiB, 316.31 W, 315.87 W, 479.78 W, 479.27 W, 1980 MHz
2026/10/08 04:13:39.736, 100 %, 38727 MiB, 316.38 W, 316.75 W, 479.73 W, 479.76 W, 1980 MHz
2026/10/08 04:13:39.936, 100 %, 38727 MiB, 316.37 W, 316.17 W, 479.57 W, 479.11 W, 1980 MHz
2026/10/08 04:13:40.136, 100 %, 38727 MiB, 316.51 W, 316.94 W, 479.73 W, 480.08 W, 1980 MHz
2026/10/08 04:13:40.336, 100 %, 38727 MiB, 316.64 W, 317.23 W, 479.80 W, 481.87 W, 1980 MHz
2026/10/08 04:13:40.536, 100 %, 38727 MiB, 316.63 W, 316.39 W, 479.73 W, 479.27 W, 1980 MHz
2026/10/08 04:13:40.737, 100 %, 38727 MiB, 316.70 W, 317.46 W, 479.80 W, 480.73 W, 1980 MHz
2026/10/08 04:13:40.937, 100 %, 38726 MiB, 316.74 W, 316.68 W, 480.00 W, 479.11 W, 1980 MHz
2026/10/08 04:13:41.137, 100 %, 38726 MiB, 316.68 W, 316.83 W, 479.76 W, 480.08 W, 1980 MHz
2026/10/08 04:13:41.337, 100 %, 38726 MiB, 316.63 W, 316.32 W, 479.64 W, 478.79 W, 1980 MHz
2026/10/08 04:13:41.537, 100 %, 38726 MiB, 316.59 W, 316.68 W, 479.42 W, 479.28 W, 1980 MHz
2026/10/08 04:13:41.738, 100 %, 38726 MiB, 316.48 W, 317.58 W, 479.31 W, 481.05 W, 1980 MHz
2026/10/08 04:13:41.938, 100 %, 38726 MiB, 316.41 W, 316.74 W, 479.16 W, 479.11 W, 1980 MHz
2026/10/08 04:13:42.138, 100 %, 38726 MiB, 316.39 W, 316.33 W, 479.38 W, 479.93 W, 1980 MHz
2026/10/08 04:13:42.338, 100 %, 38726 MiB, 316.37 W, 316.40 W, 479.42 W, 479.76 W, 1980 MHz
2026/10/08 04:13:42.538, 100 %, 38726 MiB, 316.28 W, 316.30 W, 479.43 W, 479.27 W, 1980 MHz
2026/10/08 04:13:42.739, 100 %, 38726 MiB, 316.30 W, 316.34 W, 479.40 W, 477.97 W, 1980 MHz
2026/10/08 04:13:42.939, 100 %, 38726 MiB, 316.23 W, 316.43 W, 479.15 W, 478.14 W, 1980 MHz
2026/10/08 04:13:43.139, 100 %, 38726 MiB, 316.29 W, 316.14 W, 478.98 W, 478.14 W, 1980 MHz
2026/10/08 04:13:43.339, 100 %, 38726 MiB, 316.40 W, 316.62 W, 478.92 W, 478.96 W, 1980 MHz
2026/10/08 04:13:43.539, 100 %, 38726 MiB, 316.49 W, 316.67 W, 478.85 W, 480.25 W, 1980 MHz
2026/10/08 04:13:43.740, 100 %, 38726 MiB, 316.54 W, 316.48 W, 478.88 W, 478.79 W, 1980 MHz
2026/10/08 04:13:43.940, 100 %, 38726 MiB, 316.64 W, 317.67 W, 478.97 W, 480.08 W, 1980 MHz
2026/10/08 04:13:44.140, 100 %, 38725 MiB, 316.67 W, 315.46 W, 479.11 W, 477.16 W, 1980 MHz
2026/10/08 04:13:44.340, 100 %, 38725 MiB, 316.65 W, 317.64 W, 479.27 W, 479.93 W, 1980 MHz
2026/10/08 04:13:44.540, 100 %, 38725 MiB, 316.64 W, 318.19 W, 479.33 W, 481.22 W, 1980 MHz
2026/10/08 04:13:44.741, 100 %, 38725 MiB, 316.57 W, 316.05 W, 479.37 W, 478.79 W, 1980 MHz
2026/10/08 04:13:44.941, 100 %, 38725 MiB, 316.60 W, 315.67 W, 479.58 W, 478.96 W, 1980 MHz
2026/10/08 04:13:45.141, 100 %, 38725 MiB, 316.56 W, 315.61 W, 479.75 W, 478.96 W, 1980 MHz
2026/10/08 04:13:45.341, 100 %, 38725 MiB, 316.57 W, 318.05 W, 479.91 W, 481.84 W, 1980 MHz
2026/10/08 04:13:45.541, 100 %, 38725 MiB, 316.61 W, 316.55 W, 480.12 W, 480.08 W, 1980 MHz
2026/10/08 04:13:45.742, 100 %, 38725 MiB, 316.66 W, 317.03 W, 480.10 W, 479.76 W, 1980 MHz
2026/10/08 04:13:45.942, 100 %, 38725 MiB, 316.64 W, 316.44 W, 480.60 W, 483.95 W, 1980 MHz
2026/10/08 04:13:46.142, 100 %, 38725 MiB, 316.58 W, 309.55 W, 480.92 W, 478.14 W, 1980 MHz
2026/10/08 04:13:46.342, 100 %, 38725 MiB, 315.91 W, 311.86 W, 480.55 W, 478.96 W, 1980 MHz
2026/10/08 04:13:46.542, 100 %, 38725 MiB, 315.85 W, 317.74 W, 481.06 W, 483.96 W, 1980 MHz
2026/10/08 04:13:46.743, 100 %, 38725 MiB, 315.82 W, 316.98 W, 481.38 W, 481.87 W, 1980 MHz
2026/10/08 04:13:46.943, 100 %, 38725 MiB, 315.81 W, 315.13 W, 481.62 W, 479.93 W, 1980 MHz
2026/10/08 04:13:47.143, 100 %, 38725 MiB, 316.04 W, 316.38 W, 481.92 W, 480.90 W, 1980 MHz
2026/10/08 04:13:47.343, 100 %, 38725 MiB, 316.85 W, 317.05 W, 482.74 W, 483.81 W, 1980 MHz
2026/10/08 04:13:47.543, 100 %, 38725 MiB, 316.98 W, 317.91 W, 482.83 W, 483.96 W, 1980 MHz
2026/10/08 04:13:47.744, 100 %, 38725 MiB, 317.06 W, 317.17 W, 483.00 W, 482.67 W, 1980 MHz
2026/10/08 04:13:47.944, 100 %, 38725 MiB, 317.02 W, 315.98 W, 482.61 W, 481.87 W, 1980 MHz
2026/10/08 04:13:48.144, 100 %, 38725 MiB, 316.98 W, 316.93 W, 482.46 W, 481.05 W, 1980 MHz
2026/10/08 04:13:48.344, 100 %, 38724 MiB, 316.96 W, 317.29 W, 482.38 W, 480.90 W, 1980 MHz
2026/10/08 04:13:48.544, 100 %, 38724 MiB, 317.03 W, 316.12 W, 482.24 W, 479.10 W, 1980 MHz
2026/10/08 04:13:48.745, 100 %, 38724 MiB, 316.97 W, 317.37 W, 481.74 W, 480.90 W, 1980 MHz
2026/10/08 04:13:48.945, 100 %, 38724 MiB, 316.96 W, 316.25 W, 481.27 W, 478.96 W, 1980 MHz
2026/10/08 04:13:49.145, 100 %, 38724 MiB, 316.78 W, 313.90 W, 480.57 W, 476.05 W, 1980 MHz
2026/10/08 04:13:49.345, 100 %, 38724 MiB, 316.59 W, 316.72 W, 480.08 W, 479.93 W, 1980 MHz
2026/10/08 04:13:49.545, 100 %, 38724 MiB, 316.43 W, 316.66 W, 479.62 W, 480.08 W, 1980 MHz
2026/10/08 04:13:49.746, 100 %, 38724 MiB, 316.47 W, 317.91 W, 479.69 W, 481.05 W, 1980 MHz
2026/10/08 04:13:49.946, 100 %, 38724 MiB, 316.47 W, 317.74 W, 479.79 W, 481.05 W, 1980 MHz
2026/10/08 04:13:50.146, 100 %, 38724 MiB, 316.67 W, 316.47 W, 480.08 W, 479.93 W, 1980 MHz
2026/10/08 04:13:50.346, 100 %, 38724 MiB, 316.77 W, 316.58 W, 480.08 W, 478.96 W, 1980 MHz
2026/10/08 04:13:50.547, 100 %, 38724 MiB, 316.85 W, 316.04 W, 480.15 W, 478.96 W, 1980 MHz
2026/10/08 04:13:50.747, 100 %, 38724 MiB, 316.85 W, 317.54 W, 480.33 W, 481.85 W, 1980 MHz
2026/10/08 04:13:50.947, 100 %, 38724 MiB, 316.85 W, 317.20 W, 480.42 W, 482.02 W, 1980 MHz
2026/10/08 04:13:51.147, 100 %, 38724 MiB, 316.82 W, 317.62 W, 480.52 W, 481.87 W, 1980 MHz
2026/10/08 04:13:51.347, 100 %, 38724 MiB, 316.86 W, 317.11 W, 480.62 W, 480.08 W, 1980 MHz
2026/10/08 04:13:51.548, 100 %, 38724 MiB, 316.90 W, 316.23 W, 480.69 W, 478.96 W, 1980 MHz
2026/10/08 04:13:51.748, 100 %, 38724 MiB, 316.97 W, 318.01 W, 480.73 W, 481.05 W, 1980 MHz
2026/10/08 04:13:51.948, 100 %, 38724 MiB, 316.95 W, 317.58 W, 480.58 W, 481.05 W, 1980 MHz
2026/10/08 04:13:52.148, 100 %, 38724 MiB, 316.98 W, 316.83 W, 480.25 W, 478.79 W, 1980 MHz
2026/10/08 04:13:52.348, 100 %, 38724 MiB, 317.01 W, 316.18 W, 480.26 W, 479.76 W, 1980 MHz
2026/10/08 04:13:52.549, 100 %, 38724 MiB, 316.97 W, 316.61 W, 480.14 W, 479.93 W, 1980 MHz
2026/10/08 04:13:52.749, 100 %, 38724 MiB, 317.06 W, 317.47 W, 480.12 W, 480.90 W, 1980 MHz
2026/10/08 04:13:52.949, 100 %, 38724 MiB, 317.08 W, 317.45 W, 480.16 W, 482.02 W, 1980 MHz
2026/10/08 04:13:53.149, 100 %, 38723 MiB, 317.04 W, 317.20 W, 480.25 W, 480.39 W, 1980 MHz
2026/10/08 04:13:53.350, 100 %, 38723 MiB, 317.06 W, 317.09 W, 480.33 W, 480.90 W, 1980 MHz
2026/10/08 04:13:53.550, 100 %, 38723 MiB, 317.04 W, 316.15 W, 480.31 W, 479.10 W, 1980 MHz
2026/10/08 04:13:53.750, 100 %, 38723 MiB, 317.02 W, 317.26 W, 480.29 W, 480.73 W, 1980 MHz
2026/10/08 04:13:53.950, 100 %, 38723 MiB, 317.14 W, 317.76 W, 480.59 W, 482.19 W, 1980 MHz
2026/10/08 04:13:54.150, 100 %, 38723 MiB, 317.16 W, 317.20 W, 480.64 W, 481.87 W, 1980 MHz
2026/10/08 04:13:54.351, 100 %, 38723 MiB, 317.16 W, 317.16 W, 480.62 W, 479.93 W, 1980 MHz
2026/10/08 04:13:54.551, 100 %, 38723 MiB, 317.29 W, 316.52 W, 480.76 W, 478.96 W, 1980 MHz
2026/10/08 04:13:54.751, 100 %, 38723 MiB, 317.30 W, 316.86 W, 480.81 W, 479.11 W, 1980 MHz
2026/10/08 04:13:54.951, 100 %, 38723 MiB, 317.35 W, 318.12 W, 480.78 W, 480.22 W, 1980 MHz
2026/10/08 04:13:55.151, 100 %, 38723 MiB, 317.39 W, 318.56 W, 480.76 W, 482.84 W, 1980 MHz
2026/10/08 04:13:55.352, 100 %, 38723 MiB, 317.43 W, 317.16 W, 480.76 W, 479.76 W, 1980 MHz
2026/10/08 04:13:55.552, 100 %, 38723 MiB, 317.28 W, 315.63 W, 480.50 W, 477.99 W, 1980 MHz
2026/10/08 04:13:55.752, 100 %, 38723 MiB, 317.25 W, 317.24 W, 480.42 W, 478.94 W, 1980 MHz
2026/10/08 04:13:55.952, 100 %, 38723 MiB, 317.16 W, 317.36 W, 480.30 W, 480.08 W, 1980 MHz
2026/10/08 04:13:56.152, 100 %, 38723 MiB, 317.28 W, 318.75 W, 480.56 W, 483.16 W, 1980 MHz
2026/10/08 04:13:56.353, 100 %, 38723 MiB, 317.30 W, 318.10 W, 480.66 W, 481.87 W, 1980 MHz
2026/10/08 04:13:56.553, 100 %, 38723 MiB, 317.29 W, 316.04 W, 480.65 W, 478.96 W, 1980 MHz
2026/10/08 04:13:56.753, 100 %, 38723 MiB, 317.35 W, 317.12 W, 480.74 W, 480.90 W, 1980 MHz
2026/10/08 04:13:56.953, 100 %, 38723 MiB, 317.45 W, 318.05 W, 480.90 W, 481.04 W, 1980 MHz
2026/10/08 04:13:57.153, 100 %, 38723 MiB, 317.44 W, 318.50 W, 480.77 W, 481.22 W, 1980 MHz
2026/10/08 04:13:57.354, 100 %, 38723 MiB, 317.32 W, 316.72 W, 480.47 W, 480.90 W, 1980 MHz
2026/10/08 04:13:57.554, 100 %, 38723 MiB, 317.39 W, 317.36 W, 480.64 W, 480.90 W, 1980 MHz
2026/10/08 04:13:57.754, 100 %, 38723 MiB, 317.43 W, 317.81 W, 480.65 W, 482.01 W, 1980 MHz
2026/10/08 04:13:57.954, 100 %, 38723 MiB, 317.35 W, 315.79 W, 480.57 W, 478.14 W, 1980 MHz
2026/10/08 04:13:58.154, 100 %, 38723 MiB, 317.34 W, 316.58 W, 480.62 W, 480.39 W, 1980 MHz
2026/10/08 04:13:58.355, 100 %, 38723 MiB, 317.32 W, 318.00 W, 480.87 W, 483.81 W, 1980 MHz
2026/10/08 04:13:58.555, 100 %, 38722 MiB, 317.32 W, 317.70 W, 480.74 W, 480.90 W, 1980 MHz
2026/10/08 04:13:58.755, 100 %, 38722 MiB, 317.30 W, 317.32 W, 480.73 W, 479.93 W, 1980 MHz
2026/10/08 04:13:58.955, 100 %, 38722 MiB, 317.40 W, 316.26 W, 480.92 W, 479.93 W, 1980 MHz
2026/10/08 04:13:59.155, 100 %, 38722 MiB, 317.49 W, 317.76 W, 481.34 W, 481.36 W, 1980 MHz
2026/10/08 04:13:59.356, 100 %, 38722 MiB, 317.61 W, 319.25 W, 481.42 W, 483.96 W, 1980 MHz
2026/10/08 04:13:59.556, 100 %, 38722 MiB, 317.63 W, 316.67 W, 481.64 W, 479.76 W, 1980 MHz
2026/10/08 04:13:59.756, 100 %, 38722 MiB, 317.66 W, 316.89 W, 481.64 W, 480.08 W, 1980 MHz
2026/10/08 04:13:59.956, 100 %, 38722 MiB, 317.52 W, 317.80 W, 481.41 W, 481.70 W, 1980 MHz
2026/10/08 04:14:00.157, 100 %, 38722 MiB, 317.34 W, 316.08 W, 480.99 W, 479.28 W, 1980 MHz
2026/10/08 04:14:00.357, 100 %, 38722 MiB, 317.32 W, 319.08 W, 480.94 W, 483.81 W, 1980 MHz
2026/10/08 04:14:00.557, 100 %, 38722 MiB, 317.30 W, 317.76 W, 481.02 W, 482.02 W, 1980 MHz
2026/10/08 04:14:00.757, 100 %, 38722 MiB, 316.98 W, 318.02 W, 480.79 W, 481.87 W, 1980 MHz
2026/10/08 04:14:00.957, 100 %, 38722 MiB, 317.10 W, 317.70 W, 480.90 W, 481.70 W, 1980 MHz
2026/10/08 04:14:01.158, 100 %, 38722 MiB, 317.25 W, 316.76 W, 481.17 W, 480.25 W, 1980 MHz
2026/10/08 04:14:01.358, 100 %, 38722 MiB, 317.48 W, 318.31 W, 481.37 W, 481.05 W, 1980 MHz
2026/10/08 04:14:01.558, 100 %, 38722 MiB, 317.48 W, 318.18 W, 481.27 W, 482.02 W, 1980 MHz
2026/10/08 04:14:01.758, 100 %, 38722 MiB, 317.73 W, 318.18 W, 481.51 W, 481.87 W, 1980 MHz
2026/10/08 04:14:01.958, 100 %, 38722 MiB, 317.73 W, 317.31 W, 481.56 W, 482.84 W, 1980 MHz
2026/10/08 04:14:02.158, 100 %, 38722 MiB, 317.82 W, 317.12 W, 481.62 W, 481.05 W, 1980 MHz
2026/10/08 04:14:02.358, 100 %, 38722 MiB, 317.73 W, 316.53 W, 481.64 W, 479.11 W, 1980 MHz
2026/10/08 04:14:02.559, 100 %, 38722 MiB, 317.77 W, 317.75 W, 481.80 W, 482.52 W, 1980 MHz
2026/10/08 04:14:02.759, 100 %, 38722 MiB, 317.70 W, 317.32 W, 481.92 W, 481.04 W, 1980 MHz
2026/10/08 04:14:02.959, 100 %, 38722 MiB, 317.68 W, 317.25 W, 481.91 W, 480.90 W, 1980 MHz
2026/10/08 04:14:03.159, 100 %, 38722 MiB, 317.54 W, 317.64 W, 481.82 W, 482.18 W, 1980 MHz
2026/10/08 04:14:03.359, 100 %, 38722 MiB, 317.48 W, 316.86 W, 481.68 W, 479.93 W, 1980 MHz
2026/10/08 04:14:03.559, 100 %, 38722 MiB, 317.53 W, 318.16 W, 481.78 W, 482.98 W, 1980 MHz
2026/10/08 04:14:03.759, 100 %, 38722 MiB, 317.54 W, 316.99 W, 481.74 W, 482.02 W, 1980 MHz
2026/10/08 04:14:03.960, 100 %, 38722 MiB, 317.52 W, 318.19 W, 481.64 W, 481.70 W, 1980 MHz
2026/10/08 04:14:04.160, 100 %, 38721 MiB, 317.38 W, 314.35 W, 481.39 W, 479.28 W, 1980 MHz
2026/10/08 04:14:04.360, 100 %, 38721 MiB, 317.06 W, 317.11 W, 481.11 W, 480.90 W, 1980 MHz
2026/10/08 04:14:04.560, 100 %, 38721 MiB, 316.99 W, 317.83 W, 480.87 W, 480.90 W, 1980 MHz
2026/10/08 04:14:04.760, 100 %, 38721 MiB, 317.04 W, 317.74 W, 480.76 W, 482.98 W, 1980 MHz
2026/10/08 04:14:04.961, 100 %, 38721 MiB, 317.04 W, 317.12 W, 480.68 W, 480.25 W, 1980 MHz
2026/10/08 04:14:05.161, 100 %, 38721 MiB, 317.19 W, 318.35 W, 480.87 W, 482.01 W, 1980 MHz
2026/10/08 04:14:05.361, 100 %, 38721 MiB, 317.52 W, 316.89 W, 481.11 W, 479.93 W, 1980 MHz
2026/10/08 04:14:05.561, 100 %, 38721 MiB, 317.69 W, 317.44 W, 481.54 W, 482.98 W, 1980 MHz
2026/10/08 04:14:05.762, 100 %, 38721 MiB, 317.75 W, 319.13 W, 481.79 W, 484.28 W, 1980 MHz
2026/10/08 04:14:05.962, 100 %, 38721 MiB, 317.70 W, 318.20 W, 481.83 W, 481.87 W, 1980 MHz
2026/10/08 04:14:06.162, 100 %, 38721 MiB, 317.82 W, 316.76 W, 481.90 W, 479.11 W, 1980 MHz
2026/10/08 04:14:06.362, 100 %, 38721 MiB, 317.79 W, 318.14 W, 481.92 W, 481.87 W, 1980 MHz
2026/10/08 04:14:06.562, 100 %, 38721 MiB, 317.75 W, 316.98 W, 481.71 W, 481.05 W, 1980 MHz
2026/10/08 04:14:06.763, 100 %, 38721 MiB, 317.77 W, 317.13 W, 481.56 W, 481.22 W, 1980 MHz
2026/10/08 04:14:06.963, 100 %, 38721 MiB, 317.78 W, 317.70 W, 481.47 W, 480.73 W, 1980 MHz
2026/10/08 04:14:07.163, 100 %, 38721 MiB, 317.72 W, 316.82 W, 481.43 W, 479.93 W, 1980 MHz
2026/10/08 04:14:07.363, 100 %, 38721 MiB, 317.79 W, 317.49 W, 481.55 W, 479.93 W, 1980 MHz
2026/10/08 04:14:07.563, 100 %, 38721 MiB, 317.67 W, 317.56 W, 481.49 W, 481.04 W, 1980 MHz
2026/10/08 04:14:07.764, 100 %, 38721 MiB, 317.66 W, 316.47 W, 481.55 W, 479.28 W, 1980 MHz
2026/10/08 04:14:07.964, 100 %, 38721 MiB, 317.67 W, 317.42 W, 481.40 W, 478.45 W, 1980 MHz
2026/10/08 04:14:08.164, 100 %, 38720 MiB, 317.65 W, 317.39 W, 480.62 W, 478.16 W, 1980 MHz
2026/10/08 04:14:08.364, 100 %, 38720 MiB, 317.57 W, 318.45 W, 479.32 W, 476.05 W, 1980 MHz
2026/10/08 04:14:08.565, 100 %, 38720 MiB, 317.63 W, 315.87 W, 478.14 W, 472.32 W, 1980 MHz
2026/10/08 04:14:08.765, 100 %, 38720 MiB, 317.61 W, 317.79 W, 476.74 W, 475.39 W, 1980 MHz
2026/10/08 04:14:08.965, 100 %, 38720 MiB, 317.66 W, 319.74 W, 475.62 W, 477.02 W, 1980 MHz
2026/10/08 04:14:09.165, 100 %, 38720 MiB, 317.65 W, 316.99 W, 475.15 W, 474.26 W, 1980 MHz
2026/10/08 04:14:09.365, 100 %, 38720 MiB, 317.60 W, 316.67 W, 475.01 W, 474.11 W, 1980 MHz
2026/10/08 04:14:09.566, 100 %, 38720 MiB, 317.51 W, 317.16 W, 474.99 W, 475.23 W, 1980 MHz
2026/10/08 04:14:09.766, 100 %, 38720 MiB, 317.59 W, 317.98 W, 475.25 W, 473.77 W, 1980 MHz
2026/10/08 04:14:09.966, 100 %, 38720 MiB, 317.54 W, 318.04 W, 474.90 W, 470.23 W, 1980 MHz
2026/10/08 04:14:10.166, 100 %, 38720 MiB, 317.51 W, 317.81 W, 473.63 W, 468.44 W, 1980 MHz
2026/10/08 04:14:10.366, 100 %, 38720 MiB, 317.59 W, 317.42 W, 472.15 W, 468.44 W, 1980 MHz
2026/10/08 04:14:10.567, 100 %, 38720 MiB, 317.60 W, 317.92 W, 469.79 W, 464.72 W, 1980 MHz
2026/10/08 04:14:10.767, 100 %, 38720 MiB, 317.45 W, 316.87 W, 467.31 W, 459.20 W, 1980 MHz
2026/10/08 04:14:10.967, 100 %, 38720 MiB, 317.23 W, 315.86 W, 463.62 W, 450.17 W, 1980 MHz
2026/10/08 04:14:11.167, 100 %, 38720 MiB, 316.99 W, 316.99 W, 459.77 W, 450.17 W, 1980 MHz
2026/10/08 04:14:11.367, 100 %, 38720 MiB, 316.36 W, 315.76 W, 455.56 W, 448.23 W, 1980 MHz
2026/10/08 04:14:11.568, 100 %, 38720 MiB, 316.24 W, 316.26 W, 452.82 W, 444.48 W, 1980 MHz
2026/10/08 04:14:11.768, 100 %, 38720 MiB, 315.95 W, 315.92 W, 449.08 W, 445.75 W, 1980 MHz
2026/10/08 04:14:11.968, 100 %, 38720 MiB, 315.90 W, 316.16 W, 447.39 W, 445.16 W, 1980 MHz
2026/10/08 04:14:12.168, 100 %, 38720 MiB, 315.99 W, 316.20 W, 446.71 W, 447.26 W, 1980 MHz
2026/10/08 04:14:12.368, 100 %, 38719 MiB, 316.28 W, 317.00 W, 446.73 W, 446.29 W, 1980 MHz
2026/10/08 04:14:12.569, 100 %, 38719 MiB, 316.19 W, 317.02 W, 446.07 W, 444.64 W, 1980 MHz
2026/10/08 04:14:12.769, 100 %, 38719 MiB, 316.32 W, 316.64 W, 445.56 W, 442.02 W, 1980 MHz
2026/10/08 04:14:12.969, 100 %, 38719 MiB, 316.30 W, 314.22 W, 444.75 W, 437.40 W, 1980 MHz
2026/10/08 04:14:13.169, 100 %, 38719 MiB, 316.16 W, 316.25 W, 443.43 W, 441.44 W, 1980 MHz
2026/10/08 04:14:13.370, 100 %, 38719 MiB, 316.05 W, 316.00 W, 441.66 W, 437.56 W, 1980 MHz
2026/10/08 04:14:13.570, 100 %, 38719 MiB, 315.97 W, 314.77 W, 440.06 W, 435.75 W, 1980 MHz
2026/10/08 04:14:13.770, 100 %, 38719 MiB, 315.77 W, 313.80 W, 438.68 W, 433.96 W, 1980 MHz
2026/10/08 04:14:13.970, 100 %, 38719 MiB, 315.65 W, 314.58 W, 437.73 W, 435.61 W, 1980 MHz
2026/10/08 04:14:14.170, 100 %, 38719 MiB, 315.55 W, 315.23 W, 437.04 W, 435.75 W, 1980 MHz
2026/10/08 04:14:14.371, 100 %, 38719 MiB, 315.45 W, 316.33 W, 436.61 W, 438.37 W, 1980 MHz
2026/10/08 04:14:14.571, 100 %, 38719 MiB, 315.43 W, 315.49 W, 436.45 W, 435.90 W, 1980 MHz
2026/10/08 04:14:14.771, 100 %, 38719 MiB, 315.44 W, 314.90 W, 436.40 W, 434.93 W, 1980 MHz
2026/10/08 04:14:14.971, 100 %, 38719 MiB, 315.48 W, 316.63 W, 436.28 W, 436.72 W, 1980 MHz
2026/10/08 04:14:15.171, 100 %, 38719 MiB, 315.50 W, 315.80 W, 436.15 W, 435.61 W, 1980 MHz
2026/10/08 04:14:15.371, 100 %, 38719 MiB, 315.62 W, 316.61 W, 436.09 W, 437.69 W, 1980 MHz
2026/10/08 04:14:15.571, 100 %, 38719 MiB, 315.50 W, 315.40 W, 435.87 W, 435.90 W, 1980 MHz
2026/10/08 04:14:15.771, 100 %, 38719 MiB, 315.50 W, 315.83 W, 435.81 W, 435.90 W, 1980 MHz
2026/10/08 04:14:15.971, 100 %, 38719 MiB, 315.51 W, 315.72 W, 435.83 W, 435.61 W, 1980 MHz
2026/10/08 04:14:16.172, 100 %, 38719 MiB, 315.53 W, 314.94 W, 435.84 W, 434.64 W, 1980 MHz
2026/10/08 04:14:16.372, 100 %, 38719 MiB, 315.52 W, 315.73 W, 435.95 W, 436.43 W, 1980 MHz
2026/10/08 04:14:16.572, 100 %, 38719 MiB, 315.55 W, 314.72 W, 436.11 W, 434.78 W, 1980 MHz
2026/10/08 04:14:16.772, 100 %, 38719 MiB, 315.48 W, 315.32 W, 435.95 W, 434.93 W, 1980 MHz
2026/10/08 04:14:16.972, 100 %, 38719 MiB, 315.51 W, 315.52 W, 435.87 W, 435.75 W, 1980 MHz
2026/10/08 04:14:17.173, 100 %, 38718 MiB, 315.53 W, 314.98 W, 435.95 W, 434.65 W, 1980 MHz
2026/10/08 04:14:17.373, 100 %, 38718 MiB, 315.43 W, 316.09 W, 435.74 W, 436.43 W, 1980 MHz
2026/10/08 04:14:17.573, 100 %, 38718 MiB, 315.42 W, 316.23 W, 435.61 W, 436.59 W, 1980 MHz
2026/10/08 04:14:17.773, 100 %, 38718 MiB, 315.51 W, 315.18 W, 435.79 W, 435.22 W, 1980 MHz
2026/10/08 04:14:17.973, 100 %, 38718 MiB, 315.53 W, 315.83 W, 435.87 W, 435.61 W, 1980 MHz
2026/10/08 04:14:18.174, 100 %, 38718 MiB, 315.52 W, 315.80 W, 435.78 W, 435.61 W, 1980 MHz
2026/10/08 04:14:18.374, 100 %, 38718 MiB, 315.60 W, 315.30 W, 435.96 W, 436.72 W, 1980 MHz
2026/10/08 04:14:18.574, 100 %, 38718 MiB, 315.67 W, 316.60 W, 436.22 W, 438.53 W, 1980 MHz
2026/10/08 04:14:18.774, 100 %, 38718 MiB, 315.69 W, 316.19 W, 436.28 W, 437.56 W, 1980 MHz
2026/10/08 04:14:18.974, 100 %, 38718 MiB, 315.64 W, 315.59 W, 436.34 W, 436.59 W, 1980 MHz
2026/10/08 04:14:19.175, 100 %, 38718 MiB, 315.56 W, 316.26 W, 436.52 W, 437.85 W, 1980 MHz
2026/10/08 04:14:19.375, 100 %, 38718 MiB, 315.51 W, 314.93 W, 436.42 W, 435.46 W, 1980 MHz
2026/10/08 04:14:19.575, 100 %, 38718 MiB, 315.44 W, 314.26 W, 436.26 W, 433.67 W, 1980 MHz
2026/10/08 04:14:19.775, 100 %, 38718 MiB, 315.44 W, 314.74 W, 436.28 W, 435.61 W, 1980 MHz
2026/10/08 04:14:19.975, 100 %, 38718 MiB, 315.43 W, 316.92 W, 436.32 W, 438.53 W, 1980 MHz
2026/10/08 04:14:20.176, 100 %, 38718 MiB, 315.46 W, 315.30 W, 436.25 W, 436.58 W, 1980 MHz
2026/10/08 04:14:20.376, 100 %, 38718 MiB, 315.53 W, 316.00 W, 436.26 W, 436.58 W, 1980 MHz
2026/10/08 04:14:20.576, 100 %, 38718 MiB, 315.51 W, 315.42 W, 436.16 W, 435.62 W, 1980 MHz
2026/10/08 04:14:20.776, 100 %, 38718 MiB, 315.53 W, 316.24 W, 436.17 W, 437.56 W, 1980 MHz
2026/10/08 04:14:20.976, 100 %, 38718 MiB, 315.54 W, 316.24 W, 436.12 W, 437.56 W, 1980 MHz
2026/10/08 04:14:21.177, 100 %, 38718 MiB, 315.53 W, 315.57 W, 436.00 W, 435.61 W, 1980 MHz
2026/10/08 04:14:21.377, 100 %, 38718 MiB, 315.49 W, 316.02 W, 436.04 W, 436.58 W, 1980 MHz
2026/10/08 04:14:21.577, 100 %, 38718 MiB, 315.56 W, 314.51 W, 436.23 W, 434.78 W, 1980 MHz
2026/10/08 04:14:21.777, 100 %, 38718 MiB, 315.60 W, 315.86 W, 436.31 W, 437.56 W, 1980 MHz
2026/10/08 04:14:21.977, 100 %, 38718 MiB, 315.58 W, 316.38 W, 436.35 W, 437.56 W, 1980 MHz
2026/10/08 04:14:22.178, 100 %, 38718 MiB, 315.51 W, 315.75 W, 436.30 W, 436.43 W, 1980 MHz
2026/10/08 04:14:22.378, 100 %, 38718 MiB, 315.48 W, 316.04 W, 436.21 W, 436.59 W, 1980 MHz
2026/10/08 04:14:22.578, 100 %, 38718 MiB, 315.50 W, 315.19 W, 436.06 W, 435.75 W, 1980 MHz
2026/10/08 04:14:22.778, 100 %, 38718 MiB, 315.46 W, 315.29 W, 436.00 W, 436.59 W, 1980 MHz
2026/10/08 04:14:22.978, 100 %, 38718 MiB, 315.43 W, 314.97 W, 435.94 W, 434.65 W, 1980 MHz
2026/10/08 04:14:23.179, 100 %, 38718 MiB, 315.54 W, 315.80 W, 436.08 W, 436.59 W, 1980 MHz
2026/10/08 04:14:23.379, 100 %, 38718 MiB, 315.68 W, 316.89 W, 436.31 W, 443.22 W, 1980 MHz
2026/10/08 04:14:23.579, 100 %, 38718 MiB, 315.95 W, 316.93 W, 437.96 W, 444.49 W, 1980 MHz
2026/10/08 04:14:23.779, 100 %, 38718 MiB, 316.29 W, 317.33 W, 439.73 W, 444.19 W, 1980 MHz
2026/10/08 04:14:23.979, 100 %, 38717 MiB, 316.82 W, 317.94 W, 441.55 W, 446.13 W, 1980 MHz
2026/10/08 04:14:24.179, 100 %, 38717 MiB, 317.13 W, 318.04 W, 443.14 W, 444.35 W, 1980 MHz
2026/10/08 04:14:24.380, 100 %, 38717 MiB, 317.41 W, 317.36 W, 444.70 W, 442.41 W, 1980 MHz
2026/10/08 04:14:24.580, 100 %, 38717 MiB, 317.48 W, 318.33 W, 444.80 W, 443.51 W, 1980 MHz
2026/10/08 04:14:24.780, 100 %, 38717 MiB, 317.54 W, 317.57 W, 444.83 W, 443.22 W, 1980 MHz
2026/10/08 04:14:24.980, 100 %, 38717 MiB, 317.47 W, 316.71 W, 444.79 W, 442.25 W, 1980 MHz
2026/10/08 04:14:25.180, 100 %, 38717 MiB, 317.38 W, 317.66 W, 444.45 W, 446.14 W, 1980 MHz
2026/10/08 04:14:25.381, 100 %, 38717 MiB, 317.26 W, 317.13 W, 444.43 W, 445.99 W, 1980 MHz
2026/10/08 04:14:25.581, 100 %, 38717 MiB, 317.29 W, 317.87 W, 444.92 W, 447.26 W, 1980 MHz
2026/10/08 04:14:25.781, 100 %, 38717 MiB, 317.34 W, 316.98 W, 445.39 W, 446.29 W, 1980 MHz
2026/10/08 04:14:25.981, 100 %, 38717 MiB, 317.45 W, 316.33 W, 445.92 W, 444.35 W, 1980 MHz
2026/10/08 04:14:26.181, 100 %, 38717 MiB, 317.30 W, 318.40 W, 445.98 W, 446.29 W, 1980 MHz
2026/10/08 04:14:26.382, 100 %, 38717 MiB, 317.31 W, 317.57 W, 445.65 W, 449.87 W, 1980 MHz
2026/10/08 04:14:26.582, 100 %, 38717 MiB, 317.32 W, 318.29 W, 445.55 W, 448.23 W, 1980 MHz
2026/10/08 04:14:26.782, 100 %, 38717 MiB, 317.29 W, 316.80 W, 445.40 W, 447.26 W, 1980 MHz
2026/10/08 04:14:26.982, 100 %, 38717 MiB, 317.28 W, 316.93 W, 445.23 W, 443.38 W, 1980 MHz
2026/10/08 04:14:27.182, 84 %, 38159 MiB, 308.51 W, 161.55 W, 436.56 W, 292.60 W, 1980 MHz
2026/10/08 04:14:27.385, 0 %, 38159 MiB, 277.26 W, 160.54 W, 405.64 W, 287.74 W, 1980 MHz
2026/10/08 04:14:27.585, 0 %, 38159 MiB, 245.67 W, 159.12 W, 373.55 W, 283.85 W, 1980 MHz
2026/10/08 04:14:27.786, 0 %, 38159 MiB, 216.06 W, 159.10 W, 343.49 W, 285.98 W, 1980 MHz
2026/10/08 04:14:27.986, 0 %, 38159 MiB, 182.37 W, 159.09 W, 309.34 W, 284.82 W, 1980 MHz
2026/10/08 04:14:28.186, 0 %, 38159 MiB, 159.77 W, 159.21 W, 286.50 W, 284.91 W, 1980 MHz
2026/10/08 04:14:28.386, 0 %, 38159 MiB, 159.36 W, 159.43 W, 285.70 W, 286.87 W, 1980 MHz
2026/10/08 04:14:28.586, 0 %, 38159 MiB, 159.13 W, 157.76 W, 285.36 W, 282.96 W, 1980 MHz
2026/10/08 04:14:28.787, 0 %, 38159 MiB, 159.22 W, 159.34 W, 286.20 W, 289.09 W, 1980 MHz
2026/10/08 04:14:28.987, 0 %, 38159 MiB, 159.22 W, 158.14 W, 286.89 W, 284.82 W, 1980 MHz
2026/10/08 04:14:29.187, 0 %, 38159 MiB, 151.46 W, 103.36 W, 280.16 W, 233.54 W, 405 MHz
2026/10/08 04:14:29.387, 0 %, 38159 MiB, 140.27 W, 104.18 W, 269.90 W, 234.43 W, 375 MHz
2026/10/08 04:14:29.587, 0 %, 38159 MiB, 129.35 W, 104.13 W, 259.80 W, 234.58 W, 345 MHz
2026/10/08 04:14:29.788, 0 %, 38159 MiB, 118.20 W, 103.90 W, 248.64 W, 233.76 W, 345 MHz
2026/10/08 04:14:29.988, 0 %, 38159 MiB, 107.19 W, 104.03 W, 237.68 W, 236.44 W, 345 MHz
2026/10/08 04:14:30.188, 0 %, 38159 MiB, 103.88 W, 104.37 W, 234.42 W, 237.41 W, 345 MHz
2026/10/08 04:14:30.388, 0 %, 38159 MiB, 104.11 W, 104.35 W, 234.52 W, 236.46 W, 345 MHz
2026/10/08 04:14:30.589, 0 %, 38159 MiB, 104.14 W, 104.82 W, 234.57 W, 235.47 W, 345 MHz
2026/10/08 04:14:30.789, 0 %, 38159 MiB, 104.20 W, 104.38 W, 234.71 W, 235.64 W, 345 MHz
2026/10/08 04:14:30.989, 0 %, 38159 MiB, 104.18 W, 103.18 W, 234.71 W, 230.53 W, 345 MHz
2026/10/08 04:14:31.189, 0 %, 38159 MiB, 104.21 W, 103.78 W, 234.41 W, 232.55 W, 345 MHz
2026/10/08 04:14:31.389, 0 %, 38159 MiB, 104.20 W, 104.04 W, 234.27 W, 232.55 W, 345 MHz
2026/10/08 04:14:31.590, 0 %, 38159 MiB, 104.19 W, 104.61 W, 234.29 W, 235.55 W, 345 MHz
2026/10/08 04:14:31.790, 0 %, 38159 MiB, 104.12 W, 103.79 W, 234.01 W, 233.67 W, 345 MHz
2026/10/08 04:14:31.990, 0 %, 38159 MiB, 104.08 W, 104.22 W, 234.01 W, 234.51 W, 345 MHz
2026/10/08 04:14:32.190, 0 %, 38158 MiB, 104.09 W, 103.28 W, 234.11 W, 233.52 W, 345 MHz
2026/10/08 04:14:32.391, 0 %, 38158 MiB, 104.06 W, 104.54 W, 233.98 W, 234.50 W, 345 MHz
2026/10/08 04:14:32.591, 0 %, 38158 MiB, 103.95 W, 104.47 W, 233.52 W, 234.58 W, 345 MHz
2026/10/08 04:14:32.791, 0 %, 38158 MiB, 103.90 W, 103.21 W, 233.33 W, 231.73 W, 345 MHz
2026/10/08 04:14:32.991, 0 %, 38158 MiB, 103.79 W, 102.93 W, 232.79 W, 230.68 W, 345 MHz
2026/10/08 04:14:33.191, 0 %, 38158 MiB, 103.70 W, 102.66 W, 232.83 W, 230.68 W, 345 MHz
2026/10/08 04:14:33.392, 0 %, 38158 MiB, 103.69 W, 103.87 W, 233.12 W, 232.63 W, 345 MHz
2026/10/08 04:14:33.592, 0 %, 38158 MiB, 103.75 W, 104.42 W, 233.58 W, 235.40 W, 345 MHz
2026/10/08 04:14:33.792, 0 %, 38158 MiB, 103.72 W, 103.57 W, 233.87 W, 233.60 W, 345 MHz
2026/10/08 04:14:33.992, 0 %, 38158 MiB, 103.79 W, 103.54 W, 234.43 W, 233.45 W, 345 MHz
2026/10/08 04:14:34.192, 0 %, 38158 MiB, 103.76 W, 103.78 W, 234.65 W, 235.55 W, 345 MHz
2026/10/08 04:14:34.392, 0 %, 38158 MiB, 103.71 W, 103.53 W, 234.53 W, 234.43 W, 345 MHz
2026/10/08 04:14:34.592, 0 %, 38158 MiB, 103.66 W, 103.97 W, 234.62 W, 237.50 W, 345 MHz
2026/10/08 04:14:34.792, 0 %, 38158 MiB, 103.64 W, 103.76 W, 234.69 W, 234.58 W, 345 MHz
2026/10/08 04:14:34.992, 0 %, 38158 MiB, 103.56 W, 102.94 W, 234.56 W, 235.31 W, 345 MHz
2026/10/08 04:14:35.192, 0 %, 38158 MiB, 103.63 W, 104.30 W, 234.70 W, 237.43 W, 345 MHz
2026/10/08 04:14:35.393, 0 %, 38158 MiB, 103.74 W, 103.77 W, 235.13 W, 238.39 W, 345 MHz
2026/10/08 04:14:35.593, 0 %, 38158 MiB, 103.86 W, 104.58 W, 235.66 W, 237.35 W, 345 MHz
2026/10/08 04:14:35.793, 0 %, 38158 MiB, 103.86 W, 103.26 W, 235.61 W, 233.76 W, 345 MHz
2026/10/08 04:14:35.993, 0 %, 38158 MiB, 103.88 W, 103.49 W, 235.71 W, 235.47 W, 345 MHz
2026/10/08 04:14:36.193, 0 %, 38158 MiB, 103.85 W, 103.38 W, 235.51 W, 233.61 W, 345 MHz
2026/10/08 04:14:36.393, 0 %, 38158 MiB, 103.82 W, 103.37 W, 234.99 W, 231.51 W, 345 MHz
2026/10/08 04:14:36.593, 0 %, 38158 MiB, 103.72 W, 102.86 W, 234.27 W, 228.59 W, 345 MHz
2026/10/08 04:14:36.793, 0 %, 38158 MiB, 103.69 W, 103.82 W, 233.99 W, 231.66 W, 345 MHz
2026/10/08 04:14:36.994, 0 %, 38158 MiB, 103.62 W, 103.35 W, 233.66 W, 231.51 W, 345 MHz
2026/10/08 04:14:37.194, 0 %, 38158 MiB, 103.62 W, 103.41 W, 233.43 W, 234.65 W, 345 MHz
2026/10/08 04:14:37.394, 0 %, 38158 MiB, 103.58 W, 102.96 W, 233.35 W, 233.52 W, 345 MHz
2026/10/08 04:14:37.594, 0 %, 38158 MiB, 103.62 W, 104.92 W, 233.61 W, 236.53 W, 345 MHz
2026/10/08 04:14:37.794, 0 %, 38158 MiB, 103.69 W, 104.43 W, 233.87 W, 235.55 W, 345 MHz
2026/10/08 04:14:37.994, 0 %, 38158 MiB, 103.70 W, 102.82 W, 234.03 W, 231.35 W, 345 MHz
2026/10/08 04:14:38.195, 0 %, 38157 MiB, 103.66 W, 103.62 W, 233.89 W, 234.58 W, 345 MHz
2026/10/08 04:14:38.395, 0 %, 38157 MiB, 103.65 W, 103.56 W, 234.06 W, 235.47 W, 345 MHz
2026/10/08 04:14:38.595, 0 %, 38157 MiB, 103.66 W, 104.08 W, 233.83 W, 235.49 W, 345 MHz
2026/10/08 04:14:38.795, 0 %, 38157 MiB, 103.59 W, 104.67 W, 233.76 W, 236.44 W, 345 MHz
2026/10/08 04:14:38.995, 0 %, 38157 MiB, 103.53 W, 103.65 W, 233.58 W, 233.54 W, 345 MHz
2026/10/08 04:14:39.196, 0 %, 38157 MiB, 103.58 W, 103.58 W, 233.92 W, 235.55 W, 345 MHz
2026/10/08 04:14:39.396, 0 %, 38157 MiB, 103.55 W, 103.18 W, 233.75 W, 231.57 W, 345 MHz
2026/10/08 04:14:39.596, 0 %, 38157 MiB, 103.49 W, 103.52 W, 233.70 W, 231.51 W, 345 MHz
2026/10/08 04:14:39.796, 0 %, 38157 MiB, 103.56 W, 104.52 W, 233.74 W, 237.50 W, 345 MHz
2026/10/08 04:14:39.997, 0 %, 38157 MiB, 103.51 W, 104.29 W, 233.71 W, 234.51 W, 345 MHz
2026/10/08 04:14:40.197, 0 %, 38157 MiB, 103.42 W, 102.92 W, 233.28 W, 234.65 W, 345 MHz
2026/10/08 04:14:40.397, 0 %, 38157 MiB, 103.31 W, 102.68 W, 232.98 W, 233.61 W, 345 MHz
2026/10/08 04:14:40.597, 0 %, 38157 MiB, 103.27 W, 103.31 W, 232.92 W, 233.52 W, 345 MHz
2026/10/08 04:14:40.797, 0 %, 38157 MiB, 103.25 W, 104.35 W, 232.86 W, 235.62 W, 345 MHz
2026/10/08 04:14:40.998, 0 %, 38157 MiB, 103.29 W, 104.29 W, 232.82 W, 235.40 W, 345 MHz
2026/10/08 04:14:41.198, 0 %, 38157 MiB, 103.28 W, 102.86 W, 232.96 W, 229.80 W, 345 MHz
2026/10/08 04:14:41.398, 0 %, 38157 MiB, 103.32 W, 102.95 W, 233.16 W, 231.59 W, 345 MHz
2026/10/08 04:14:41.598, 0 %, 38157 MiB, 103.44 W, 103.28 W, 233.40 W, 233.45 W, 345 MHz
2026/10/08 04:14:41.798, 0 %, 38157 MiB, 103.43 W, 104.20 W, 233.33 W, 236.53 W, 345 MHz
2026/10/08 04:14:41.999, 0 %, 38157 MiB, 103.40 W, 104.94 W, 233.43 W, 237.41 W, 345 MHz
