2026/10/08 04:51:33.958, 0 %, 38881 MiB, 151.90 W, 152.22 W, 227.61 W, 227.83 W, 1980 MHz
2026/10/08 04:51:34.166, 0 %, 38881 MiB, 152.03 W, 152.49 W, 227.69 W, 229.71 W, 1980 MHz
2026/10/08 04:51:34.366, 0 %, 38878 MiB, 151.96 W, 151.48 W, 227.65 W, 226.79 W, 1980 MHz
2026/10/08 04:51:34.566, 0 %, 38878 MiB, 151.89 W, 151.42 W, 227.62 W, 226.94 W, 1980 MHz
2026/10/08 04:51:34.766, 0 %, 38878 MiB, 151.84 W, 151.05 W, 227.60 W, 226.79 W, 1980 MHz
2026/10/08 04:51:34.966, 0 %, 38878 MiB, 147.57 W, 97.72 W, 223.41 W, 176.40 W, 405 MHz
2026/10/08 04:51:35.166, 0 %, 38877 MiB, 136.52 W, 96.47 W, 212.64 W, 172.39 W, 375 MHz
2026/10/08 04:51:35.367, 0 %, 38875 MiB, 125.54 W, 96.41 W, 201.83 W, 172.39 W, 345 MHz
2026/10/08 04:51:35.567, 0 %, 38875 MiB, 114.65 W, 97.61 W, 190.98 W, 173.43 W, 345 MHz
2026/10/08 04:51:35.767, 0 %, 38875 MiB, 103.67 W, 97.57 W, 179.93 W, 174.34 W, 345 MHz
2026/10/08 04:51:35.967, 0 %, 38875 MiB, 97.07 W, 97.38 W, 173.31 W, 172.51 W, 345 MHz
2026/10/08 04:51:36.167, 0 %, 38874 MiB, 97.27 W, 97.26 W, 173.27 W, 172.55 W, 345 MHz
2026/10/08 04:51:36.367, 0 %, 38872 MiB, 97.36 W, 97.44 W, 173.29 W, 173.43 W, 345 MHz
2026/10/08 04:51:36.568, 0 %, 38872 MiB, 97.34 W, 97.79 W, 173.20 W, 174.41 W, 345 MHz
2026/10/08 04:51:36.768, 0 %, 38872 MiB, 97.39 W, 97.16 W, 173.30 W, 173.43 W, 345 MHz
2026/10/08 04:51:36.968, 0 %, 38872 MiB, 97.37 W, 96.90 W, 173.29 W, 172.39 W, 345 MHz
2026/10/08 04:51:37.168, 0 %, 38872 MiB, 97.41 W, 97.59 W, 173.29 W, 173.48 W, 345 MHz
2026/10/08 04:51:37.368, 0 %, 38872 MiB, 97.31 W, 97.40 W, 173.07 W, 174.34 W, 345 MHz
2026/10/08 04:51:37.568, 0 %, 38869 MiB, 97.31 W, 97.27 W, 173.10 W, 173.50 W, 345 MHz
2026/10/08 04:51:37.769, 0 %, 38869 MiB, 97.33 W, 97.65 W, 173.24 W, 174.39 W, 345 MHz
2026/10/08 04:51:37.969, 0 %, 38869 MiB, 97.38 W, 97.06 W, 173.19 W, 172.44 W, 345 MHz
2026/10/08 04:51:38.169, 0 %, 38869 MiB, 97.25 W, 97.56 W, 173.00 W, 173.37 W, 345 MHz
2026/10/08 04:51:38.369, 0 %, 38869 MiB, 97.27 W, 97.75 W, 172.99 W, 172.39 W, 345 MHz
2026/10/08 04:51:38.569, 0 %, 38869 MiB, 97.42 W, 97.55 W, 172.98 W, 172.33 W, 345 MHz
2026/10/08 04:51:38.769, 0 %, 38869 MiB, 97.50 W, 96.39 W, 172.92 W, 171.55 W, 345 MHz
2026/10/08 04:51:38.969, 0 %, 38869 MiB, 97.45 W, 98.02 W, 172.85 W, 174.34 W, 345 MHz
2026/10/08 04:51:39.170, 0 %, 38869 MiB, 97.48 W, 98.94 W, 172.93 W, 174.52 W, 345 MHz
2026/10/08 04:51:39.370, 0 %, 38867 MiB, 97.58 W, 97.80 W, 173.11 W, 172.39 W, 345 MHz
2026/10/08 04:51:39.570, 0 %, 38866 MiB, 97.58 W, 96.90 W, 173.34 W, 173.37 W, 345 MHz
2026/10/08 04:51:39.770, 0 %, 38866 MiB, 97.56 W, 98.34 W, 173.47 W, 175.43 W, 345 MHz
2026/10/08 04:51:39.970, 0 %, 38866 MiB, 97.65 W, 97.19 W, 173.75 W, 173.32 W, 345 MHz
2026/10/08 04:51:40.170, 0 %, 38866 MiB, 97.74 W, 97.96 W, 174.14 W, 175.38 W, 345 MHz
2026/10/08 04:51:40.371, 0 %, 38866 MiB, 97.76 W, 96.78 W, 174.20 W, 172.44 W, 345 MHz
2026/10/08 04:51:40.571, 0 %, 38864 MiB, 97.62 W, 98.04 W, 173.94 W, 174.34 W, 345 MHz
2026/10/08 04:51:40.771, 0 %, 38864 MiB, 97.54 W, 97.72 W, 173.62 W, 173.48 W, 345 MHz
2026/10/08 04:51:40.971, 0 %, 38864 MiB, 97.50 W, 97.58 W, 173.49 W, 173.37 W, 345 MHz
2026/10/08 04:51:41.171, 0 %, 38864 MiB, 97.45 W, 97.00 W, 173.24 W, 173.43 W, 345 MHz
2026/10/08 04:51:41.371, 0 %, 38864 MiB, 97.31 W, 97.57 W, 173.02 W, 174.39 W, 345 MHz
2026/10/08 04:51:41.571, 0 %, 38864 MiB, 97.31 W, 97.24 W, 173.08 W, 173.37 W, 345 MHz
2026/10/08 04:51:41.771, 0 %, 38864 MiB, 97.30 W, 97.50 W, 173.13 W, 173.55 W, 345 MHz
2026/10/08 04:51:41.971, 0 %, 38864 MiB, 97.32 W, 97.35 W, 172.98 W, 172.39 W, 345 MHz
2026/10/08 04:51:42.172, 0 %, 38862 MiB, 97.30 W, 97.44 W, 172.85 W, 172.39 W, 345 MHz
2026/10/08 04:51:42.372, 0 %, 38862 MiB, 97.33 W, 97.88 W, 172.81 W, 173.66 W, 345 MHz
2026/10/08 04:51:42.572, 0 %, 38862 MiB, 97.34 W, 97.02 W, 172.78 W, 172.39 W, 345 MHz
2026/10/08 04:51:42.772, 0 %, 38862 MiB, 97.40 W, 97.97 W, 172.88 W, 174.46 W, 345 MHz
2026/10/08 04:51:42.972, 0 %, 38862 MiB, 97.35 W, 98.07 W, 172.96 W, 174.52 W, 345 MHz
2026/10/08 04:51:43.172, 0 %, 38862 MiB, 97.30 W, 97.54 W, 172.99 W, 174.34 W, 345 MHz
2026/10/08 04:51:43.372, 0 %, 38861 MiB, 97.28 W, 96.68 W, 173.02 W, 172.44 W, 345 MHz
2026/10/08 04:51:43.572, 0 %, 38860 MiB, 97.24 W, 96.79 W, 172.98 W, 172.49 W, 345 MHz
2026/10/08 04:51:43.772, 0 %, 38860 MiB, 97.18 W, 96.85 W, 172.97 W, 172.39 W, 345 MHz
2026/10/08 04:51:43.972, 0 %, 38860 MiB, 97.08 W, 97.80 W, 172.79 W, 174.46 W, 345 MHz
2026/10/08 04:51:44.172, 0 %, 38860 MiB, 97.06 W, 96.88 W, 172.78 W, 172.35 W, 345 MHz
2026/10/08 04:51:44.372, 0 %, 38860 MiB, 97.04 W, 97.00 W, 172.76 W, 172.55 W, 345 MHz
2026/10/08 04:51:44.573, 0 %, 38860 MiB, 97.20 W, 97.87 W, 172.93 W, 173.42 W, 345 MHz
2026/10/08 04:51:44.773, 0 %, 38860 MiB, 97.24 W, 98.57 W, 172.91 W, 175.40 W, 345 MHz
2026/10/08 04:51:44.973, 0 %, 38860 MiB, 97.29 W, 97.84 W, 172.95 W, 173.43 W, 345 MHz
2026/10/08 04:51:45.173, 0 %, 38859 MiB, 97.36 W, 96.58 W, 173.03 W, 171.46 W, 345 MHz
2026/10/08 04:51:45.373, 0 %, 38859 MiB, 97.41 W, 97.09 W, 173.11 W, 172.51 W, 345 MHz
2026/10/08 04:51:45.573, 0 %, 38859 MiB, 97.25 W, 98.18 W, 172.90 W, 174.46 W, 345 MHz
2026/10/08 04:51:45.773, 0 %, 38858 MiB, 97.21 W, 96.94 W, 172.80 W, 172.41 W, 345 MHz
2026/10/08 04:51:45.973, 0 %, 38858 MiB, 97.22 W, 96.05 W, 172.85 W, 171.42 W, 345 MHz
2026/10/08 04:51:46.173, 0 %, 38858 MiB, 97.24 W, 97.58 W, 172.78 W, 172.44 W, 345 MHz
2026/10/08 04:51:46.373, 0 %, 38858 MiB, 97.22 W, 97.82 W, 172.69 W, 173.37 W, 345 MHz
2026/10/08 04:51:46.573, 0 %, 38858 MiB, 97.27 W, 97.37 W, 172.78 W, 173.43 W, 345 MHz
2026/10/08 04:51:46.773, 0 %, 38857 MiB, 97.25 W, 97.11 W, 172.81 W, 171.42 W, 345 MHz
2026/10/08 04:51:46.973, 0 %, 38857 MiB, 97.26 W, 96.52 W, 172.84 W, 171.46 W, 345 MHz
2026/10/08 04:51:47.174, 0 %, 38857 MiB, 97.12 W, 97.73 W, 172.81 W, 174.39 W, 345 MHz
2026/10/08 04:51:47.374, 0 %, 38857 MiB, 97.13 W, 97.02 W, 172.81 W, 172.39 W, 345 MHz
2026/10/08 04:51:47.574, 0 %, 38857 MiB, 97.14 W, 96.50 W, 172.79 W, 171.42 W, 345 MHz
2026/10/08 04:51:47.774, 0 %, 38856 MiB, 97.47 W, 98.40 W, 174.82 W, 184.08 W, 345 MHz
2026/10/08 04:51:47.974, 0 %, 38856 MiB, 97.67 W, 98.49 W, 176.30 W, 174.34 W, 345 MHz
2026/10/08 04:51:48.174, 0 %, 38856 MiB, 97.68 W, 96.55 W, 176.25 W, 172.46 W, 345 MHz
2026/10/08 04:51:48.374, 0 %, 38856 MiB, 97.65 W, 96.98 W, 176.14 W, 172.39 W, 345 MHz
2026/10/08 04:51:48.574, 0 %, 38856 MiB, 97.66 W, 97.03 W, 176.21 W, 172.39 W, 345 MHz
2026/10/08 04:51:48.774, 0 %, 38855 MiB, 97.36 W, 97.02 W, 174.25 W, 172.44 W, 345 MHz
2026/10/08 04:51:48.974, 0 %, 38855 MiB, 97.07 W, 97.17 W, 172.65 W, 173.30 W, 345 MHz
2026/10/08 04:51:49.174, 0 %, 38855 MiB, 97.12 W, 96.99 W, 172.82 W, 172.51 W, 345 MHz
2026/10/08 04:51:49.374, 0 %, 38854 MiB, 97.13 W, 97.37 W, 172.87 W, 173.42 W, 345 MHz
2026/10/08 04:51:49.575, 0 %, 38854 MiB, 97.14 W, 97.11 W, 173.00 W, 173.37 W, 345 MHz
2026/10/08 04:51:49.775, 0 %, 38854 MiB, 97.04 W, 96.66 W, 172.85 W, 172.51 W, 345 MHz
2026/10/08 04:51:49.975, 0 %, 38854 MiB, 97.00 W, 96.68 W, 172.78 W, 171.47 W, 345 MHz
2026/10/08 04:51:50.175, 0 %, 38853 MiB, 97.00 W, 96.32 W, 172.78 W, 171.53 W, 345 MHz
2026/10/08 04:51:50.375, 0 %, 38853 MiB, 96.94 W, 96.60 W, 172.74 W, 172.51 W, 345 MHz
2026/10/08 04:51:50.575, 0 %, 38853 MiB, 96.83 W, 96.51 W, 172.47 W, 170.40 W, 345 MHz
2026/10/08 04:51:50.775, 0 %, 38853 MiB, 96.86 W, 96.61 W, 172.53 W, 172.39 W, 345 MHz
2026/10/08 04:51:50.975, 0 %, 38853 MiB, 96.89 W, 96.22 W, 172.58 W, 171.42 W, 345 MHz
2026/10/08 04:51:51.175, 0 %, 38852 MiB, 96.83 W, 97.21 W, 172.52 W, 173.42 W, 345 MHz
2026/10/08 04:51:51.375, 0 %, 38852 MiB, 96.78 W, 97.52 W, 172.43 W, 173.37 W, 345 MHz
2026/10/08 04:51:51.576, 0 %, 38852 MiB, 96.75 W, 96.19 W, 172.44 W, 171.42 W, 345 MHz
2026/10/08 04:51:51.776, 0 %, 38852 MiB, 96.77 W, 96.58 W, 172.51 W, 172.51 W, 345 MHz
2026/10/08 04:51:51.976, 0 %, 38852 MiB, 96.74 W, 96.83 W, 172.56 W, 172.57 W, 345 MHz
2026/10/08 04:51:52.176, 0 %, 38852 MiB, 96.72 W, 97.65 W, 172.53 W, 174.39 W, 345 MHz
2026/10/08 04:51:52.376, 0 %, 38852 MiB, 96.77 W, 97.43 W, 172.56 W, 173.39 W, 345 MHz
2026/10/08 04:51:52.576, 0 %, 38852 MiB, 96.83 W, 96.36 W, 172.58 W, 170.45 W, 345 MHz
2026/10/08 04:51:52.776, 0 %, 38852 MiB, 96.90 W, 97.76 W, 172.62 W, 174.34 W, 345 MHz
2026/10/08 04:51:52.976, 0 %, 38852 MiB, 96.94 W, 97.93 W, 172.63 W, 174.39 W, 345 MHz
2026/10/08 04:51:53.176, 0 %, 38851 MiB, 96.99 W, 96.77 W, 172.62 W, 172.39 W, 345 MHz
2026/10/08 04:51:53.376, 0 %, 38851 MiB, 97.02 W, 96.93 W, 172.66 W, 172.49 W, 345 MHz
2026/10/08 04:51:53.576, 0 %, 38851 MiB, 97.10 W, 97.14 W, 172.73 W, 172.39 W, 345 MHz
2026/10/08 04:51:53.776, 0 %, 38851 MiB, 97.07 W, 98.55 W, 172.68 W, 175.43 W, 345 MHz
2026/10/08 04:51:53.976, 0 %, 38851 MiB, 97.04 W, 96.39 W, 172.56 W, 171.53 W, 345 MHz
2026/10/08 04:51:54.177, 0 %, 38851 MiB, 97.00 W, 96.72 W, 172.55 W, 171.49 W, 345 MHz
2026/10/08 04:51:54.377, 0 %, 38851 MiB, 97.04 W, 97.07 W, 172.66 W, 172.51 W, 345 MHz
2026/10/08 04:51:54.577, 0 %, 38851 MiB, 96.93 W, 96.68 W, 172.59 W, 172.35 W, 345 MHz
2026/10/08 04:51:54.777, 0 %, 38851 MiB, 96.88 W, 97.53 W, 172.54 W, 173.43 W, 345 MHz
2026/10/08 04:51:54.977, 0 %, 38851 MiB, 96.88 W, 96.67 W, 172.60 W, 172.51 W, 345 MHz
2026/10/08 04:51:55.177, 0 %, 38850 MiB, 96.84 W, 96.25 W, 172.55 W, 171.42 W, 345 MHz
2026/10/08 04:51:55.377, 0 %, 38850 MiB, 96.78 W, 97.99 W, 172.50 W, 174.46 W, 345 MHz
2026/10/08 04:51:55.577, 0 %, 38850 MiB, 96.72 W, 96.36 W, 172.49 W, 172.51 W, 345 MHz
2026/10/08 04:51:55.777, 0 %, 38850 MiB, 96.74 W, 95.93 W, 172.63 W, 171.42 W, 345 MHz
2026/10/08 04:51:55.977, 0 %, 38850 MiB, 96.80 W, 96.57 W, 172.72 W, 172.55 W, 345 MHz
2026/10/08 04:51:56.177, 0 %, 38850 MiB, 96.79 W, 97.73 W, 172.71 W, 174.39 W, 345 MHz
2026/10/08 04:51:56.377, 0 %, 38850 MiB, 96.76 W, 96.93 W, 172.66 W, 173.37 W, 345 MHz
2026/10/08 04:51:56.578, 0 %, 38850 MiB, 96.81 W, 96.53 W, 172.74 W, 172.57 W, 345 MHz
2026/10/08 04:51:56.778, 0 %, 38850 MiB, 96.75 W, 96.51 W, 172.72 W, 172.39 W, 345 MHz
2026/10/08 04:51:56.978, 0 %, 38850 MiB, 96.73 W, 96.84 W, 172.74 W, 173.37 W, 345 MHz
2026/10/08 04:51:57.178, 0 %, 38850 MiB, 96.68 W, 96.77 W, 172.71 W, 172.51 W, 345 MHz
2026/10/08 04:51:57.378, 0 %, 38849 MiB, 96.66 W, 97.36 W, 172.67 W, 173.41 W, 345 MHz
2026/10/08 04:51:57.578, 0 %, 38849 MiB, 96.66 W, 96.07 W, 172.66 W, 171.64 W, 345 MHz
2026/10/08 04:51:57.778, 0 %, 38849 MiB, 96.75 W, 97.30 W, 172.68 W, 173.37 W, 345 MHz
2026/10/08 04:51:57.978, 0 %, 38849 MiB, 96.62 W, 96.82 W, 172.46 W, 173.42 W, 345 MHz
2026/10/08 04:51:58.178, 0 %, 38849 MiB, 96.69 W, 96.40 W, 172.56 W, 172.46 W, 345 MHz
2026/10/08 04:51:58.378, 0 %, 38849 MiB, 96.73 W, 96.36 W, 172.65 W, 172.44 W, 345 MHz
2026/10/08 04:51:58.578, 0 %, 38849 MiB, 96.66 W, 97.02 W, 172.57 W, 173.43 W, 345 MHz
2026/10/08 04:51:58.778, 0 %, 38849 MiB, 96.61 W, 97.49 W, 172.54 W, 174.34 W, 345 MHz
2026/10/08 04:51:58.978, 0 %, 38849 MiB, 96.71 W, 97.16 W, 172.63 W, 172.39 W, 345 MHz
2026/10/08 04:51:59.179, 0 %, 38848 MiB, 96.73 W, 96.79 W, 172.71 W, 172.51 W, 345 MHz
2026/10/08 04:51:59.379, 0 %, 38848 MiB, 96.71 W, 96.93 W, 172.60 W, 172.39 W, 345 MHz
2026/10/08 04:51:59.579, 0 %, 38848 MiB, 96.83 W, 96.92 W, 172.60 W, 172.46 W, 345 MHz
2026/10/08 04:51:59.779, 0 %, 38848 MiB, 96.87 W, 96.54 W, 172.57 W, 171.42 W, 345 MHz
2026/10/08 04:51:59.979, 0 %, 38848 MiB, 96.88 W, 96.45 W, 172.52 W, 171.42 W, 345 MHz
2026/10/08 04:52:00.179, 0 %, 38848 MiB, 96.90 W, 96.67 W, 172.47 W, 172.51 W, 345 MHz
2026/10/08 04:52:00.379, 0 %, 38848 MiB, 96.86 W, 97.54 W, 172.37 W, 173.43 W, 345 MHz
2026/10/08 04:52:00.579, 0 %, 38848 MiB, 96.82 W, 97.13 W, 172.33 W, 172.39 W, 345 MHz
2026/10/08 04:52:00.779, 0 %, 38848 MiB, 96.90 W, 97.33 W, 172.37 W, 173.43 W, 345 MHz
2026/10/08 04:52:00.979, 0 %, 38848 MiB, 96.86 W, 96.59 W, 172.38 W, 171.49 W, 345 MHz
2026/10/08 04:52:01.179, 0 %, 38847 MiB, 96.82 W, 97.81 W, 172.32 W, 174.34 W, 345 MHz
2026/10/08 04:52:01.379, 0 %, 38847 MiB, 96.82 W, 96.99 W, 172.36 W, 172.51 W, 345 MHz
2026/10/08 04:52:01.580, 0 %, 38847 MiB, 96.81 W, 96.30 W, 172.43 W, 171.42 W, 345 MHz
2026/10/08 04:52:01.780, 0 %, 38847 MiB, 96.78 W, 96.43 W, 172.35 W, 171.53 W, 345 MHz
2026/10/08 04:52:01.980, 0 %, 38847 MiB, 96.82 W, 97.69 W, 172.34 W, 174.36 W, 345 MHz
2026/10/08 04:52:02.180, 0 %, 38846 MiB, 96.77 W, 96.56 W, 172.23 W, 171.44 W, 345 MHz
2026/10/08 04:52:02.380, 0 %, 38846 MiB, 96.85 W, 96.24 W, 172.34 W, 171.53 W, 345 MHz
2026/10/08 04:52:02.580, 0 %, 38846 MiB, 96.88 W, 96.84 W, 172.36 W, 172.35 W, 345 MHz
2026/10/08 04:52:02.780, 0 %, 38846 MiB, 96.82 W, 97.35 W, 172.32 W, 173.53 W, 345 MHz
2026/10/08 04:52:02.980, 0 %, 38846 MiB, 96.81 W, 96.87 W, 172.37 W, 172.39 W, 345 MHz
2026/10/08 04:52:03.180, 0 %, 38846 MiB, 96.91 W, 96.12 W, 172.46 W, 170.44 W, 345 MHz
2026/10/08 04:52:03.380, 0 %, 38846 MiB, 96.85 W, 96.07 W, 172.38 W, 171.51 W, 345 MHz
2026/10/08 04:52:03.580, 0 %, 38846 MiB, 96.81 W, 98.20 W, 172.36 W, 174.41 W, 345 MHz
2026/10/08 04:52:03.780, 0 %, 38846 MiB, 96.88 W, 97.26 W, 172.39 W, 172.39 W, 345 MHz
2026/10/08 04:52:03.981, 0 %, 38846 MiB, 97.00 W, 98.07 W, 172.42 W, 174.41 W, 345 MHz
2026/10/08 04:52:04.216, 0 %, 38848 MiB, 97.10 W, 96.58 W, 172.59 W, 171.42 W, 345 MHz
2026/10/08 04:52:04.436, 0 %, 38915 MiB, 98.81 W, 139.01 W, 174.30 W, 211.28 W, 1980 MHz
2026/10/08 04:52:04.637, 0 %, 39405 MiB, 111.79 W, 170.26 W, 186.91 W, 244.32 W, 1980 MHz
2026/10/08 04:52:04.837, 27 %, 39405 MiB, 149.92 W, 307.89 W, 224.67 W, 381.79 W, 1980 MHz
2026/10/08 04:52:05.037, 100 %, 39405 MiB, 189.93 W, 306.55 W, 264.51 W, 381.79 W, 1980 MHz
2026/10/08 04:52:05.237, 100 %, 39405 MiB, 233.66 W, 306.27 W, 307.99 W, 380.68 W, 1980 MHz
2026/10/08 04:52:05.437, 100 %, 39405 MiB, 271.57 W, 306.24 W, 345.74 W, 381.65 W, 1980 MHz
2026/10/08 04:52:05.637, 100 %, 39405 MiB, 300.12 W, 306.37 W, 374.50 W, 381.65 W, 1980 MHz
2026/10/08 04:52:05.837, 100 %, 39405 MiB, 306.92 W, 306.64 W, 381.66 W, 381.79 W, 1980 MHz
2026/10/08 04:52:06.037, 100 %, 39405 MiB, 307.05 W, 307.14 W, 382.01 W, 382.04 W, 1980 MHz
2026/10/08 04:52:06.237, 100 %, 39404 MiB, 307.21 W, 307.42 W, 382.32 W, 382.62 W, 1980 MHz
2026/10/08 04:52:06.437, 100 %, 39404 MiB, 307.31 W, 308.40 W, 382.48 W, 383.60 W, 1980 MHz
2026/10/08 04:52:06.637, 100 %, 39404 MiB, 307.50 W, 308.27 W, 382.77 W, 383.59 W, 1980 MHz
2026/10/08 04:52:06.837, 100 %, 39404 MiB, 307.60 W, 307.28 W, 382.93 W, 382.76 W, 1980 MHz
2026/10/08 04:52:07.037, 100 %, 39404 MiB, 307.58 W, 303.83 W, 382.99 W, 378.99 W, 1980 MHz
2026/10/08 04:52:07.238, 100 %, 39404 MiB, 307.05 W, 307.77 W, 382.51 W, 383.73 W, 1980 MHz
2026/10/08 04:52:07.438, 100 %, 39404 MiB, 307.20 W, 308.16 W, 382.67 W, 382.76 W, 1980 MHz
2026/10/08 04:52:07.638, 100 %, 39404 MiB, 307.40 W, 308.63 W, 382.90 W, 383.61 W, 1980 MHz
2026/10/08 04:52:07.838, 100 %, 39404 MiB, 307.62 W, 308.42 W, 383.04 W, 383.59 W, 1980 MHz
2026/10/08 04:52:08.038, 100 %, 39404 MiB, 307.74 W, 309.65 W, 383.08 W, 384.82 W, 1980 MHz
2026/10/08 04:52:08.238, 100 %, 39403 MiB, 308.86 W, 312.09 W, 384.15 W, 387.61 W, 1980 MHz
2026/10/08 04:52:08.438, 100 %, 39403 MiB, 309.67 W, 312.24 W, 384.99 W, 387.48 W, 1980 MHz
2026/10/08 04:52:08.638, 100 %, 39403 MiB, 310.52 W, 313.47 W, 385.90 W, 389.70 W, 1980 MHz
2026/10/08 04:52:08.838, 100 %, 39403 MiB, 311.25 W, 314.36 W, 386.69 W, 390.53 W, 1980 MHz
2026/10/08 04:52:09.038, 100 %, 39403 MiB, 312.20 W, 313.35 W, 387.60 W, 388.59 W, 1980 MHz
2026/10/08 04:52:09.238, 100 %, 39403 MiB, 312.70 W, 312.51 W, 388.07 W, 387.48 W, 1980 MHz
2026/10/08 04:52:09.438, 100 %, 39403 MiB, 312.91 W, 311.98 W, 388.20 W, 386.64 W, 1980 MHz
2026/10/08 04:52:09.639, 100 %, 39403 MiB, 312.93 W, 314.49 W, 388.09 W, 389.30 W, 1980 MHz
2026/10/08 04:52:09.839, 100 %, 39403 MiB, 313.10 W, 313.14 W, 388.18 W, 388.47 W, 1980 MHz
2026/10/08 04:52:10.039, 100 %, 39403 MiB, 313.11 W, 313.00 W, 388.20 W, 388.45 W, 1980 MHz
2026/10/08 04:52:10.239, 100 %, 39403 MiB, 313.16 W, 312.58 W, 388.29 W, 387.73 W, 1980 MHz
2026/10/08 04:52:10.439, 100 %, 39403 MiB, 313.02 W, 311.28 W, 388.22 W, 387.62 W, 1980 MHz
2026/10/08 04:52:10.639, 100 %, 39403 MiB, 312.94 W, 313.89 W, 388.08 W, 388.33 W, 1980 MHz
2026/10/08 04:52:10.839, 100 %, 39403 MiB, 312.99 W, 312.79 W, 388.12 W, 387.62 W, 1980 MHz
2026/10/08 04:52:11.039, 100 %, 39403 MiB, 313.07 W, 313.54 W, 388.15 W, 387.48 W, 1980 MHz
2026/10/08 04:52:11.239, 100 %, 39403 MiB, 313.06 W, 313.66 W, 388.08 W, 389.44 W, 1980 MHz
2026/10/08 04:52:11.439, 100 %, 39403 MiB, 313.18 W, 313.07 W, 388.15 W, 388.59 W, 1980 MHz
2026/10/08 04:52:11.639, 100 %, 39403 MiB, 313.43 W, 312.70 W, 388.45 W, 387.62 W, 1980 MHz
2026/10/08 04:52:11.839, 100 %, 39403 MiB, 313.42 W, 312.38 W, 388.58 W, 387.48 W, 1980 MHz
2026/10/08 04:52:12.039, 100 %, 39403 MiB, 313.43 W, 314.55 W, 388.62 W, 390.39 W, 1980 MHz
2026/10/08 04:52:12.240, 100 %, 39402 MiB, 313.14 W, 312.53 W, 388.41 W, 387.62 W, 1980 MHz
2026/10/08 04:52:12.440, 100 %, 39402 MiB, 313.21 W, 313.62 W, 388.51 W, 388.59 W, 1980 MHz
2026/10/08 04:52:12.640, 100 %, 39402 MiB, 313.26 W, 313.47 W, 388.57 W, 388.45 W, 1980 MHz
2026/10/08 04:52:12.840, 100 %, 39402 MiB, 312.69 W, 314.19 W, 388.07 W, 390.39 W, 1980 MHz
2026/10/08 04:52:13.040, 100 %, 39402 MiB, 312.71 W, 314.58 W, 388.22 W, 390.67 W, 1980 MHz
2026/10/08 04:52:13.240, 100 %, 39402 MiB, 313.07 W, 314.48 W, 388.65 W, 389.42 W, 1980 MHz
2026/10/08 04:52:13.440, 100 %, 39402 MiB, 313.19 W, 314.70 W, 388.72 W, 389.82 W, 1980 MHz
2026/10/08 04:52:13.640, 100 %, 39402 MiB, 313.21 W, 315.23 W, 388.94 W, 392.60 W, 1980 MHz
2026/10/08 04:52:13.840, 100 %, 39402 MiB, 313.74 W, 313.66 W, 389.45 W, 389.44 W, 1980 MHz
2026/10/08 04:52:14.040, 100 %, 39402 MiB, 313.77 W, 315.08 W, 389.45 W, 389.42 W, 1980 MHz
2026/10/08 04:52:14.241, 100 %, 39402 MiB, 313.78 W, 314.20 W, 389.41 W, 388.59 W, 1980 MHz
2026/10/08 04:52:14.441, 100 %, 39402 MiB, 313.73 W, 314.17 W, 389.44 W, 389.68 W, 1980 MHz
2026/10/08 04:52:14.641, 100 %, 39402 MiB, 313.73 W, 314.25 W, 389.19 W, 389.56 W, 1980 MHz
2026/10/08 04:52:14.841, 100 %, 39402 MiB, 313.92 W, 314.47 W, 389.26 W, 389.42 W, 1980 MHz
2026/10/08 04:52:15.041, 100 %, 39402 MiB, 314.10 W, 313.73 W, 389.26 W, 387.36 W, 1980 MHz
2026/10/08 04:52:15.241, 100 %, 39401 MiB, 314.14 W, 315.36 W, 389.32 W, 391.25 W, 1980 MHz
2026/10/08 04:52:15.441, 100 %, 39401 MiB, 314.15 W, 314.40 W, 389.26 W, 388.71 W, 1980 MHz
2026/10/08 04:52:15.641, 100 %, 39401 MiB, 314.13 W, 314.86 W, 389.23 W, 390.53 W, 1980 MHz
2026/10/08 04:52:15.841, 100 %, 39401 MiB, 314.14 W, 314.13 W, 389.29 W, 389.42 W, 1980 MHz
2026/10/08 04:52:16.041, 100 %, 39401 MiB, 314.10 W, 314.21 W, 389.17 W, 388.71 W, 1980 MHz
2026/10/08 04:52:16.241, 100 %, 39401 MiB, 314.08 W, 314.39 W, 389.09 W, 389.56 W, 1980 MHz
2026/10/08 04:52:16.441, 100 %, 39401 MiB, 314.11 W, 314.82 W, 389.07 W, 388.70 W, 1980 MHz
2026/10/08 04:52:16.642, 100 %, 39401 MiB, 314.16 W, 313.52 W, 389.15 W, 387.73 W, 1980 MHz
2026/10/08 04:52:16.842, 100 %, 39401 MiB, 314.14 W, 314.62 W, 389.15 W, 389.30 W, 1980 MHz
2026/10/08 04:52:17.042, 100 %, 39401 MiB, 314.15 W, 314.63 W, 389.27 W, 391.50 W, 1980 MHz
2026/10/08 04:52:17.242, 100 %, 39401 MiB, 314.27 W, 314.31 W, 389.44 W, 388.45 W, 1980 MHz
2026/10/08 04:52:17.442, 100 %, 39401 MiB, 314.23 W, 313.36 W, 389.42 W, 387.62 W, 1980 MHz
2026/10/08 04:52:17.642, 100 %, 39401 MiB, 314.36 W, 315.14 W, 389.68 W, 389.82 W, 1980 MHz
2026/10/08 04:52:17.842, 100 %, 39401 MiB, 314.40 W, 314.85 W, 389.56 W, 390.53 W, 1980 MHz
2026/10/08 04:52:18.042, 100 %, 39401 MiB, 314.43 W, 314.64 W, 389.46 W, 389.56 W, 1980 MHz
2026/10/08 04:52:18.242, 100 %, 39401 MiB, 314.46 W, 313.57 W, 389.49 W, 388.45 W, 1980 MHz
2026/10/08 04:52:18.442, 100 %, 39400 MiB, 314.59 W, 313.97 W, 389.56 W, 388.57 W, 1980 MHz
2026/10/08 04:52:18.642, 100 %, 39400 MiB, 314.47 W, 314.28 W, 389.29 W, 389.68 W, 1980 MHz
2026/10/08 04:52:18.842, 100 %, 39400 MiB, 314.48 W, 313.58 W, 389.40 W, 388.59 W, 1980 MHz
2026/10/08 04:52:19.042, 100 %, 39400 MiB, 314.45 W, 311.86 W, 389.45 W, 387.62 W, 1980 MHz
2026/10/08 04:52:19.243, 100 %, 39400 MiB, 314.23 W, 314.44 W, 389.23 W, 389.56 W, 1980 MHz
2026/10/08 04:52:19.443, 100 %, 39400 MiB, 314.18 W, 314.61 W, 389.17 W, 390.53 W, 1980 MHz
2026/10/08 04:52:19.643, 100 %, 39400 MiB, 314.15 W, 314.11 W, 389.13 W, 389.82 W, 1980 MHz
2026/10/08 04:52:19.843, 100 %, 39400 MiB, 314.19 W, 314.16 W, 389.16 W, 389.42 W, 1980 MHz
2026/10/08 04:52:20.043, 100 %, 39400 MiB, 314.29 W, 314.71 W, 389.36 W, 390.53 W, 1980 MHz
2026/10/08 04:52:20.243, 100 %, 39400 MiB, 314.48 W, 315.54 W, 389.41 W, 390.53 W, 1980 MHz
2026/10/08 04:52:20.443, 100 %, 39400 MiB, 314.62 W, 315.00 W, 389.70 W, 390.08 W, 1980 MHz
2026/10/08 04:52:20.643, 100 %, 39400 MiB, 314.74 W, 315.56 W, 390.23 W, 392.02 W, 1980 MHz
2026/10/08 04:52:20.843, 100 %, 39400 MiB, 314.97 W, 315.04 W, 390.95 W, 392.73 W, 1980 MHz
2026/10/08 04:52:21.043, 100 %, 39400 MiB, 315.15 W, 316.08 W, 391.63 W, 393.83 W, 1980 MHz
2026/10/08 04:52:21.243, 100 %, 39400 MiB, 315.18 W, 316.18 W, 391.98 W, 394.68 W, 1980 MHz
2026/10/08 04:52:21.443, 100 %, 39400 MiB, 315.27 W, 314.51 W, 392.43 W, 390.79 W, 1980 MHz
2026/10/08 04:52:21.643, 100 %, 39400 MiB, 315.35 W, 314.43 W, 392.52 W, 391.17 W, 1980 MHz
2026/10/08 04:52:21.844, 100 %, 39400 MiB, 315.26 W, 315.23 W, 392.34 W, 391.76 W, 1980 MHz
2026/10/08 04:52:22.044, 100 %, 39400 MiB, 315.17 W, 315.33 W, 392.02 W, 392.99 W, 1980 MHz
2026/10/08 04:52:22.250, 100 %, 39400 MiB, 315.23 W, 315.18 W, 391.95 W, 389.82 W, 1980 MHz
2026/10/08 04:52:22.450, 100 %, 39399 MiB, 315.24 W, 314.41 W, 391.76 W, 390.79 W, 1980 MHz
2026/10/08 04:52:22.651, 100 %, 39399 MiB, 315.24 W, 314.77 W, 391.72 W, 390.91 W, 1980 MHz
2026/10/08 04:52:22.851, 100 %, 39399 MiB, 315.26 W, 315.30 W, 391.42 W, 389.82 W, 1980 MHz
2026/10/08 04:52:23.051, 100 %, 39399 MiB, 315.16 W, 314.89 W, 390.97 W, 388.59 W, 1980 MHz
2026/10/08 04:52:23.251, 100 %, 39399 MiB, 315.13 W, 314.15 W, 390.72 W, 388.83 W, 1980 MHz
2026/10/08 04:52:23.451, 100 %, 39399 MiB, 315.10 W, 314.61 W, 390.56 W, 388.71 W, 1980 MHz
2026/10/08 04:52:23.651, 100 %, 39399 MiB, 315.11 W, 315.64 W, 390.16 W, 391.76 W, 1980 MHz
2026/10/08 04:52:23.851, 100 %, 39399 MiB, 315.09 W, 314.24 W, 390.06 W, 389.44 W, 1980 MHz
2026/10/08 04:52:24.051, 100 %, 39399 MiB, 315.16 W, 314.66 W, 390.15 W, 388.59 W, 1980 MHz
2026/10/08 04:52:24.251, 100 %, 39399 MiB, 315.12 W, 314.42 W, 390.09 W, 388.59 W, 1980 MHz
2026/10/08 04:52:24.451, 100 %, 39399 MiB, 315.17 W, 317.15 W, 390.09 W, 392.22 W, 1980 MHz
2026/10/08 04:52:24.651, 100 %, 39399 MiB, 315.12 W, 314.52 W, 390.01 W, 388.84 W, 1980 MHz
2026/10/08 04:52:24.852, 100 %, 39399 MiB, 315.12 W, 314.54 W, 389.99 W, 390.13 W, 1980 MHz
2026/10/08 04:52:25.052, 100 %, 39399 MiB, 315.14 W, 314.22 W, 390.04 W, 389.42 W, 1980 MHz
2026/10/08 04:52:25.252, 100 %, 39399 MiB, 315.15 W, 315.39 W, 390.08 W, 391.49 W, 1980 MHz
2026/10/08 04:52:25.452, 100 %, 39399 MiB, 315.10 W, 314.12 W, 390.06 W, 389.42 W, 1980 MHz
2026/10/08 04:52:25.652, 100 %, 39399 MiB, 315.02 W, 315.10 W, 390.08 W, 389.82 W, 1980 MHz
2026/10/08 04:52:25.852, 100 %, 39399 MiB, 314.97 W, 313.58 W, 390.05 W, 388.33 W, 1980 MHz
2026/10/08 04:52:26.052, 100 %, 39399 MiB, 314.96 W, 315.90 W, 390.05 W, 391.37 W, 1980 MHz
2026/10/08 04:52:26.252, 100 %, 39399 MiB, 314.91 W, 313.78 W, 389.96 W, 388.71 W, 1980 MHz
2026/10/08 04:52:26.452, 100 %, 39399 MiB, 314.90 W, 314.52 W, 390.00 W, 388.33 W, 1980 MHz
2026/10/08 04:52:26.652, 100 %, 39399 MiB, 315.00 W, 314.06 W, 390.09 W, 388.59 W, 1980 MHz
2026/10/08 04:52:26.852, 100 %, 39399 MiB, 315.12 W, 315.47 W, 390.20 W, 390.79 W, 1980 MHz
2026/10/08 04:52:27.052, 100 %, 39399 MiB, 315.14 W, 314.62 W, 390.15 W, 390.27 W, 1980 MHz
2026/10/08 04:52:27.253, 100 %, 39399 MiB, 315.16 W, 314.13 W, 390.10 W, 388.70 W, 1980 MHz
2026/10/08 04:52:27.453, 100 %, 39399 MiB, 315.26 W, 314.14 W, 390.25 W, 388.33 W, 1980 MHz
2026/10/08 04:52:27.653, 100 %, 39399 MiB, 315.28 W, 315.58 W, 390.23 W, 391.37 W, 1980 MHz
2026/10/08 04:52:27.853, 100 %, 39399 MiB, 315.23 W, 315.53 W, 390.21 W, 391.25 W, 1980 MHz
2026/10/08 04:52:28.053, 100 %, 39399 MiB, 315.23 W, 313.77 W, 390.29 W, 387.61 W, 1980 MHz
2026/10/08 04:52:28.253, 100 %, 39399 MiB, 315.23 W, 314.22 W, 390.28 W, 388.59 W, 1980 MHz
2026/10/08 04:52:28.453, 100 %, 39399 MiB, 315.21 W, 314.76 W, 390.21 W, 390.55 W, 1980 MHz
2026/10/08 04:52:28.653, 100 %, 39398 MiB, 315.17 W, 315.27 W, 390.09 W, 390.53 W, 1980 MHz
2026/10/08 04:52:28.853, 100 %, 39398 MiB, 315.31 W, 314.82 W, 390.26 W, 389.56 W, 1980 MHz
2026/10/08 04:52:29.053, 100 %, 39398 MiB, 315.38 W, 315.58 W, 390.28 W, 391.24 W, 1980 MHz
2026/10/08 04:52:29.253, 100 %, 39398 MiB, 315.53 W, 315.95 W, 390.52 W, 392.02 W, 1980 MHz
2026/10/08 04:52:29.454, 100 %, 39398 MiB, 315.53 W, 315.31 W, 390.48 W, 389.82 W, 1980 MHz
2026/10/08 04:52:29.655, 100 %, 39398 MiB, 315.62 W, 316.14 W, 390.55 W, 390.91 W, 1980 MHz
2026/10/08 04:52:29.856, 100 %, 39398 MiB, 315.59 W, 314.88 W, 390.49 W, 390.19 W, 1980 MHz
2026/10/08 04:52:30.056, 100 %, 39398 MiB, 315.65 W, 317.25 W, 390.61 W, 393.83 W, 1980 MHz
2026/10/08 04:52:30.257, 100 %, 39398 MiB, 315.63 W, 316.74 W, 390.55 W, 392.99 W, 1980 MHz
2026/10/08 04:52:30.458, 100 %, 39398 MiB, 315.69 W, 315.09 W, 390.57 W, 389.68 W, 1980 MHz
2026/10/08 04:52:30.658, 100 %, 39398 MiB, 315.67 W, 314.78 W, 390.60 W, 388.85 W, 1980 MHz
2026/10/08 04:52:30.858, 100 %, 39398 MiB, 315.72 W, 316.66 W, 390.65 W, 392.02 W, 1980 MHz
2026/10/08 04:52:31.058, 100 %, 39398 MiB, 315.68 W, 316.32 W, 390.58 W, 390.67 W, 1980 MHz
2026/10/08 04:52:31.260, 100 %, 39398 MiB, 315.65 W, 316.71 W, 390.53 W, 391.88 W, 1980 MHz
2026/10/08 04:52:31.460, 100 %, 39398 MiB, 315.67 W, 316.43 W, 390.56 W, 390.65 W, 1980 MHz
2026/10/08 04:52:31.660, 100 %, 39398 MiB, 315.77 W, 316.28 W, 390.70 W, 391.90 W, 1980 MHz
2026/10/08 04:52:31.861, 100 %, 39398 MiB, 315.70 W, 316.77 W, 390.46 W, 390.93 W, 1980 MHz
2026/10/08 04:52:32.062, 100 %, 39398 MiB, 315.67 W, 314.93 W, 390.38 W, 387.85 W, 1980 MHz
2026/10/08 04:52:32.264, 100 %, 39398 MiB, 315.74 W, 316.19 W, 390.53 W, 390.79 W, 1980 MHz
2026/10/08 04:52:32.464, 100 %, 39398 MiB, 315.77 W, 316.48 W, 390.54 W, 391.03 W, 1980 MHz
2026/10/08 04:52:32.665, 100 %, 39398 MiB, 315.71 W, 317.19 W, 390.49 W, 391.75 W, 1980 MHz
2026/10/08 04:52:32.866, 100 %, 39398 MiB, 315.77 W, 316.35 W, 390.66 W, 391.05 W, 1980 MHz
2026/10/08 04:52:33.066, 100 %, 39398 MiB, 315.79 W, 316.20 W, 390.71 W, 390.79 W, 1980 MHz
2026/10/08 04:52:33.267, 100 %, 39398 MiB, 315.85 W, 315.54 W, 390.84 W, 390.65 W, 1980 MHz
2026/10/08 04:52:33.468, 100 %, 39398 MiB, 315.75 W, 317.23 W, 390.73 W, 392.73 W, 1980 MHz
2026/10/08 04:52:33.668, 100 %, 39398 MiB, 315.66 W, 315.61 W, 390.69 W, 390.79 W, 1980 MHz
2026/10/08 04:52:33.869, 100 %, 39398 MiB, 315.61 W, 315.12 W, 390.71 W, 390.79 W, 1980 MHz
2026/10/08 04:52:34.070, 100 %, 39398 MiB, 315.52 W, 315.57 W, 390.71 W, 390.91 W, 1980 MHz
2026/10/08 04:52:34.270, 100 %, 39398 MiB, 315.49 W, 317.86 W, 390.59 W, 393.85 W, 1980 MHz
2026/10/08 04:52:34.471, 100 %, 39398 MiB, 315.54 W, 315.67 W, 390.69 W, 390.07 W, 1980 MHz
2026/10/08 04:52:34.672, 100 %, 39398 MiB, 315.65 W, 315.43 W, 390.98 W, 391.05 W, 1980 MHz
2026/10/08 04:52:34.873, 100 %, 39397 MiB, 315.64 W, 316.58 W, 391.00 W, 391.62 W, 1980 MHz
2026/10/08 04:52:35.074, 100 %, 39397 MiB, 315.75 W, 317.32 W, 391.18 W, 393.71 W, 1980 MHz
2026/10/08 04:52:35.275, 100 %, 39397 MiB, 315.69 W, 315.24 W, 391.30 W, 390.77 W, 1980 MHz
2026/10/08 04:52:35.475, 100 %, 39397 MiB, 315.76 W, 316.53 W, 391.46 W, 391.76 W, 1980 MHz
2026/10/08 04:52:35.675, 100 %, 39397 MiB, 315.85 W, 315.93 W, 391.49 W, 390.91 W, 1980 MHz
2026/10/08 04:52:35.875, 100 %, 39397 MiB, 315.96 W, 317.30 W, 391.67 W, 393.71 W, 1980 MHz
2026/10/08 04:52:36.077, 100 %, 39397 MiB, 316.04 W, 316.85 W, 391.76 W, 391.76 W, 1980 MHz
2026/10/08 04:52:36.278, 100 %, 39397 MiB, 316.21 W, 316.36 W, 391.92 W, 391.76 W, 1980 MHz
2026/10/08 04:52:36.478, 100 %, 39397 MiB, 316.32 W, 315.31 W, 392.04 W, 391.76 W, 1980 MHz
2026/10/08 04:52:36.680, 100 %, 39397 MiB, 316.36 W, 317.15 W, 392.11 W, 393.97 W, 1980 MHz
2026/10/08 04:52:36.881, 100 %, 39397 MiB, 316.38 W, 315.45 W, 392.09 W, 390.79 W, 1980 MHz
2026/10/08 04:52:37.081, 100 %, 39397 MiB, 316.46 W, 315.73 W, 392.21 W, 390.65 W, 1980 MHz
2026/10/08 04:52:37.282, 100 %, 39397 MiB, 316.41 W, 316.23 W, 392.18 W, 391.62 W, 1980 MHz
2026/10/08 04:52:37.483, 100 %, 39397 MiB, 316.38 W, 316.52 W, 392.10 W, 392.73 W, 1980 MHz
2026/10/08 04:52:37.684, 100 %, 39397 MiB, 316.32 W, 315.47 W, 392.07 W, 391.76 W, 1980 MHz
2026/10/08 04:52:37.886, 100 %, 39397 MiB, 316.37 W, 316.35 W, 392.27 W, 391.88 W, 1980 MHz
2026/10/08 04:52:38.086, 100 %, 39397 MiB, 316.37 W, 316.13 W, 392.26 W, 390.79 W, 1980 MHz
2026/10/08 04:52:38.287, 100 %, 39397 MiB, 316.38 W, 316.79 W, 392.22 W, 392.73 W, 1980 MHz
2026/10/08 04:52:38.488, 100 %, 39397 MiB, 316.36 W, 316.80 W, 392.33 W, 392.85 W, 1980 MHz
2026/10/08 04:52:38.689, 100 %, 39397 MiB, 316.50 W, 315.65 W, 392.52 W, 392.73 W, 1980 MHz
2026/10/08 04:52:38.890, 100 %, 39397 MiB, 316.54 W, 316.09 W, 392.44 W, 391.64 W, 1980 MHz
2026/10/08 04:52:39.091, 100 %, 39397 MiB, 316.61 W, 317.55 W, 392.42 W, 394.68 W, 1980 MHz
2026/10/08 04:52:39.291, 100 %, 39397 MiB, 316.70 W, 317.11 W, 392.55 W, 392.73 W, 1980 MHz
2026/10/08 04:52:39.492, 100 %, 39397 MiB, 316.88 W, 315.96 W, 392.68 W, 391.88 W, 1980 MHz
2026/10/08 04:52:39.693, 100 %, 39397 MiB, 316.89 W, 316.21 W, 392.71 W, 391.76 W, 1980 MHz
2026/10/08 04:52:39.894, 100 %, 39397 MiB, 316.91 W, 317.39 W, 392.67 W, 393.19 W, 1980 MHz
2026/10/08 04:52:40.094, 100 %, 39397 MiB, 316.85 W, 316.01 W, 392.47 W, 391.50 W, 1980 MHz
2026/10/08 04:52:40.294, 100 %, 39397 MiB, 316.77 W, 315.21 W, 392.24 W, 390.53 W, 1980 MHz
2026/10/08 04:52:40.494, 100 %, 39397 MiB, 316.72 W, 316.67 W, 392.14 W, 392.21 W, 1980 MHz
2026/10/08 04:52:40.694, 100 %, 39397 MiB, 316.66 W, 316.10 W, 391.92 W, 391.50 W, 1980 MHz
2026/10/08 04:52:40.894, 100 %, 39397 MiB, 316.61 W, 315.76 W, 391.77 W, 391.64 W, 1980 MHz
2026/10/08 04:52:41.094, 100 %, 39397 MiB, 316.74 W, 317.08 W, 392.35 W, 393.57 W, 1980 MHz
2026/10/08 04:52:41.295, 100 %, 39397 MiB, 316.86 W, 315.54 W, 392.80 W, 390.39 W, 1980 MHz
2026/10/08 04:52:41.495, 100 %, 39397 MiB, 316.93 W, 316.87 W, 392.94 W, 393.33 W, 1980 MHz
2026/10/08 04:52:41.695, 100 %, 39397 MiB, 317.03 W, 316.49 W, 393.19 W, 392.47 W, 1980 MHz
2026/10/08 04:52:41.895, 100 %, 39397 MiB, 317.16 W, 316.86 W, 393.50 W, 392.33 W, 1980 MHz
2026/10/08 04:52:42.095, 100 %, 39397 MiB, 317.16 W, 317.00 W, 393.32 W, 392.47 W, 1980 MHz
2026/10/08 04:52:42.295, 100 %, 39397 MiB, 317.13 W, 316.86 W, 393.14 W, 393.19 W, 1980 MHz
2026/10/08 04:52:42.495, 100 %, 39397 MiB, 317.17 W, 316.29 W, 393.36 W, 392.22 W, 1980 MHz
2026/10/08 04:52:42.696, 100 %, 39397 MiB, 316.91 W, 311.94 W, 393.25 W, 387.73 W, 1980 MHz
2026/10/08 04:52:42.896, 100 %, 39397 MiB, 316.96 W, 316.64 W, 393.46 W, 393.71 W, 1980 MHz
2026/10/08 04:52:43.096, 100 %, 39397 MiB, 317.08 W, 317.81 W, 393.81 W, 394.16 W, 1980 MHz
2026/10/08 04:52:43.296, 100 %, 39397 MiB, 317.03 W, 317.24 W, 393.81 W, 393.45 W, 1980 MHz
2026/10/08 04:52:43.497, 100 %, 39397 MiB, 317.04 W, 315.81 W, 393.72 W, 390.27 W, 1980 MHz
2026/10/08 04:52:43.697, 100 %, 39397 MiB, 317.37 W, 317.54 W, 393.98 W, 393.57 W, 1980 MHz
2026/10/08 04:52:43.897, 100 %, 39397 MiB, 317.27 W, 317.82 W, 393.78 W, 395.11 W, 1980 MHz
2026/10/08 04:52:44.097, 100 %, 39397 MiB, 317.15 W, 317.33 W, 393.50 W, 394.30 W, 1980 MHz
2026/10/08 04:52:44.297, 100 %, 39396 MiB, 317.27 W, 317.48 W, 393.84 W, 395.13 W, 1980 MHz
2026/10/08 04:52:44.497, 100 %, 39396 MiB, 317.28 W, 316.82 W, 394.05 W, 394.16 W, 1980 MHz
2026/10/08 04:52:44.697, 100 %, 39396 MiB, 317.40 W, 317.94 W, 394.22 W, 393.45 W, 1980 MHz
2026/10/08 04:52:44.897, 100 %, 39396 MiB, 317.49 W, 318.73 W, 394.35 W, 396.22 W, 1980 MHz
2026/10/08 04:52:45.097, 100 %, 39396 MiB, 317.65 W, 318.09 W, 394.72 W, 395.53 W, 1980 MHz
2026/10/08 04:52:45.297, 100 %, 39396 MiB, 317.69 W, 317.61 W, 394.54 W, 393.31 W, 1980 MHz
2026/10/08 04:52:45.497, 100 %, 39396 MiB, 317.61 W, 319.07 W, 394.35 W, 397.45 W, 1980 MHz
2026/10/08 04:52:45.698, 100 %, 39396 MiB, 317.64 W, 318.88 W, 394.54 W, 394.42 W, 1980 MHz
2026/10/08 04:52:45.898, 100 %, 39396 MiB, 317.67 W, 318.42 W, 394.57 W, 394.30 W, 1980 MHz
2026/10/08 04:52:46.098, 100 %, 39396 MiB, 317.59 W, 317.59 W, 394.35 W, 394.42 W, 1980 MHz
2026/10/08 04:52:46.298, 100 %, 39396 MiB, 317.55 W, 319.19 W, 394.28 W, 396.24 W, 1980 MHz
2026/10/08 04:52:46.498, 100 %, 39396 MiB, 317.62 W, 317.88 W, 394.25 W, 393.19 W, 1980 MHz
2026/10/08 04:52:46.698, 100 %, 39396 MiB, 317.61 W, 318.58 W, 394.02 W, 394.42 W, 1980 MHz
2026/10/08 04:52:46.898, 100 %, 39396 MiB, 317.66 W, 318.18 W, 394.16 W, 394.16 W, 1980 MHz
2026/10/08 04:52:47.098, 100 %, 39396 MiB, 317.70 W, 318.55 W, 394.29 W, 395.39 W, 1980 MHz
2026/10/08 04:52:47.299, 100 %, 39396 MiB, 317.72 W, 318.82 W, 394.40 W, 396.24 W, 1980 MHz
2026/10/08 04:52:47.500, 100 %, 39396 MiB, 317.76 W, 318.29 W, 394.79 W, 396.62 W, 1980 MHz
2026/10/08 04:52:47.700, 100 %, 39396 MiB, 317.83 W, 318.73 W, 395.15 W, 397.19 W, 1980 MHz
2026/10/08 04:52:47.900, 100 %, 39396 MiB, 317.83 W, 318.02 W, 395.21 W, 395.13 W, 1980 MHz
2026/10/08 04:52:48.100, 100 %, 39396 MiB, 317.84 W, 319.20 W, 395.16 W, 397.45 W, 1980 MHz
2026/10/08 04:52:48.300, 100 %, 39396 MiB, 317.79 W, 318.49 W, 395.10 W, 395.25 W, 1980 MHz
2026/10/08 04:52:48.501, 100 %, 39396 MiB, 317.79 W, 317.29 W, 395.04 W, 394.28 W, 1980 MHz
2026/10/08 04:52:48.701, 100 %, 39396 MiB, 317.70 W, 318.18 W, 394.71 W, 396.22 W, 1980 MHz
2026/10/08 04:52:48.901, 100 %, 39396 MiB, 317.57 W, 318.92 W, 394.51 W, 397.20 W, 1980 MHz
2026/10/08 04:52:49.101, 100 %, 39396 MiB, 317.58 W, 318.30 W, 394.67 W, 394.42 W, 1980 MHz
2026/10/08 04:52:49.301, 100 %, 39396 MiB, 317.70 W, 318.47 W, 394.88 W, 396.10 W, 1980 MHz
2026/10/08 04:52:49.501, 100 %, 39396 MiB, 317.75 W, 318.27 W, 394.96 W, 395.25 W, 1980 MHz
2026/10/08 04:52:49.701, 100 %, 39396 MiB, 317.79 W, 318.50 W, 395.06 W, 397.07 W, 1980 MHz
2026/10/08 04:52:49.901, 100 %, 39396 MiB, 317.96 W, 318.30 W, 395.23 W, 393.33 W, 1980 MHz
2026/10/08 04:52:50.101, 100 %, 39396 MiB, 318.07 W, 318.06 W, 395.36 W, 395.51 W, 1980 MHz
2026/10/08 04:52:50.301, 100 %, 39396 MiB, 318.05 W, 317.82 W, 395.54 W, 395.25 W, 1980 MHz
2026/10/08 04:52:50.501, 100 %, 39396 MiB, 318.12 W, 319.52 W, 395.59 W, 396.22 W, 1980 MHz
2026/10/08 04:52:50.702, 100 %, 39396 MiB, 318.12 W, 318.01 W, 395.48 W, 394.42 W, 1980 MHz
2026/10/08 04:52:50.902, 100 %, 39396 MiB, 318.05 W, 317.19 W, 395.36 W, 393.31 W, 1980 MHz
2026/10/08 04:52:51.102, 100 %, 39396 MiB, 318.04 W, 318.81 W, 395.20 W, 395.25 W, 1980 MHz
2026/10/08 04:52:51.302, 100 %, 39396 MiB, 318.08 W, 319.89 W, 394.92 W, 396.36 W, 1980 MHz
2026/10/08 04:52:51.502, 100 %, 39396 MiB, 318.07 W, 317.27 W, 394.62 W, 392.33 W, 1980 MHz
2026/10/08 04:52:51.702, 100 %, 39396 MiB, 318.12 W, 318.25 W, 394.75 W, 394.42 W, 1980 MHz
2026/10/08 04:52:51.902, 100 %, 39396 MiB, 318.17 W, 317.14 W, 394.96 W, 394.28 W, 1980 MHz
2026/10/08 04:52:52.102, 100 %, 39396 MiB, 318.14 W, 317.54 W, 394.99 W, 394.02 W, 1980 MHz
2026/10/08 04:52:52.302, 100 %, 39396 MiB, 318.08 W, 318.66 W, 394.95 W, 396.36 W, 1980 MHz
2026/10/08 04:52:52.502, 100 %, 39396 MiB, 318.10 W, 317.58 W, 395.12 W, 393.31 W, 1980 MHz
2026/10/08 04:52:52.703, 100 %, 39396 MiB, 318.18 W, 318.79 W, 395.85 W, 403.04 W, 1980 MHz
2026/10/08 04:52:52.903, 100 %, 39396 MiB, 318.23 W, 317.53 W, 396.66 W, 393.19 W, 1980 MHz
2026/10/08 04:52:53.103, 100 %, 39395 MiB, 318.20 W, 318.03 W, 396.59 W, 395.51 W, 1980 MHz
2026/10/08 04:52:53.303, 100 %, 39395 MiB, 318.18 W, 317.52 W, 396.62 W, 394.54 W, 1980 MHz
2026/10/08 04:52:53.503, 100 %, 39395 MiB, 318.16 W, 317.74 W, 396.67 W, 395.25 W, 1980 MHz
2026/10/08 04:52:53.703, 100 %, 39395 MiB, 318.07 W, 318.14 W, 396.08 W, 396.34 W, 1980 MHz
2026/10/08 04:52:53.903, 100 %, 39395 MiB, 317.90 W, 318.31 W, 395.13 W, 396.10 W, 1980 MHz
2026/10/08 04:52:54.103, 100 %, 39395 MiB, 317.92 W, 317.87 W, 395.17 W, 395.13 W, 1980 MHz
2026/10/08 04:52:54.303, 100 %, 39395 MiB, 318.00 W, 317.89 W, 395.28 W, 394.54 W, 1980 MHz
2026/10/08 04:52:54.503, 100 %, 39395 MiB, 318.00 W, 318.05 W, 395.25 W, 395.11 W, 1980 MHz
2026/10/08 04:52:54.703, 100 %, 39395 MiB, 318.02 W, 318.38 W, 395.25 W, 396.36 W, 1980 MHz
2026/10/08 04:52:54.903, 100 %, 39395 MiB, 318.20 W, 317.79 W, 395.57 W, 395.13 W, 1980 MHz
2026/10/08 04:52:55.103, 100 %, 39395 MiB, 318.30 W, 317.85 W, 395.85 W, 395.25 W, 1980 MHz
2026/10/08 04:52:55.304, 100 %, 39395 MiB, 318.31 W, 318.71 W, 395.91 W, 396.62 W, 1980 MHz
2026/10/08 04:52:55.504, 100 %, 39395 MiB, 318.25 W, 317.60 W, 395.82 W, 396.24 W, 1980 MHz
2026/10/08 04:52:55.704, 100 %, 39395 MiB, 318.23 W, 317.03 W, 395.60 W, 392.34 W, 1980 MHz
2026/10/08 04:52:55.904, 100 %, 39395 MiB, 318.21 W, 317.92 W, 395.26 W, 394.16 W, 1980 MHz
2026/10/08 04:52:56.104, 100 %, 39395 MiB, 318.14 W, 318.47 W, 394.95 W, 396.24 W, 1980 MHz
2026/10/08 04:52:56.304, 100 %, 39395 MiB, 318.15 W, 318.09 W, 394.94 W, 396.50 W, 1980 MHz
2026/10/08 04:52:56.504, 100 %, 39395 MiB, 318.17 W, 317.52 W, 395.15 W, 395.39 W, 1980 MHz
2026/10/08 04:52:56.704, 100 %, 39395 MiB, 318.22 W, 317.79 W, 395.33 W, 394.42 W, 1980 MHz
2026/10/08 04:52:56.904, 100 %, 39395 MiB, 318.21 W, 317.59 W, 395.43 W, 395.13 W, 1980 MHz
2026/10/08 04:52:57.104, 100 %, 39395 MiB, 318.27 W, 318.22 W, 395.50 W, 395.25 W, 1980 MHz
2026/10/08 04:52:57.304, 100 %, 39395 MiB, 318.26 W, 318.13 W, 395.39 W, 395.39 W, 1980 MHz
2026/10/08 04:52:57.505, 100 %, 39395 MiB, 318.32 W, 317.72 W, 395.23 W, 394.28 W, 1980 MHz
2026/10/08 04:52:57.705, 100 %, 39395 MiB, 318.40 W, 318.38 W, 395.41 W, 396.36 W, 1980 MHz
2026/10/08 04:52:57.905, 100 %, 39395 MiB, 318.42 W, 318.47 W, 395.48 W, 396.10 W, 1980 MHz
2026/10/08 04:52:58.105, 100 %, 39395 MiB, 318.42 W, 318.10 W, 395.58 W, 394.16 W, 1980 MHz
2026/10/08 04:52:58.305, 100 %, 39395 MiB, 318.23 W, 317.11 W, 395.55 W, 394.28 W, 1980 MHz
2026/10/08 04:52:58.505, 100 %, 39395 MiB, 318.21 W, 317.64 W, 395.63 W, 395.25 W, 1980 MHz
2026/10/08 04:52:58.705, 100 %, 39395 MiB, 318.11 W, 318.61 W, 395.44 W, 397.33 W, 1980 MHz
2026/10/08 04:52:58.905, 100 %, 39395 MiB, 318.12 W, 317.42 W, 395.42 W, 395.13 W, 1980 MHz
2026/10/08 04:52:59.105, 100 %, 39395 MiB, 318.08 W, 318.78 W, 395.48 W, 396.22 W, 1980 MHz
2026/10/08 04:52:59.305, 100 %, 39395 MiB, 318.34 W, 317.82 W, 395.70 W, 393.45 W, 1980 MHz
2026/10/08 04:52:59.505, 100 %, 39395 MiB, 317.72 W, 314.60 W, 394.96 W, 392.22 W, 1980 MHz
2026/10/08 04:52:59.705, 100 %, 39395 MiB, 317.67 W, 317.86 W, 394.94 W, 395.13 W, 1980 MHz
2026/10/08 04:52:59.906, 100 %, 39395 MiB, 317.65 W, 318.08 W, 395.07 W, 395.13 W, 1980 MHz
2026/10/08 04:53:00.106, 100 %, 39395 MiB, 317.69 W, 318.29 W, 395.10 W, 396.22 W, 1980 MHz
2026/10/08 04:53:00.306, 100 %, 39395 MiB, 317.73 W, 319.40 W, 395.12 W, 397.33 W, 1980 MHz
2026/10/08 04:53:00.506, 100 %, 39395 MiB, 318.24 W, 318.09 W, 395.79 W, 396.36 W, 1980 MHz
2026/10/08 04:53:00.706, 100 %, 39395 MiB, 318.34 W, 318.69 W, 395.93 W, 395.39 W, 1980 MHz
2026/10/08 04:53:00.906, 100 %, 39406 MiB, 318.46 W, 319.65 W, 396.36 W, 400.11 W, 1980 MHz
2026/10/08 04:53:01.106, 100 %, 39406 MiB, 318.52 W, 318.80 W, 396.70 W, 396.24 W, 1980 MHz
2026/10/08 04:53:01.306, 100 %, 39406 MiB, 318.45 W, 319.24 W, 396.47 W, 396.22 W, 1980 MHz
2026/10/08 04:53:01.506, 100 %, 39406 MiB, 318.49 W, 318.70 W, 396.18 W, 395.27 W, 1980 MHz
2026/10/08 04:53:01.706, 100 %, 39406 MiB, 318.45 W, 317.71 W, 395.81 W, 391.62 W, 1980 MHz
2026/10/08 04:53:01.906, 100 %, 39406 MiB, 318.33 W, 319.30 W, 395.08 W, 395.27 W, 1980 MHz
2026/10/08 04:53:02.106, 100 %, 39406 MiB, 318.10 W, 318.66 W, 394.20 W, 395.13 W, 1980 MHz
2026/10/08 04:53:02.306, 100 %, 39406 MiB, 318.06 W, 318.25 W, 394.04 W, 393.57 W, 1980 MHz
2026/10/08 04:53:02.507, 100 %, 39406 MiB, 318.04 W, 318.45 W, 394.10 W, 394.30 W, 1980 MHz
2026/10/08 04:53:02.707, 100 %, 39406 MiB, 317.72 W, 315.82 W, 393.73 W, 392.73 W, 1980 MHz
2026/10/08 04:53:02.907, 100 %, 39406 MiB, 317.26 W, 318.55 W, 393.31 W, 394.28 W, 1980 MHz
2026/10/08 04:53:03.107, 100 %, 39406 MiB, 317.33 W, 317.80 W, 393.31 W, 393.31 W, 1980 MHz
2026/10/08 04:53:03.307, 100 %, 39406 MiB, 317.33 W, 317.64 W, 393.32 W, 393.31 W, 1980 MHz
2026/10/08 04:53:03.507, 100 %, 39406 MiB, 317.38 W, 318.95 W, 393.41 W, 395.27 W, 1980 MHz
2026/10/08 04:53:03.707, 100 %, 39406 MiB, 317.61 W, 318.61 W, 393.63 W, 394.54 W, 1980 MHz
2026/10/08 04:53:03.907, 100 %, 39406 MiB, 318.03 W, 318.19 W, 394.04 W, 394.16 W, 1980 MHz
2026/10/08 04:53:04.107, 100 %, 39406 MiB, 317.99 W, 318.54 W, 393.97 W, 395.25 W, 1980 MHz
2026/10/08 04:53:04.307, 100 %, 39406 MiB, 318.05 W, 318.48 W, 394.04 W, 394.42 W, 1980 MHz
2026/10/08 04:53:04.507, 100 %, 39406 MiB, 317.98 W, 319.31 W, 393.91 W, 396.10 W, 1980 MHz
2026/10/08 04:53:04.707, 100 %, 38848 MiB, 309.43 W, 157.65 W, 385.45 W, 234.49 W, 1980 MHz
2026/10/08 04:53:04.907, 0 %, 38848 MiB, 278.39 W, 157.05 W, 354.60 W, 232.87 W, 1980 MHz
2026/10/08 04:53:05.108, 0 %, 38848 MiB, 245.61 W, 157.77 W, 321.98 W, 234.65 W, 1980 MHz
2026/10/08 04:53:05.308, 0 %, 38848 MiB, 215.45 W, 157.46 W, 291.81 W, 233.68 W, 1980 MHz
2026/10/08 04:53:05.508, 0 %, 38848 MiB, 181.25 W, 157.19 W, 257.66 W, 233.61 W, 1980 MHz
2026/10/08 04:53:05.708, 0 %, 38848 MiB, 157.52 W, 156.26 W, 234.02 W, 233.52 W, 1980 MHz
2026/10/08 04:53:05.908, 0 %, 38848 MiB, 157.18 W, 157.01 W, 233.56 W, 232.94 W, 1980 MHz
2026/10/08 04:53:06.108, 0 %, 38848 MiB, 156.95 W, 156.99 W, 233.35 W, 234.58 W, 1980 MHz
2026/10/08 04:53:06.308, 0 %, 38847 MiB, 156.81 W, 156.31 W, 233.24 W, 232.63 W, 1980 MHz
2026/10/08 04:53:06.508, 0 %, 38847 MiB, 155.63 W, 107.71 W, 232.14 W, 186.03 W, 405 MHz
2026/10/08 04:53:06.708, 0 %, 38847 MiB, 144.20 W, 97.88 W, 220.96 W, 175.27 W, 375 MHz
2026/10/08 04:53:06.908, 0 %, 38847 MiB, 132.15 W, 98.24 W, 209.07 W, 176.40 W, 345 MHz
2026/10/08 04:53:07.108, 0 %, 38847 MiB, 120.42 W, 97.88 W, 197.32 W, 174.36 W, 345 MHz
2026/10/08 04:53:07.308, 0 %, 38847 MiB, 108.83 W, 97.74 W, 185.80 W, 173.46 W, 345 MHz
2026/10/08 04:53:07.508, 0 %, 38847 MiB, 98.58 W, 99.41 W, 175.55 W, 176.40 W, 345 MHz
2026/10/08 04:53:07.709, 0 %, 38847 MiB, 98.42 W, 97.87 W, 175.04 W, 174.34 W, 345 MHz
2026/10/08 04:53:07.909, 0 %, 38847 MiB, 98.56 W, 98.06 W, 174.95 W, 173.48 W, 345 MHz
2026/10/08 04:53:08.109, 0 %, 38847 MiB, 98.66 W, 98.35 W, 174.96 W, 174.34 W, 345 MHz
2026/10/08 04:53:08.309, 0 %, 38847 MiB, 98.73 W, 98.72 W, 174.89 W, 175.38 W, 345 MHz
2026/10/08 04:53:08.509, 0 %, 38847 MiB, 98.61 W, 99.71 W, 174.73 W, 176.41 W, 345 MHz
2026/10/08 04:53:08.709, 0 %, 38847 MiB, 98.62 W, 99.49 W, 174.65 W, 175.32 W, 345 MHz
2026/10/08 04:53:08.909, 0 %, 38847 MiB, 98.73 W, 98.38 W, 174.81 W, 174.34 W, 345 MHz
2026/10/08 04:53:09.109, 0 %, 38847 MiB, 98.84 W, 98.91 W, 175.00 W, 175.43 W, 345 MHz
2026/10/08 04:53:09.309, 0 %, 38847 MiB, 98.97 W, 100.38 W, 175.20 W, 177.38 W, 345 MHz
2026/10/08 04:53:09.509, 0 %, 38847 MiB, 99.10 W, 99.63 W, 175.26 W, 176.40 W, 345 MHz
2026/10/08 04:53:09.709, 0 %, 38847 MiB, 99.18 W, 98.81 W, 175.40 W, 174.34 W, 345 MHz
2026/10/08 04:53:09.909, 0 %, 38847 MiB, 99.21 W, 98.90 W, 175.44 W, 174.39 W, 345 MHz
2026/10/08 04:53:10.109, 0 %, 38847 MiB, 99.21 W, 98.57 W, 175.37 W, 174.39 W, 345 MHz
2026/10/08 04:53:10.310, 0 %, 38847 MiB, 99.12 W, 100.23 W, 175.24 W, 177.26 W, 345 MHz
2026/10/08 04:53:10.510, 0 %, 38847 MiB, 99.07 W, 98.71 W, 175.23 W, 174.41 W, 345 MHz
2026/10/08 04:53:10.710, 0 %, 38847 MiB, 99.03 W, 98.16 W, 175.13 W, 173.46 W, 345 MHz
2026/10/08 04:53:10.910, 0 %, 38847 MiB, 99.03 W, 99.22 W, 175.22 W, 175.32 W, 345 MHz
2026/10/08 04:53:11.110, 0 %, 38847 MiB, 98.94 W, 99.25 W, 175.10 W, 175.50 W, 345 MHz
2026/10/08 04:53:11.310, 0 %, 38847 MiB, 98.93 W, 98.70 W, 175.18 W, 174.27 W, 345 MHz
2026/10/08 04:53:11.510, 0 %, 38847 MiB, 98.99 W, 98.78 W, 175.25 W, 174.39 W, 345 MHz
2026/10/08 04:53:11.710, 0 %, 38847 MiB, 99.02 W, 98.68 W, 175.29 W, 174.39 W, 345 MHz
2026/10/08 04:53:11.910, 0 %, 38847 MiB, 98.97 W, 99.89 W, 175.11 W, 176.22 W, 345 MHz
2026/10/08 04:53:12.110, 0 %, 38846 MiB, 98.99 W, 98.54 W, 175.07 W, 174.27 W, 345 MHz
2026/10/08 04:53:12.310, 0 %, 38846 MiB, 98.98 W, 98.01 W, 174.93 W, 173.41 W, 345 MHz
2026/10/08 04:53:12.510, 0 %, 38846 MiB, 99.03 W, 99.45 W, 175.02 W, 175.43 W, 345 MHz
2026/10/08 04:53:12.711, 0 %, 38846 MiB, 99.01 W, 98.94 W, 174.99 W, 175.32 W, 345 MHz
2026/10/08 04:53:12.911, 0 %, 38846 MiB, 98.99 W, 99.30 W, 174.97 W, 175.27 W, 345 MHz
2026/10/08 04:53:13.111, 0 %, 38846 MiB, 99.00 W, 98.76 W, 175.06 W, 174.39 W, 345 MHz
2026/10/08 04:53:13.311, 0 %, 38846 MiB, 98.99 W, 98.57 W, 175.08 W, 174.41 W, 345 MHz
2026/10/08 04:53:13.511, 0 %, 38846 MiB, 98.89 W, 98.96 W, 174.95 W, 175.38 W, 345 MHz
2026/10/08 04:53:13.711, 0 %, 38846 MiB, 98.79 W, 99.03 W, 174.83 W, 175.43 W, 345 MHz
2026/10/08 04:53:13.911, 0 %, 38846 MiB, 98.83 W, 98.45 W, 174.96 W, 174.34 W, 345 MHz
2026/10/08 04:53:14.111, 0 %, 38846 MiB, 98.82 W, 97.92 W, 175.06 W, 173.30 W, 345 MHz
2026/10/08 04:53:14.311, 0 %, 38846 MiB, 98.86 W, 98.92 W, 175.11 W, 175.32 W, 345 MHz
2026/10/08 04:53:14.511, 0 %, 38846 MiB, 98.78 W, 99.60 W, 174.92 W, 176.29 W, 345 MHz
2026/10/08 04:53:14.711, 0 %, 38846 MiB, 98.89 W, 99.11 W, 175.04 W, 175.38 W, 345 MHz
2026/10/08 04:53:14.911, 0 %, 38846 MiB, 98.85 W, 98.27 W, 174.98 W, 174.41 W, 345 MHz
2026/10/08 04:53:15.112, 0 %, 38846 MiB, 98.77 W, 99.16 W, 174.81 W, 175.43 W, 345 MHz
2026/10/08 04:53:15.312, 0 %, 38846 MiB, 98.72 W, 99.43 W, 174.76 W, 176.29 W, 345 MHz
2026/10/08 04:53:15.512, 0 %, 38846 MiB, 98.80 W, 98.12 W, 174.99 W, 173.37 W, 345 MHz
2026/10/08 04:53:15.712, 0 %, 38846 MiB, 98.75 W, 98.42 W, 174.96 W, 174.29 W, 345 MHz
2026/10/08 04:53:15.912, 0 %, 38846 MiB, 98.72 W, 98.35 W, 174.88 W, 174.34 W, 345 MHz
2026/10/08 04:53:16.112, 0 %, 38846 MiB, 98.73 W, 99.50 W, 174.84 W, 176.29 W, 345 MHz
2026/10/08 04:53:16.312, 0 %, 38846 MiB, 98.68 W, 98.26 W, 174.80 W, 174.41 W, 345 MHz
2026/10/08 04:53:16.512, 0 %, 38846 MiB, 98.67 W, 98.41 W, 174.76 W, 174.34 W, 345 MHz
2026/10/08 04:53:16.712, 0 %, 38846 MiB, 98.64 W, 98.11 W, 174.71 W, 173.55 W, 345 MHz
2026/10/08 04:53:16.912, 0 %, 38846 MiB, 98.62 W, 99.32 W, 174.68 W, 176.41 W, 345 MHz
2026/10/08 04:53:17.112, 0 %, 38846 MiB, 98.59 W, 98.86 W, 174.66 W, 175.32 W, 345 MHz
2026/10/08 04:53:17.313, 0 %, 38846 MiB, 98.63 W, 98.17 W, 174.68 W, 173.55 W, 345 MHz
2026/10/08 04:53:17.513, 0 %, 38846 MiB, 98.60 W, 97.95 W, 174.62 W, 174.39 W, 345 MHz
2026/10/08 04:53:17.713, 0 %, 38846 MiB, 98.61 W, 99.13 W, 174.75 W, 176.29 W, 345 MHz
2026/10/08 04:53:17.913, 0 %, 38845 MiB, 98.60 W, 98.61 W, 174.93 W, 175.32 W, 345 MHz
2026/10/08 04:53:18.113, 0 %, 38845 MiB, 98.64 W, 98.24 W, 175.18 W, 175.32 W, 345 MHz
2026/10/08 04:53:18.313, 0 %, 38845 MiB, 98.68 W, 98.67 W, 175.46 W, 175.32 W, 345 MHz
2026/10/08 04:53:18.513, 0 %, 38845 MiB, 98.73 W, 98.92 W, 175.73 W, 176.36 W, 345 MHz
2026/10/08 04:53:18.713, 0 %, 38845 MiB, 98.66 W, 98.82 W, 175.56 W, 175.32 W, 345 MHz
2026/10/08 04:53:18.913, 0 %, 38845 MiB, 98.60 W, 98.28 W, 175.27 W, 174.41 W, 345 MHz
2026/10/08 04:53:19.113, 0 %, 38845 MiB, 98.54 W, 97.68 W, 175.08 W, 173.37 W, 345 MHz
2026/10/08 04:53:19.313, 0 %, 38845 MiB, 98.55 W, 99.37 W, 174.92 W, 175.38 W, 345 MHz
2026/10/08 04:53:19.513, 0 %, 38845 MiB, 98.50 W, 99.26 W, 174.69 W, 175.43 W, 345 MHz
2026/10/08 04:53:19.713, 0 %, 38845 MiB, 98.45 W, 98.74 W, 174.60 W, 175.38 W, 345 MHz
2026/10/08 04:53:19.914, 0 %, 38845 MiB, 98.51 W, 97.34 W, 174.80 W, 173.37 W, 345 MHz
2026/10/08 04:53:20.123, 0 %, 38845 MiB, 98.59 W, 98.03 W, 174.91 W, 173.48 W, 345 MHz
2026/10/08 04:53:20.337, 0 %, 38845 MiB, 98.54 W, 97.76 W, 174.80 W, 173.37 W, 345 MHz
2026/10/08 04:53:20.537, 0 %, 38845 MiB, 98.42 W, 98.89 W, 174.65 W, 175.38 W, 345 MHz
2026/10/08 04:53:20.737, 0 %, 38845 MiB, 98.48 W, 98.06 W, 174.78 W, 173.41 W, 345 MHz
2026/10/08 04:53:20.937, 0 %, 38845 MiB, 98.42 W, 98.35 W, 174.60 W, 174.39 W, 345 MHz
2026/10/08 04:53:21.137, 0 %, 38845 MiB, 98.41 W, 98.62 W, 174.70 W, 175.43 W, 345 MHz
2026/10/08 04:53:21.337, 0 %, 38845 MiB, 98.35 W, 98.75 W, 174.69 W, 175.32 W, 345 MHz
2026/10/08 04:53:21.537, 0 %, 38845 MiB, 98.42 W, 97.92 W, 174.73 W, 173.55 W, 345 MHz
2026/10/08 04:53:21.737, 0 %, 38845 MiB, 98.39 W, 98.24 W, 174.65 W, 174.62 W, 345 MHz
2026/10/08 04:53:21.937, 0 %, 38845 MiB, 98.40 W, 98.19 W, 174.79 W, 174.34 W, 345 MHz
2026/10/08 04:53:22.138, 0 %, 38845 MiB, 98.36 W, 97.79 W, 174.71 W, 173.60 W, 345 MHz
2026/10/08 04:53:22.355, 0 %, 38845 MiB, 98.35 W, 99.32 W, 174.71 W, 176.36 W, 345 MHz
2026/10/08 04:53:22.555, 0 %, 38845 MiB, 98.24 W, 98.52 W, 174.60 W, 175.43 W, 345 MHz
2026/10/08 04:53:22.755, 0 %, 38845 MiB, 98.18 W, 97.25 W, 174.51 W, 172.51 W, 345 MHz
2026/10/08 04:53:22.955, 0 %, 38845 MiB, 98.07 W, 97.17 W, 174.35 W, 172.51 W, 345 MHz
2026/10/08 04:53:23.155, 0 %, 38845 MiB, 97.94 W, 97.17 W, 174.21 W, 173.42 W, 345 MHz
2026/10/08 04:53:23.355, 0 %, 38845 MiB, 97.84 W, 97.48 W, 174.07 W, 174.34 W, 345 MHz
2026/10/08 04:53:23.555, 0 %, 38845 MiB, 97.89 W, 97.47 W, 174.20 W, 173.41 W, 345 MHz
2026/10/08 04:53:23.755, 0 %, 38845 MiB, 97.97 W, 97.49 W, 174.32 W, 173.50 W, 345 MHz
2026/10/08 04:53:23.955, 0 %, 38844 MiB, 98.05 W, 98.01 W, 174.29 W, 173.37 W, 345 MHz
2026/10/08 04:53:24.155, 0 %, 38844 MiB, 98.15 W, 99.09 W, 174.29 W, 176.36 W, 345 MHz
2026/10/08 04:53:24.356, 0 %, 38844 MiB, 98.16 W, 98.03 W, 174.35 W, 173.43 W, 345 MHz
2026/10/08 04:53:24.556, 0 %, 38844 MiB, 98.22 W, 98.05 W, 174.40 W, 174.34 W, 345 MHz
2026/10/08 04:53:24.756, 0 %, 38844 MiB, 98.19 W, 97.77 W, 174.32 W, 173.42 W, 345 MHz
2026/10/08 04:53:24.956, 0 %, 38844 MiB, 98.42 W, 100.90 W, 176.02 W, 187.93 W, 345 MHz
2026/10/08 04:53:25.156, 0 %, 38844 MiB, 98.78 W, 99.74 W, 178.48 W, 186.15 W, 345 MHz
2026/10/08 04:53:25.356, 0 %, 38844 MiB, 98.99 W, 96.94 W, 178.99 W, 172.51 W, 345 MHz
2026/10/08 04:53:25.556, 0 %, 38844 MiB, 98.98 W, 96.81 W, 179.02 W, 172.39 W, 345 MHz
2026/10/08 04:53:25.756, 0 %, 38844 MiB, 98.95 W, 99.51 W, 178.86 W, 176.40 W, 345 MHz
2026/10/08 04:53:25.956, 0 %, 38844 MiB, 98.64 W, 98.35 W, 177.10 W, 174.34 W, 345 MHz
2026/10/08 04:53:26.156, 0 %, 38844 MiB, 98.31 W, 98.07 W, 174.71 W, 173.30 W, 345 MHz
2026/10/08 04:53:26.356, 0 %, 38844 MiB, 98.18 W, 97.86 W, 174.22 W, 173.43 W, 345 MHz
2026/10/08 04:53:26.556, 0 %, 38844 MiB, 98.17 W, 98.33 W, 174.12 W, 174.41 W, 345 MHz
2026/10/08 04:53:26.756, 0 %, 38844 MiB, 98.09 W, 98.44 W, 174.05 W, 175.38 W, 345 MHz
2026/10/08 04:53:26.957, 0 %, 38844 MiB, 98.18 W, 97.94 W, 174.18 W, 173.43 W, 345 MHz
2026/10/08 04:53:27.157, 0 %, 38844 MiB, 98.11 W, 97.66 W, 174.07 W, 173.30 W, 345 MHz
2026/10/08 04:53:27.357, 0 %, 38844 MiB, 98.10 W, 98.22 W, 174.12 W, 174.39 W, 345 MHz
2026/10/08 04:53:27.557, 0 %, 38844 MiB, 98.11 W, 98.90 W, 174.11 W, 175.32 W, 345 MHz
2026/10/08 04:53:27.757, 0 %, 38844 MiB, 98.18 W, 98.13 W, 174.10 W, 173.43 W, 345 MHz
2026/10/08 04:53:27.957, 0 %, 38844 MiB, 98.17 W, 97.76 W, 174.15 W, 174.39 W, 345 MHz
2026/10/08 04:53:28.157, 0 %, 38844 MiB, 98.26 W, 97.90 W, 174.21 W, 173.37 W, 345 MHz
2026/10/08 04:53:28.357, 0 %, 38844 MiB, 98.17 W, 97.66 W, 174.03 W, 174.34 W, 345 MHz
2026/10/08 04:53:28.557, 0 %, 38844 MiB, 98.05 W, 97.58 W, 173.94 W, 173.37 W, 345 MHz
2026/10/08 04:53:28.757, 0 %, 38844 MiB, 98.04 W, 97.38 W, 173.96 W, 173.37 W, 345 MHz
2026/10/08 04:53:28.957, 0 %, 38844 MiB, 97.97 W, 97.36 W, 173.89 W, 173.48 W, 345 MHz
2026/10/08 04:53:29.157, 0 %, 38844 MiB, 97.96 W, 99.20 W, 173.90 W, 175.32 W, 345 MHz
2026/10/08 04:53:29.358, 0 %, 38844 MiB, 97.97 W, 99.12 W, 173.92 W, 176.41 W, 345 MHz
2026/10/08 04:53:29.558, 0 %, 38844 MiB, 98.08 W, 97.54 W, 174.09 W, 174.27 W, 345 MHz
2026/10/08 04:53:29.758, 0 %, 38844 MiB, 98.09 W, 97.76 W, 174.16 W, 173.41 W, 345 MHz
2026/10/08 04:53:29.958, 0 %, 38844 MiB, 98.16 W, 98.51 W, 174.19 W, 174.51 W, 345 MHz
2026/10/08 04:53:30.158, 0 %, 38844 MiB, 98.06 W, 98.23 W, 174.02 W, 173.37 W, 345 MHz
2026/10/08 04:53:30.358, 0 %, 38844 MiB, 98.00 W, 97.29 W, 174.03 W, 173.48 W, 345 MHz
2026/10/08 04:53:30.558, 0 %, 38844 MiB, 98.01 W, 98.06 W, 173.92 W, 173.37 W, 345 MHz
2026/10/08 04:53:30.758, 0 %, 38844 MiB, 98.02 W, 98.12 W, 173.84 W, 173.39 W, 345 MHz
2026/10/08 04:53:30.958, 0 %, 38844 MiB, 97.87 W, 97.72 W, 173.74 W, 174.34 W, 345 MHz
2026/10/08 04:53:31.158, 0 %, 38843 MiB, 97.92 W, 98.24 W, 173.90 W, 175.38 W, 345 MHz
2026/10/08 04:53:31.358, 0 %, 38843 MiB, 97.95 W, 96.87 W, 173.92 W, 172.51 W, 345 MHz
2026/10/08 04:53:31.558, 0 %, 38843 MiB, 97.93 W, 96.38 W, 173.98 W, 172.39 W, 345 MHz
2026/10/08 04:53:31.758, 0 %, 38843 MiB, 97.88 W, 97.69 W, 173.99 W, 174.41 W, 345 MHz
2026/10/08 04:53:31.959, 0 %, 38843 MiB, 97.88 W, 97.89 W, 174.00 W, 174.36 W, 345 MHz
2026/10/08 04:53:32.159, 0 %, 38843 MiB, 97.92 W, 97.64 W, 173.93 W, 172.57 W, 345 MHz
2026/10/08 04:53:32.359, 0 %, 38843 MiB, 97.94 W, 97.16 W, 174.05 W, 173.41 W, 345 MHz
2026/10/08 04:53:32.559, 0 %, 38843 MiB, 97.90 W, 97.90 W, 174.00 W, 173.48 W, 345 MHz
2026/10/08 04:53:32.759, 0 %, 38843 MiB, 97.97 W, 97.93 W, 173.98 W, 173.32 W, 345 MHz
2026/10/08 04:53:32.959, 0 %, 38843 MiB, 97.94 W, 96.77 W, 173.93 W, 172.44 W, 345 MHz
2026/10/08 04:53:33.159, 0 %, 38843 MiB, 97.92 W, 97.19 W, 174.03 W, 173.48 W, 345 MHz
2026/10/08 04:53:33.359, 0 %, 38843 MiB, 97.86 W, 97.44 W, 173.95 W, 173.43 W, 345 MHz
2026/10/08 04:53:33.559, 0 %, 38843 MiB, 97.77 W, 98.57 W, 173.81 W, 174.39 W, 345 MHz
2026/10/08 04:53:33.760, 0 %, 38843 MiB, 97.72 W, 97.39 W, 173.84 W, 172.39 W, 345 MHz
2026/10/08 04:53:33.960, 0 %, 38843 MiB, 97.73 W, 97.39 W, 173.90 W, 173.37 W, 345 MHz
2026/10/08 04:53:34.160, 0 %, 38843 MiB, 97.67 W, 97.90 W, 173.75 W, 174.46 W, 345 MHz
2026/10/08 04:53:34.360, 0 %, 38843 MiB, 97.63 W, 97.80 W, 173.70 W, 174.41 W, 345 MHz
2026/10/08 04:53:34.560, 0 %, 38843 MiB, 97.66 W, 97.69 W, 173.82 W, 174.34 W, 345 MHz
2026/10/08 04:53:34.760, 0 %, 38843 MiB, 97.74 W, 97.36 W, 173.94 W, 172.39 W, 345 MHz
2026/10/08 04:53:34.974, 0 %, 38851 MiB, 97.79 W, 97.67 W, 173.97 W, 173.35 W, 345 MHz
2026/10/08 04:53:35.177, 0 %, 38892 MiB, 98.92 W, 134.10 W, 175.11 W, 210.31 W, 1980 MHz
2026/10/08 04:53:35.378, 1 %, 39408 MiB, 110.50 W, 179.35 W, 186.38 W, 254.12 W, 1980 MHz
2026/10/08 04:53:35.578, 51 %, 39408 MiB, 153.38 W, 349.90 W, 228.85 W, 424.40 W, 1980 MHz
2026/10/08 04:53:35.778, 100 %, 39408 MiB, 204.68 W, 348.82 W, 279.71 W, 423.29 W, 1980 MHz
2026/10/08 04:53:35.978, 100 %, 39408 MiB, 252.43 W, 355.53 W, 327.24 W, 431.87 W, 1980 MHz
2026/10/08 04:53:36.178, 100 %, 39408 MiB, 305.46 W, 355.89 W, 380.10 W, 430.90 W, 1980 MHz
2026/10/08 04:53:36.378, 100 %, 39408 MiB, 341.97 W, 355.11 W, 416.77 W, 431.33 W, 1980 MHz
2026/10/08 04:53:36.578, 100 %, 39408 MiB, 353.10 W, 355.16 W, 428.14 W, 429.93 W, 1980 MHz
2026/10/08 04:53:36.778, 100 %, 39408 MiB, 354.44 W, 357.56 W, 429.70 W, 432.99 W, 1980 MHz
2026/10/08 04:53:36.979, 100 %, 39408 MiB, 355.49 W, 356.74 W, 430.87 W, 431.87 W, 1980 MHz
2026/10/08 04:53:37.179, 100 %, 39408 MiB, 356.16 W, 356.74 W, 431.54 W, 431.87 W, 1980 MHz
2026/10/08 04:53:37.379, 100 %, 39408 MiB, 356.49 W, 355.97 W, 431.95 W, 431.18 W, 1980 MHz
2026/10/08 04:53:37.579, 100 %, 39408 MiB, 356.84 W, 357.39 W, 432.36 W, 433.96 W, 1980 MHz
2026/10/08 04:53:37.779, 100 %, 39408 MiB, 356.99 W, 358.09 W, 432.51 W, 434.93 W, 1980 MHz
2026/10/08 04:53:37.979, 100 %, 39408 MiB, 357.11 W, 355.98 W, 432.77 W, 431.89 W, 1980 MHz
2026/10/08 04:53:38.179, 100 %, 39407 MiB, 357.32 W, 357.41 W, 433.08 W, 432.84 W, 1980 MHz
2026/10/08 04:53:38.379, 100 %, 39407 MiB, 357.42 W, 357.12 W, 433.21 W, 431.33 W, 1980 MHz
2026/10/08 04:53:38.579, 100 %, 39407 MiB, 357.52 W, 359.79 W, 433.24 W, 436.88 W, 1980 MHz
2026/10/08 04:53:38.779, 100 %, 39407 MiB, 357.69 W, 357.65 W, 433.45 W, 433.14 W, 1980 MHz
2026/10/08 04:53:38.979, 100 %, 39407 MiB, 357.71 W, 357.57 W, 433.42 W, 433.28 W, 1980 MHz
2026/10/08 04:53:39.179, 100 %, 39407 MiB, 357.99 W, 358.50 W, 433.52 W, 433.81 W, 1980 MHz
2026/10/08 04:53:39.379, 100 %, 39407 MiB, 358.24 W, 360.33 W, 433.61 W, 436.04 W, 1980 MHz
2026/10/08 04:53:39.580, 100 %, 39407 MiB, 358.38 W, 359.12 W, 433.69 W, 434.78 W, 1980 MHz
2026/10/08 04:53:39.780, 100 %, 39407 MiB, 358.34 W, 358.41 W, 433.63 W, 433.96 W, 1980 MHz
2026/10/08 04:53:39.980, 100 %, 39407 MiB, 358.52 W, 358.05 W, 433.70 W, 430.90 W, 1980 MHz
2026/10/08 04:53:40.180, 100 %, 39407 MiB, 358.44 W, 358.68 W, 433.65 W, 434.78 W, 1980 MHz
2026/10/08 04:53:40.380, 100 %, 39407 MiB, 358.31 W, 357.96 W, 433.60 W, 432.99 W, 1980 MHz
2026/10/08 04:53:40.580, 100 %, 39407 MiB, 358.32 W, 359.55 W, 433.60 W, 434.93 W, 1980 MHz
2026/10/08 04:53:40.780, 100 %, 39407 MiB, 358.47 W, 359.50 W, 433.75 W, 434.93 W, 1980 MHz
2026/10/08 04:53:40.980, 100 %, 39407 MiB, 358.54 W, 357.67 W, 433.77 W, 432.71 W, 1980 MHz
2026/10/08 04:53:41.180, 100 %, 39407 MiB, 358.57 W, 358.46 W, 433.90 W, 434.78 W, 1980 MHz
2026/10/08 04:53:41.380, 100 %, 39407 MiB, 358.65 W, 358.62 W, 434.04 W, 433.96 W, 1980 MHz
2026/10/08 04:53:41.580, 100 %, 39407 MiB, 358.73 W, 358.33 W, 434.14 W, 433.96 W, 1980 MHz
2026/10/08 04:53:41.780, 100 %, 39407 MiB, 358.74 W, 358.40 W, 434.09 W, 433.13 W, 1980 MHz
2026/10/08 04:53:41.980, 100 %, 39407 MiB, 358.67 W, 360.31 W, 434.06 W, 435.91 W, 1980 MHz
2026/10/08 04:53:42.181, 100 %, 39407 MiB, 358.76 W, 358.11 W, 434.01 W, 432.99 W, 1980 MHz
2026/10/08 04:53:42.381, 100 %, 39407 MiB, 358.83 W, 358.69 W, 433.98 W, 433.81 W, 1980 MHz
2026/10/08 04:53:42.581, 100 %, 39407 MiB, 358.85 W, 358.58 W, 434.10 W, 433.81 W, 1980 MHz
2026/10/08 04:53:42.781, 100 %, 39407 MiB, 358.86 W, 360.16 W, 434.26 W, 436.88 W, 1980 MHz
2026/10/08 04:53:42.981, 100 %, 39407 MiB, 358.87 W, 358.72 W, 434.27 W, 433.81 W, 1980 MHz
2026/10/08 04:53:43.181, 100 %, 39407 MiB, 358.94 W, 358.54 W, 434.38 W, 433.68 W, 1980 MHz
2026/10/08 04:53:43.381, 100 %, 39407 MiB, 359.00 W, 358.30 W, 434.52 W, 433.96 W, 1980 MHz
2026/10/08 04:53:43.581, 100 %, 39407 MiB, 358.99 W, 359.83 W, 434.44 W, 434.78 W, 1980 MHz
2026/10/08 04:53:43.781, 100 %, 39407 MiB, 359.04 W, 359.10 W, 434.40 W, 433.81 W, 1980 MHz
2026/10/08 04:53:43.981, 100 %, 39407 MiB, 359.05 W, 358.45 W, 434.36 W, 433.68 W, 1980 MHz
2026/10/08 04:53:44.181, 100 %, 39407 MiB, 359.01 W, 358.54 W, 434.35 W, 432.71 W, 1980 MHz
2026/10/08 04:53:44.381, 100 %, 39406 MiB, 359.06 W, 359.24 W, 434.33 W, 433.96 W, 1980 MHz
2026/10/08 04:53:44.581, 100 %, 39406 MiB, 359.07 W, 359.62 W, 434.30 W, 434.78 W, 1980 MHz
2026/10/08 04:53:44.782, 100 %, 39406 MiB, 359.06 W, 358.03 W, 434.27 W, 433.14 W, 1980 MHz
2026/10/08 04:53:44.982, 100 %, 39406 MiB, 359.18 W, 358.93 W, 434.46 W, 433.96 W, 1980 MHz
2026/10/08 04:53:45.182, 100 %, 39406 MiB, 359.37 W, 359.94 W, 434.66 W, 434.78 W, 1980 MHz
2026/10/08 04:53:45.382, 100 %, 39406 MiB, 359.41 W, 360.54 W, 434.64 W, 437.85 W, 1980 MHz
2026/10/08 04:53:45.582, 100 %, 39406 MiB, 359.49 W, 359.22 W, 434.83 W, 434.80 W, 1980 MHz
2026/10/08 04:53:45.782, 100 %, 39406 MiB, 359.49 W, 358.73 W, 434.82 W, 433.13 W, 1980 MHz
2026/10/08 04:53:45.982, 100 %, 39406 MiB, 359.39 W, 359.41 W, 434.66 W, 434.10 W, 1980 MHz
2026/10/08 04:53:46.182, 100 %, 39406 MiB, 359.22 W, 360.24 W, 434.45 W, 435.75 W, 1980 MHz
2026/10/08 04:53:46.382, 100 %, 39406 MiB, 359.14 W, 359.13 W, 434.40 W, 433.81 W, 1980 MHz
2026/10/08 04:53:46.582, 100 %, 39406 MiB, 359.11 W, 358.88 W, 434.29 W, 434.10 W, 1980 MHz
2026/10/08 04:53:46.782, 100 %, 39406 MiB, 359.21 W, 359.61 W, 434.41 W, 434.93 W, 1980 MHz
2026/10/08 04:53:46.982, 100 %, 39406 MiB, 359.31 W, 360.33 W, 434.52 W, 436.19 W, 1980 MHz
2026/10/08 04:53:47.183, 100 %, 39406 MiB, 359.32 W, 359.56 W, 434.62 W, 435.62 W, 1980 MHz
2026/10/08 04:53:47.383, 100 %, 39406 MiB, 359.27 W, 359.04 W, 434.63 W, 434.93 W, 1980 MHz
2026/10/08 04:53:47.583, 100 %, 39406 MiB, 359.39 W, 359.09 W, 434.85 W, 433.81 W, 1980 MHz
2026/10/08 04:53:47.783, 100 %, 39406 MiB, 359.47 W, 360.12 W, 434.95 W, 435.91 W, 1980 MHz
2026/10/08 04:53:47.983, 100 %, 39406 MiB, 359.49 W, 359.42 W, 434.97 W, 435.22 W, 1980 MHz
2026/10/08 04:53:48.183, 100 %, 39406 MiB, 359.59 W, 358.95 W, 435.02 W, 434.78 W, 1980 MHz
2026/10/08 04:53:48.383, 100 %, 39406 MiB, 359.71 W, 359.18 W, 435.05 W, 433.81 W, 1980 MHz
2026/10/08 04:53:48.583, 100 %, 39406 MiB, 359.74 W, 359.34 W, 434.97 W, 433.96 W, 1980 MHz
2026/10/08 04:53:48.783, 100 %, 39406 MiB, 359.69 W, 360.63 W, 434.81 W, 435.75 W, 1980 MHz
2026/10/08 04:53:48.983, 100 %, 39406 MiB, 359.70 W, 359.27 W, 434.79 W, 433.96 W, 1980 MHz
2026/10/08 04:53:49.183, 100 %, 39406 MiB, 359.71 W, 358.94 W, 434.89 W, 433.81 W, 1980 MHz
2026/10/08 04:53:49.383, 100 %, 39406 MiB, 359.77 W, 360.09 W, 435.05 W, 434.93 W, 1980 MHz
2026/10/08 04:53:49.583, 100 %, 39406 MiB, 359.78 W, 360.40 W, 435.08 W, 435.91 W, 1980 MHz
2026/10/08 04:53:49.784, 100 %, 39406 MiB, 359.82 W, 358.93 W, 435.19 W, 433.68 W, 1980 MHz
2026/10/08 04:53:49.984, 100 %, 39406 MiB, 359.84 W, 358.00 W, 435.24 W, 433.12 W, 1980 MHz
2026/10/08 04:53:50.184, 100 %, 39406 MiB, 359.87 W, 359.33 W, 435.23 W, 433.68 W, 1980 MHz
2026/10/08 04:53:50.384, 100 %, 39406 MiB, 359.86 W, 360.63 W, 435.22 W, 435.91 W, 1980 MHz
2026/10/08 04:53:50.584, 100 %, 39406 MiB, 359.85 W, 360.20 W, 435.17 W, 435.91 W, 1980 MHz
2026/10/08 04:53:50.784, 100 %, 39406 MiB, 359.95 W, 360.14 W, 435.30 W, 434.93 W, 1980 MHz
2026/10/08 04:53:50.984, 100 %, 39406 MiB, 360.11 W, 360.00 W, 435.39 W, 435.07 W, 1980 MHz
2026/10/08 04:53:51.184, 100 %, 39406 MiB, 360.21 W, 361.11 W, 435.62 W, 437.41 W, 1980 MHz
2026/10/08 04:53:51.384, 100 %, 39406 MiB, 360.21 W, 360.13 W, 435.69 W, 437.71 W, 1980 MHz
2026/10/08 04:53:51.584, 100 %, 39406 MiB, 360.23 W, 359.48 W, 435.85 W, 435.07 W, 1980 MHz
2026/10/08 04:53:51.784, 100 %, 39406 MiB, 359.85 W, 360.24 W, 435.51 W, 436.59 W, 1980 MHz
2026/10/08 04:53:51.984, 100 %, 39406 MiB, 359.76 W, 360.41 W, 435.60 W, 436.19 W, 1980 MHz
2026/10/08 04:53:52.184, 100 %, 39406 MiB, 359.70 W, 360.56 W, 435.27 W, 435.91 W, 1980 MHz
2026/10/08 04:53:52.385, 100 %, 39406 MiB, 359.79 W, 359.54 W, 435.26 W, 434.93 W, 1980 MHz
2026/10/08 04:53:52.585, 100 %, 39406 MiB, 359.78 W, 359.87 W, 435.15 W, 434.10 W, 1980 MHz
2026/10/08 04:53:52.785, 100 %, 39406 MiB, 360.18 W, 360.48 W, 435.51 W, 435.75 W, 1980 MHz
2026/10/08 04:53:52.985, 100 %, 39406 MiB, 360.16 W, 360.60 W, 435.43 W, 436.19 W, 1980 MHz
2026/10/08 04:53:53.185, 100 %, 39406 MiB, 360.09 W, 359.85 W, 435.44 W, 434.76 W, 1980 MHz
2026/10/08 04:53:53.385, 100 %, 39406 MiB, 360.09 W, 360.55 W, 435.42 W, 435.91 W, 1980 MHz
2026/10/08 04:53:53.585, 100 %, 39406 MiB, 360.10 W, 360.78 W, 435.51 W, 435.90 W, 1980 MHz
2026/10/08 04:53:53.785, 100 %, 39406 MiB, 360.11 W, 360.95 W, 435.49 W, 436.88 W, 1980 MHz
2026/10/08 04:53:53.985, 100 %, 39406 MiB, 360.17 W, 360.58 W, 435.46 W, 435.91 W, 1980 MHz
2026/10/08 04:53:54.185, 100 %, 39406 MiB, 360.36 W, 361.08 W, 435.74 W, 436.43 W, 1980 MHz
2026/10/08 04:53:54.385, 100 %, 39406 MiB, 360.35 W, 359.76 W, 435.68 W, 433.96 W, 1980 MHz
2026/10/08 04:53:54.585, 100 %, 39406 MiB, 360.43 W, 359.92 W, 435.71 W, 435.75 W, 1980 MHz
2026/10/08 04:53:54.785, 100 %, 39406 MiB, 360.44 W, 360.39 W, 435.71 W, 435.75 W, 1980 MHz
2026/10/08 04:53:54.986, 100 %, 39406 MiB, 360.46 W, 360.07 W, 435.81 W, 435.77 W, 1980 MHz
2026/10/08 04:53:55.186, 100 %, 39406 MiB, 360.46 W, 360.20 W, 435.80 W, 435.91 W, 1980 MHz
2026/10/08 04:53:55.386, 100 %, 39406 MiB, 360.62 W, 362.53 W, 435.95 W, 437.98 W, 1980 MHz
2026/10/08 04:53:55.586, 100 %, 39406 MiB, 360.64 W, 361.07 W, 435.93 W, 436.88 W, 1980 MHz
2026/10/08 04:53:55.786, 100 %, 39406 MiB, 360.63 W, 360.28 W, 435.89 W, 434.93 W, 1980 MHz
2026/10/08 04:53:55.986, 100 %, 39406 MiB, 360.69 W, 360.29 W, 435.92 W, 435.91 W, 1980 MHz
2026/10/08 04:53:56.186, 100 %, 39405 MiB, 360.71 W, 360.67 W, 435.83 W, 435.75 W, 1980 MHz
2026/10/08 04:53:56.386, 100 %, 39405 MiB, 360.58 W, 360.66 W, 435.73 W, 436.88 W, 1980 MHz
2026/10/08 04:53:56.586, 100 %, 39405 MiB, 360.58 W, 361.19 W, 435.83 W, 437.03 W, 1980 MHz
2026/10/08 04:53:56.786, 100 %, 39405 MiB, 360.67 W, 360.88 W, 435.95 W, 435.75 W, 1980 MHz
2026/10/08 04:53:56.986, 100 %, 39405 MiB, 360.62 W, 359.85 W, 435.96 W, 434.93 W, 1980 MHz
2026/10/08 04:53:57.186, 100 %, 39405 MiB, 360.54 W, 361.31 W, 435.96 W, 436.72 W, 1980 MHz
2026/10/08 04:53:57.386, 100 %, 39405 MiB, 360.51 W, 360.93 W, 435.92 W, 436.06 W, 1980 MHz
2026/10/08 04:53:57.587, 100 %, 39405 MiB, 360.54 W, 361.31 W, 435.99 W, 437.85 W, 1980 MHz
2026/10/08 04:53:57.787, 100 %, 39405 MiB, 360.50 W, 360.24 W, 436.13 W, 435.62 W, 1980 MHz
2026/10/08 04:53:57.987, 100 %, 39405 MiB, 360.51 W, 360.96 W, 436.19 W, 436.88 W, 1980 MHz
2026/10/08 04:53:58.187, 100 %, 39405 MiB, 360.46 W, 360.36 W, 436.10 W, 435.91 W, 1980 MHz
2026/10/08 04:53:58.387, 100 %, 39405 MiB, 360.46 W, 360.27 W, 436.24 W, 436.19 W, 1980 MHz
2026/10/08 04:53:58.587, 100 %, 39405 MiB, 360.35 W, 359.91 W, 436.09 W, 434.78 W, 1980 MHz
2026/10/08 04:53:58.787, 100 %, 39405 MiB, 360.33 W, 361.75 W, 435.96 W, 437.56 W, 1980 MHz
2026/10/08 04:53:58.987, 100 %, 39405 MiB, 360.36 W, 360.07 W, 435.90 W, 435.91 W, 1980 MHz
2026/10/08 04:53:59.187, 100 %, 39405 MiB, 360.40 W, 359.93 W, 435.94 W, 434.80 W, 1980 MHz
2026/10/08 04:53:59.387, 100 %, 39405 MiB, 360.44 W, 359.92 W, 435.89 W, 435.07 W, 1980 MHz
2026/10/08 04:53:59.587, 100 %, 39405 MiB, 360.64 W, 360.65 W, 436.09 W, 436.04 W, 1980 MHz
2026/10/08 04:53:59.787, 100 %, 39405 MiB, 360.63 W, 360.43 W, 436.09 W, 436.72 W, 1980 MHz
2026/10/08 04:53:59.988, 100 %, 39405 MiB, 360.74 W, 360.08 W, 436.45 W, 436.72 W, 1980 MHz
2026/10/08 04:54:00.188, 100 %, 39405 MiB, 360.90 W, 360.97 W, 436.86 W, 437.69 W, 1980 MHz
2026/10/08 04:54:00.388, 100 %, 39405 MiB, 361.11 W, 360.84 W, 437.31 W, 435.91 W, 1980 MHz
2026/10/08 04:54:00.588, 100 %, 39405 MiB, 361.08 W, 361.80 W, 437.64 W, 439.79 W, 1980 MHz
2026/10/08 04:54:00.788, 100 %, 39405 MiB, 361.19 W, 362.14 W, 438.03 W, 438.67 W, 1980 MHz
2026/10/08 04:54:00.988, 100 %, 39405 MiB, 361.19 W, 360.14 W, 437.96 W, 435.90 W, 1980 MHz
2026/10/08 04:54:01.188, 100 %, 39405 MiB, 361.19 W, 360.69 W, 438.13 W, 437.85 W, 1980 MHz
2026/10/08 04:54:01.388, 100 %, 39405 MiB, 361.22 W, 361.64 W, 438.35 W, 439.93 W, 1980 MHz
2026/10/08 04:54:01.588, 100 %, 39405 MiB, 361.26 W, 361.59 W, 438.37 W, 438.68 W, 1980 MHz
2026/10/08 04:54:01.788, 100 %, 39405 MiB, 361.30 W, 361.05 W, 438.38 W, 438.53 W, 1980 MHz
2026/10/08 04:54:01.988, 100 %, 39405 MiB, 361.35 W, 361.20 W, 438.61 W, 438.68 W, 1980 MHz
2026/10/08 04:54:02.188, 100 %, 39405 MiB, 361.38 W, 361.05 W, 438.64 W, 437.69 W, 1980 MHz
2026/10/08 04:54:02.388, 100 %, 39405 MiB, 361.24 W, 361.51 W, 438.26 W, 438.96 W, 1980 MHz
2026/10/08 04:54:02.589, 100 %, 39405 MiB, 361.24 W, 360.24 W, 438.20 W, 437.01 W, 1980 MHz
2026/10/08 04:54:02.789, 100 %, 39405 MiB, 361.29 W, 361.51 W, 438.36 W, 437.70 W, 1980 MHz
2026/10/08 04:54:02.989, 100 %, 39405 MiB, 361.33 W, 361.64 W, 438.50 W, 438.82 W, 1980 MHz
2026/10/08 04:54:03.189, 100 %, 39405 MiB, 361.25 W, 360.91 W, 438.27 W, 438.67 W, 1980 MHz
2026/10/08 04:54:03.389, 100 %, 39405 MiB, 361.31 W, 360.82 W, 438.39 W, 436.88 W, 1980 MHz
2026/10/08 04:54:03.589, 100 %, 39405 MiB, 361.30 W, 360.69 W, 438.35 W, 438.82 W, 1980 MHz
2026/10/08 04:54:03.789, 100 %, 39405 MiB, 361.27 W, 360.66 W, 438.29 W, 437.69 W, 1980 MHz
2026/10/08 04:54:03.989, 100 %, 39405 MiB, 361.12 W, 362.61 W, 438.08 W, 439.64 W, 1980 MHz
2026/10/08 04:54:04.189, 100 %, 39405 MiB, 361.25 W, 362.67 W, 438.38 W, 440.76 W, 1980 MHz
2026/10/08 04:54:04.389, 100 %, 39405 MiB, 361.38 W, 362.51 W, 438.67 W, 439.79 W, 1980 MHz
2026/10/08 04:54:04.590, 100 %, 39405 MiB, 361.57 W, 361.49 W, 439.15 W, 437.85 W, 1980 MHz
2026/10/08 04:54:04.790, 100 %, 39405 MiB, 361.73 W, 361.87 W, 439.24 W, 438.67 W, 1980 MHz
2026/10/08 04:54:04.990, 100 %, 39405 MiB, 361.83 W, 362.29 W, 439.20 W, 438.67 W, 1980 MHz
2026/10/08 04:54:05.190, 100 %, 39405 MiB, 361.80 W, 361.03 W, 439.23 W, 438.67 W, 1980 MHz
2026/10/08 04:54:05.390, 100 %, 39405 MiB, 361.80 W, 360.21 W, 439.05 W, 436.88 W, 1980 MHz
2026/10/08 04:54:05.590, 100 %, 39405 MiB, 361.65 W, 361.46 W, 438.81 W, 439.11 W, 1980 MHz
2026/10/08 04:54:05.790, 100 %, 39405 MiB, 361.53 W, 360.94 W, 438.57 W, 436.88 W, 1980 MHz
2026/10/08 04:54:05.990, 100 %, 39405 MiB, 361.51 W, 362.13 W, 438.61 W, 439.50 W, 1980 MHz
2026/10/08 04:54:06.190, 100 %, 39405 MiB, 361.54 W, 360.77 W, 438.60 W, 436.59 W, 1980 MHz
2026/10/08 04:54:06.390, 100 %, 39405 MiB, 361.56 W, 362.60 W, 438.64 W, 439.79 W, 1980 MHz
2026/10/08 04:54:06.591, 100 %, 39405 MiB, 361.56 W, 362.71 W, 438.54 W, 439.93 W, 1980 MHz
2026/10/08 04:54:06.791, 100 %, 39405 MiB, 361.54 W, 360.48 W, 438.49 W, 436.59 W, 1980 MHz
2026/10/08 04:54:06.991, 100 %, 39405 MiB, 361.58 W, 360.05 W, 438.54 W, 436.72 W, 1980 MHz
2026/10/08 04:54:07.191, 100 %, 39405 MiB, 361.54 W, 361.67 W, 438.50 W, 439.63 W, 1980 MHz
2026/10/08 04:54:07.391, 100 %, 39405 MiB, 361.57 W, 362.58 W, 438.47 W, 438.67 W, 1980 MHz
2026/10/08 04:54:07.591, 100 %, 39405 MiB, 361.57 W, 362.14 W, 438.38 W, 439.92 W, 1980 MHz
2026/10/08 04:54:07.791, 100 %, 39405 MiB, 361.68 W, 360.64 W, 438.56 W, 437.69 W, 1980 MHz
2026/10/08 04:54:07.991, 100 %, 39405 MiB, 361.76 W, 361.77 W, 438.79 W, 437.69 W, 1980 MHz
2026/10/08 04:54:08.191, 100 %, 39405 MiB, 361.80 W, 361.72 W, 438.79 W, 439.64 W, 1980 MHz
2026/10/08 04:54:08.391, 100 %, 39405 MiB, 361.60 W, 360.47 W, 438.60 W, 436.88 W, 1980 MHz
2026/10/08 04:54:08.591, 100 %, 39405 MiB, 361.56 W, 361.81 W, 438.68 W, 438.00 W, 1980 MHz
2026/10/08 04:54:08.791, 100 %, 39405 MiB, 361.59 W, 361.58 W, 438.59 W, 439.79 W, 1980 MHz
2026/10/08 04:54:08.991, 100 %, 39405 MiB, 361.59 W, 362.96 W, 438.49 W, 440.61 W, 1980 MHz
2026/10/08 04:54:09.192, 100 %, 39405 MiB, 361.45 W, 361.48 W, 438.36 W, 439.65 W, 1980 MHz
2026/10/08 04:54:09.392, 100 %, 39405 MiB, 361.56 W, 362.13 W, 438.54 W, 439.63 W, 1980 MHz
2026/10/08 04:54:09.592, 100 %, 39405 MiB, 361.70 W, 360.54 W, 438.65 W, 435.90 W, 1980 MHz
2026/10/08 04:54:09.792, 100 %, 39405 MiB, 361.58 W, 362.05 W, 438.47 W, 437.56 W, 1980 MHz
2026/10/08 04:54:09.992, 100 %, 39405 MiB, 361.54 W, 362.38 W, 438.26 W, 438.68 W, 1980 MHz
2026/10/08 04:54:10.192, 100 %, 39405 MiB, 361.63 W, 361.81 W, 438.42 W, 439.79 W, 1980 MHz
2026/10/08 04:54:10.392, 100 %, 39405 MiB, 361.70 W, 362.20 W, 438.52 W, 439.63 W, 1980 MHz
2026/10/08 04:54:10.592, 100 %, 39405 MiB, 361.71 W, 362.25 W, 438.57 W, 438.82 W, 1980 MHz
2026/10/08 04:54:10.792, 100 %, 39405 MiB, 361.79 W, 362.27 W, 438.85 W, 439.50 W, 1980 MHz
2026/10/08 04:54:10.992, 100 %, 39405 MiB, 361.79 W, 362.29 W, 439.02 W, 439.79 W, 1980 MHz
2026/10/08 04:54:11.192, 100 %, 39404 MiB, 361.80 W, 361.27 W, 438.93 W, 437.56 W, 1980 MHz
2026/10/08 04:54:11.392, 100 %, 39404 MiB, 361.76 W, 361.63 W, 438.75 W, 439.93 W, 1980 MHz
2026/10/08 04:54:11.593, 100 %, 39404 MiB, 361.72 W, 363.58 W, 438.72 W, 441.73 W, 1980 MHz
2026/10/08 04:54:11.793, 100 %, 39404 MiB, 361.65 W, 361.92 W, 438.60 W, 438.53 W, 1980 MHz
2026/10/08 04:54:11.993, 100 %, 39404 MiB, 361.75 W, 361.84 W, 438.76 W, 437.71 W, 1980 MHz
2026/10/08 04:54:12.193, 100 %, 39404 MiB, 361.88 W, 362.98 W, 438.90 W, 441.73 W, 1980 MHz
2026/10/08 04:54:12.393, 100 %, 39404 MiB, 361.98 W, 362.41 W, 439.09 W, 438.82 W, 1980 MHz
2026/10/08 04:54:12.593, 100 %, 39404 MiB, 361.95 W, 362.01 W, 438.98 W, 438.68 W, 1980 MHz
2026/10/08 04:54:12.793, 100 %, 39404 MiB, 362.05 W, 361.72 W, 439.11 W, 438.53 W, 1980 MHz
2026/10/08 04:54:12.993, 100 %, 39404 MiB, 362.05 W, 361.55 W, 439.18 W, 439.79 W, 1980 MHz
2026/10/08 04:54:13.193, 100 %, 39404 MiB, 362.05 W, 362.04 W, 439.31 W, 439.93 W, 1980 MHz
2026/10/08 04:54:13.393, 100 %, 39404 MiB, 362.08 W, 362.77 W, 439.40 W, 440.76 W, 1980 MHz
2026/10/08 04:54:13.593, 100 %, 39404 MiB, 362.21 W, 362.62 W, 439.60 W, 439.63 W, 1980 MHz
2026/10/08 04:54:13.793, 100 %, 39404 MiB, 362.26 W, 362.66 W, 439.74 W, 439.64 W, 1980 MHz
2026/10/08 04:54:13.993, 100 %, 39404 MiB, 362.28 W, 362.14 W, 439.64 W, 438.82 W, 1980 MHz
2026/10/08 04:54:14.194, 100 %, 39404 MiB, 362.33 W, 363.16 W, 439.60 W, 441.73 W, 1980 MHz
2026/10/08 04:54:14.394, 100 %, 39404 MiB, 362.29 W, 361.61 W, 439.47 W, 438.82 W, 1980 MHz
2026/10/08 04:54:14.594, 100 %, 39404 MiB, 362.27 W, 361.46 W, 439.49 W, 437.85 W, 1980 MHz
2026/10/08 04:54:14.794, 100 %, 39404 MiB, 362.22 W, 361.96 W, 439.35 W, 438.67 W, 1980 MHz
2026/10/08 04:54:14.994, 100 %, 39404 MiB, 362.23 W, 362.55 W, 439.37 W, 438.82 W, 1980 MHz
2026/10/08 04:54:15.194, 100 %, 39404 MiB, 362.18 W, 360.82 W, 439.41 W, 437.85 W, 1980 MHz
2026/10/08 04:54:15.394, 100 %, 39404 MiB, 362.21 W, 362.44 W, 439.31 W, 439.50 W, 1980 MHz
2026/10/08 04:54:15.594, 100 %, 39404 MiB, 362.26 W, 362.22 W, 439.27 W, 438.67 W, 1980 MHz
2026/10/08 04:54:15.794, 100 %, 39404 MiB, 362.26 W, 362.09 W, 439.20 W, 439.65 W, 1980 MHz
2026/10/08 04:54:15.994, 100 %, 39404 MiB, 362.27 W, 361.95 W, 439.22 W, 437.98 W, 1980 MHz
2026/10/08 04:54:16.194, 100 %, 39404 MiB, 362.23 W, 362.75 W, 439.07 W, 440.61 W, 1980 MHz
2026/10/08 04:54:16.394, 100 %, 39404 MiB, 362.22 W, 361.73 W, 439.11 W, 437.70 W, 1980 MHz
2026/10/08 04:54:16.594, 100 %, 39404 MiB, 362.13 W, 361.54 W, 439.02 W, 438.67 W, 1980 MHz
2026/10/08 04:54:16.795, 100 %, 39404 MiB, 362.10 W, 361.71 W, 439.11 W, 439.65 W, 1980 MHz
2026/10/08 04:54:16.995, 100 %, 39404 MiB, 362.06 W, 362.12 W, 439.15 W, 439.92 W, 1980 MHz
2026/10/08 04:54:17.195, 100 %, 39404 MiB, 362.19 W, 362.26 W, 439.39 W, 438.82 W, 1980 MHz
2026/10/08 04:54:17.395, 100 %, 39404 MiB, 362.18 W, 361.83 W, 439.29 W, 437.70 W, 1980 MHz
2026/10/08 04:54:17.595, 100 %, 39404 MiB, 362.22 W, 363.34 W, 439.29 W, 440.76 W, 1980 MHz
2026/10/08 04:54:17.795, 100 %, 39404 MiB, 362.30 W, 363.73 W, 439.24 W, 440.62 W, 1980 MHz
2026/10/08 04:54:17.995, 100 %, 39404 MiB, 362.36 W, 362.11 W, 439.20 W, 438.82 W, 1980 MHz
2026/10/08 04:54:18.195, 100 %, 39404 MiB, 362.23 W, 361.61 W, 439.00 W, 437.85 W, 1980 MHz
2026/10/08 04:54:18.395, 100 %, 39404 MiB, 362.27 W, 364.02 W, 439.08 W, 441.58 W, 1980 MHz
2026/10/08 04:54:18.595, 100 %, 39404 MiB, 362.26 W, 361.56 W, 439.14 W, 438.67 W, 1980 MHz
2026/10/08 04:54:18.795, 100 %, 39404 MiB, 362.26 W, 362.66 W, 439.29 W, 440.76 W, 1980 MHz
2026/10/08 04:54:18.995, 100 %, 39404 MiB, 362.30 W, 362.88 W, 439.44 W, 439.79 W, 1980 MHz
2026/10/08 04:54:19.195, 100 %, 39404 MiB, 362.33 W, 362.40 W, 439.43 W, 438.82 W, 1980 MHz
2026/10/08 04:54:19.396, 100 %, 39404 MiB, 362.27 W, 363.06 W, 439.25 W, 439.50 W, 1980 MHz
2026/10/08 04:54:19.596, 100 %, 39404 MiB, 362.32 W, 362.04 W, 439.29 W, 437.69 W, 1980 MHz
2026/10/08 04:54:19.796, 100 %, 39404 MiB, 362.30 W, 362.03 W, 439.24 W, 438.82 W, 1980 MHz
2026/10/08 04:54:19.996, 100 %, 39404 MiB, 362.30 W, 363.57 W, 439.28 W, 442.70 W, 1980 MHz
2026/10/08 04:54:20.196, 100 %, 39404 MiB, 362.37 W, 363.15 W, 439.42 W, 440.76 W, 1980 MHz
2026/10/08 04:54:20.396, 100 %, 39404 MiB, 362.40 W, 362.05 W, 439.65 W, 438.82 W, 1980 MHz
2026/10/08 04:54:20.596, 100 %, 39404 MiB, 362.42 W, 361.89 W, 439.76 W, 438.67 W, 1980 MHz
2026/10/08 04:54:20.796, 100 %, 39404 MiB, 362.46 W, 362.67 W, 439.83 W, 439.34 W, 1980 MHz
2026/10/08 04:54:20.996, 100 %, 39404 MiB, 362.39 W, 362.92 W, 439.63 W, 440.61 W, 1980 MHz
2026/10/08 04:54:21.196, 100 %, 39404 MiB, 362.33 W, 362.01 W, 439.65 W, 440.76 W, 1980 MHz
2026/10/08 04:54:21.396, 100 %, 39404 MiB, 362.44 W, 362.97 W, 439.93 W, 440.47 W, 1980 MHz
2026/10/08 04:54:21.596, 100 %, 39404 MiB, 362.50 W, 362.06 W, 439.84 W, 438.66 W, 1980 MHz
2026/10/08 04:54:21.796, 100 %, 39404 MiB, 362.47 W, 363.77 W, 439.55 W, 440.76 W, 1980 MHz
2026/10/08 04:54:21.997, 100 %, 39404 MiB, 362.45 W, 362.60 W, 439.48 W, 438.82 W, 1980 MHz
2026/10/08 04:54:22.197, 100 %, 39404 MiB, 362.58 W, 362.73 W, 439.57 W, 440.76 W, 1980 MHz
2026/10/08 04:54:22.397, 100 %, 39404 MiB, 362.55 W, 363.02 W, 439.41 W, 441.73 W, 1980 MHz
2026/10/08 04:54:22.599, 100 %, 39404 MiB, 362.49 W, 363.24 W, 439.77 W, 443.52 W, 1980 MHz
2026/10/08 04:54:22.799, 100 %, 39404 MiB, 362.51 W, 361.69 W, 440.02 W, 438.53 W, 1980 MHz
2026/10/08 04:54:22.999, 100 %, 39404 MiB, 362.49 W, 362.34 W, 440.04 W, 439.50 W, 1980 MHz
2026/10/08 04:54:23.199, 100 %, 39404 MiB, 362.51 W, 362.62 W, 440.13 W, 438.80 W, 1980 MHz
2026/10/08 04:54:23.399, 100 %, 39404 MiB, 362.53 W, 361.70 W, 440.02 W, 438.67 W, 1980 MHz
2026/10/08 04:54:23.599, 100 %, 39404 MiB, 362.44 W, 363.61 W, 439.63 W, 441.73 W, 1980 MHz
2026/10/08 04:54:23.799, 100 %, 39404 MiB, 362.52 W, 362.52 W, 439.73 W, 440.47 W, 1980 MHz
2026/10/08 04:54:24.000, 100 %, 39404 MiB, 362.62 W, 363.05 W, 439.96 W, 439.63 W, 1980 MHz
2026/10/08 04:54:24.200, 100 %, 39404 MiB, 362.59 W, 361.94 W, 439.82 W, 438.95 W, 1980 MHz
2026/10/08 04:54:24.400, 100 %, 39404 MiB, 362.44 W, 363.02 W, 439.60 W, 440.47 W, 1980 MHz
2026/10/08 04:54:24.600, 100 %, 39404 MiB, 362.36 W, 362.07 W, 439.36 W, 437.85 W, 1980 MHz
2026/10/08 04:54:24.800, 100 %, 39415 MiB, 362.36 W, 363.65 W, 439.43 W, 444.49 W, 1980 MHz
2026/10/08 04:54:25.000, 100 %, 39423 MiB, 362.37 W, 363.34 W, 439.88 W, 441.44 W, 1980 MHz
2026/10/08 04:54:25.200, 100 %, 39423 MiB, 362.35 W, 363.27 W, 439.87 W, 439.79 W, 1980 MHz
2026/10/08 04:54:25.400, 100 %, 39423 MiB, 362.41 W, 362.46 W, 439.64 W, 437.85 W, 1980 MHz
2026/10/08 04:54:25.600, 100 %, 39423 MiB, 362.48 W, 361.91 W, 439.60 W, 437.69 W, 1980 MHz
2026/10/08 04:54:25.800, 100 %, 39423 MiB, 362.48 W, 362.25 W, 439.33 W, 437.85 W, 1980 MHz
2026/10/08 04:54:26.000, 100 %, 39423 MiB, 362.38 W, 361.98 W, 438.28 W, 437.70 W, 1980 MHz
2026/10/08 04:54:26.200, 100 %, 39423 MiB, 362.37 W, 363.69 W, 437.89 W, 439.94 W, 1980 MHz
2026/10/08 04:54:26.400, 100 %, 39423 MiB, 362.32 W, 362.17 W, 437.88 W, 437.69 W, 1980 MHz
2026/10/08 04:54:26.601, 100 %, 39423 MiB, 362.29 W, 360.96 W, 437.85 W, 435.91 W, 1980 MHz
2026/10/08 04:54:26.801, 100 %, 39423 MiB, 362.22 W, 362.14 W, 437.77 W, 437.69 W, 1980 MHz
2026/10/08 04:54:27.001, 100 %, 39423 MiB, 362.05 W, 362.80 W, 437.59 W, 438.82 W, 1980 MHz
2026/10/08 04:54:27.201, 100 %, 39423 MiB, 361.98 W, 362.30 W, 437.56 W, 437.01 W, 1980 MHz
2026/10/08 04:54:27.401, 100 %, 39423 MiB, 361.99 W, 363.08 W, 437.53 W, 438.82 W, 1980 MHz
2026/10/08 04:54:27.601, 100 %, 39423 MiB, 361.99 W, 362.17 W, 437.45 W, 436.72 W, 1980 MHz
2026/10/08 04:54:27.801, 100 %, 39423 MiB, 362.08 W, 363.68 W, 437.53 W, 441.58 W, 1980 MHz
2026/10/08 04:54:28.001, 100 %, 39423 MiB, 362.15 W, 362.69 W, 437.66 W, 437.69 W, 1980 MHz
2026/10/08 04:54:28.201, 100 %, 39423 MiB, 362.36 W, 363.13 W, 437.90 W, 438.95 W, 1980 MHz
2026/10/08 04:54:28.401, 100 %, 39423 MiB, 362.44 W, 360.03 W, 438.03 W, 434.78 W, 1980 MHz
2026/10/08 04:54:28.601, 100 %, 39423 MiB, 362.42 W, 362.77 W, 437.98 W, 438.67 W, 1980 MHz
2026/10/08 04:54:28.801, 100 %, 39423 MiB, 362.45 W, 362.20 W, 437.99 W, 437.83 W, 1980 MHz
2026/10/08 04:54:29.001, 100 %, 39423 MiB, 362.52 W, 361.34 W, 438.10 W, 436.72 W, 1980 MHz
2026/10/08 04:54:29.202, 100 %, 39423 MiB, 362.37 W, 361.86 W, 438.03 W, 437.01 W, 1980 MHz
2026/10/08 04:54:29.402, 100 %, 39423 MiB, 362.33 W, 363.34 W, 438.01 W, 438.68 W, 1980 MHz
2026/10/08 04:54:29.602, 100 %, 39423 MiB, 362.46 W, 362.99 W, 438.23 W, 439.79 W, 1980 MHz
2026/10/08 04:54:29.802, 100 %, 39423 MiB, 362.44 W, 362.62 W, 438.21 W, 438.68 W, 1980 MHz
2026/10/08 04:54:30.002, 100 %, 39423 MiB, 362.67 W, 364.32 W, 439.47 W, 449.34 W, 1980 MHz
2026/10/08 04:54:30.202, 100 %, 39422 MiB, 363.17 W, 364.77 W, 441.93 W, 450.31 W, 1980 MHz
2026/10/08 04:54:30.402, 100 %, 39422 MiB, 363.27 W, 363.02 W, 442.85 W, 439.77 W, 1980 MHz
2026/10/08 04:54:30.602, 100 %, 39422 MiB, 363.29 W, 362.55 W, 442.78 W, 438.82 W, 1980 MHz
2026/10/08 04:54:30.802, 100 %, 39422 MiB, 363.33 W, 361.97 W, 442.83 W, 436.72 W, 1980 MHz
2026/10/08 04:54:31.002, 100 %, 39422 MiB, 363.19 W, 363.46 W, 441.67 W, 438.82 W, 1980 MHz
2026/10/08 04:54:31.202, 100 %, 39422 MiB, 362.81 W, 362.40 W, 439.39 W, 438.82 W, 1980 MHz
2026/10/08 04:54:31.402, 100 %, 39422 MiB, 362.54 W, 361.94 W, 438.14 W, 437.71 W, 1980 MHz
2026/10/08 04:54:31.602, 100 %, 39422 MiB, 362.47 W, 362.25 W, 438.14 W, 437.85 W, 1980 MHz
2026/10/08 04:54:31.803, 100 %, 39422 MiB, 362.49 W, 361.84 W, 438.21 W, 437.69 W, 1980 MHz
2026/10/08 04:54:32.003, 100 %, 39422 MiB, 362.54 W, 362.51 W, 438.18 W, 437.56 W, 1980 MHz
2026/10/08 04:54:32.203, 100 %, 39422 MiB, 362.58 W, 363.64 W, 438.26 W, 438.82 W, 1980 MHz
2026/10/08 04:54:32.403, 100 %, 39422 MiB, 362.67 W, 363.27 W, 438.27 W, 438.82 W, 1980 MHz
2026/10/08 04:54:32.603, 100 %, 39422 MiB, 362.78 W, 361.54 W, 438.29 W, 436.72 W, 1980 MHz
2026/10/08 04:54:32.803, 100 %, 39422 MiB, 362.74 W, 362.44 W, 438.17 W, 437.69 W, 1980 MHz
2026/10/08 04:54:33.003, 100 %, 39422 MiB, 362.70 W, 362.98 W, 438.11 W, 439.50 W, 1980 MHz
2026/10/08 04:54:33.203, 100 %, 39422 MiB, 362.54 W, 361.70 W, 437.95 W, 436.88 W, 1980 MHz
2026/10/08 04:54:33.403, 100 %, 39422 MiB, 362.48 W, 361.46 W, 437.97 W, 436.59 W, 1980 MHz
2026/10/08 04:54:33.603, 100 %, 39422 MiB, 362.36 W, 361.92 W, 437.86 W, 437.01 W, 1980 MHz
2026/10/08 04:54:33.803, 100 %, 39422 MiB, 362.37 W, 363.08 W, 437.90 W, 439.64 W, 1980 MHz
2026/10/08 04:54:34.003, 100 %, 39422 MiB, 362.44 W, 362.56 W, 438.04 W, 438.53 W, 1980 MHz
2026/10/08 04:54:34.203, 100 %, 39422 MiB, 362.53 W, 362.14 W, 438.12 W, 437.69 W, 1980 MHz
2026/10/08 04:54:34.404, 100 %, 39422 MiB, 362.60 W, 361.48 W, 438.18 W, 436.74 W, 1980 MHz
2026/10/08 04:54:34.604, 100 %, 39422 MiB, 362.62 W, 363.21 W, 438.23 W, 438.97 W, 1980 MHz
2026/10/08 04:54:34.804, 100 %, 39422 MiB, 362.55 W, 363.09 W, 438.10 W, 438.66 W, 1980 MHz
2026/10/08 04:54:35.004, 100 %, 39422 MiB, 362.43 W, 362.47 W, 438.00 W, 438.82 W, 1980 MHz
2026/10/08 04:54:35.204, 100 %, 39422 MiB, 362.42 W, 361.71 W, 437.95 W, 436.88 W, 1980 MHz
2026/10/08 04:54:35.404, 100 %, 39422 MiB, 362.43 W, 362.37 W, 437.91 W, 438.53 W, 1980 MHz
2026/10/08 04:54:35.604, 100 %, 39422 MiB, 362.52 W, 364.10 W, 437.89 W, 439.79 W, 1980 MHz
2026/10/08 04:54:35.804, 100 %, 38864 MiB, 355.84 W, 168.06 W, 431.28 W, 245.29 W, 1980 MHz
2026/10/08 04:54:36.004, 0 %, 38864 MiB, 315.22 W, 158.24 W, 390.99 W, 234.58 W, 1980 MHz
2026/10/08 04:54:36.204, 0 %, 38863 MiB, 276.24 W, 159.09 W, 352.28 W, 235.64 W, 1980 MHz
2026/10/08 04:54:36.404, 0 %, 38863 MiB, 233.61 W, 158.91 W, 309.87 W, 235.55 W, 1980 MHz
2026/10/08 04:54:36.604, 0 %, 38863 MiB, 196.05 W, 157.59 W, 272.61 W, 233.61 W, 1980 MHz
2026/10/08 04:54:36.805, 0 %, 38863 MiB, 158.78 W, 157.53 W, 235.49 W, 233.69 W, 1980 MHz
2026/10/08 04:54:37.005, 0 %, 38863 MiB, 158.17 W, 157.61 W, 234.67 W, 233.61 W, 1980 MHz
2026/10/08 04:54:37.205, 0 %, 38863 MiB, 157.93 W, 158.56 W, 234.33 W, 235.55 W, 1980 MHz
2026/10/08 04:54:37.405, 0 %, 38863 MiB, 157.82 W, 157.64 W, 234.16 W, 233.61 W, 1980 MHz
2026/10/08 04:54:37.605, 0 %, 38863 MiB, 157.69 W, 157.23 W, 233.91 W, 232.63 W, 1980 MHz
2026/10/08 04:54:37.805, 0 %, 38863 MiB, 157.67 W, 156.69 W, 233.79 W, 231.73 W, 1980 MHz
2026/10/08 04:54:38.005, 0 %, 38863 MiB, 148.06 W, 99.94 W, 224.43 W, 178.49 W, 390 MHz
2026/10/08 04:54:38.205, 0 %, 38863 MiB, 136.72 W, 99.21 W, 213.25 W, 176.36 W, 360 MHz
2026/10/08 04:54:38.405, 0 %, 38863 MiB, 125.16 W, 98.16 W, 201.72 W, 174.39 W, 345 MHz
2026/10/08 04:54:38.605, 0 %, 38863 MiB, 112.85 W, 99.85 W, 189.50 W, 176.24 W, 345 MHz
2026/10/08 04:54:38.805, 0 %, 38863 MiB, 101.25 W, 99.94 W, 178.00 W, 176.45 W, 345 MHz
2026/10/08 04:54:39.005, 0 %, 38863 MiB, 99.17 W, 100.37 W, 175.70 W, 177.33 W, 345 MHz
2026/10/08 04:54:39.206, 0 %, 38863 MiB, 99.24 W, 99.38 W, 175.56 W, 175.43 W, 345 MHz
2026/10/08 04:54:39.406, 0 %, 38863 MiB, 99.42 W, 99.03 W, 175.65 W, 174.39 W, 345 MHz
2026/10/08 04:54:39.606, 0 %, 38863 MiB, 99.46 W, 98.71 W, 175.67 W, 174.39 W, 345 MHz
2026/10/08 04:54:39.806, 0 %, 38863 MiB, 99.33 W, 99.16 W, 175.48 W, 175.37 W, 345 MHz
2026/10/08 04:54:40.006, 0 %, 38863 MiB, 99.26 W, 98.77 W, 175.35 W, 174.34 W, 345 MHz
2026/10/08 04:54:40.206, 0 %, 38863 MiB, 99.26 W, 98.56 W, 175.31 W, 174.29 W, 345 MHz
2026/10/08 04:54:40.406, 0 %, 38863 MiB, 99.26 W, 99.27 W, 175.38 W, 175.38 W, 345 MHz
2026/10/08 04:54:40.606, 0 %, 38863 MiB, 99.23 W, 99.67 W, 175.31 W, 176.36 W, 345 MHz
2026/10/08 04:54:40.806, 0 %, 38863 MiB, 99.32 W, 100.12 W, 175.30 W, 176.40 W, 345 MHz
2026/10/08 04:54:41.006, 0 %, 38863 MiB, 99.40 W, 99.08 W, 175.38 W, 175.38 W, 345 MHz
2026/10/08 04:54:41.206, 0 %, 38863 MiB, 99.46 W, 99.89 W, 175.48 W, 175.32 W, 345 MHz
2026/10/08 04:54:41.406, 0 %, 38863 MiB, 99.46 W, 99.87 W, 175.40 W, 175.32 W, 345 MHz
2026/10/08 04:54:41.607, 0 %, 38863 MiB, 99.46 W, 100.07 W, 175.35 W, 177.27 W, 345 MHz
2026/10/08 04:54:41.807, 0 %, 38863 MiB, 99.43 W, 98.96 W, 175.39 W, 175.43 W, 345 MHz
2026/10/08 04:54:42.007, 0 %, 38863 MiB, 99.36 W, 99.28 W, 175.41 W, 174.41 W, 345 MHz
2026/10/08 04:54:42.207, 0 %, 38862 MiB, 99.38 W, 98.37 W, 175.40 W, 173.30 W, 345 MHz
2026/10/08 04:54:42.407, 0 %, 38862 MiB, 99.33 W, 100.06 W, 175.31 W, 176.34 W, 345 MHz
2026/10/08 04:54:42.607, 0 %, 38862 MiB, 99.32 W, 99.31 W, 175.33 W, 175.43 W, 345 MHz
2026/10/08 04:54:42.807, 0 %, 38862 MiB, 99.35 W, 98.91 W, 175.41 W, 175.32 W, 345 MHz
2026/10/08 04:54:43.007, 0 %, 38862 MiB, 99.33 W, 98.85 W, 175.38 W, 174.46 W, 345 MHz
2026/10/08 04:54:43.207, 0 %, 38862 MiB, 99.23 W, 99.19 W, 175.30 W, 175.27 W, 345 MHz
2026/10/08 04:54:43.407, 0 %, 38862 MiB, 99.07 W, 98.47 W, 175.17 W, 174.46 W, 345 MHz
2026/10/08 04:54:43.607, 0 %, 38862 MiB, 99.05 W, 98.59 W, 175.19 W, 174.39 W, 345 MHz
2026/10/08 04:54:43.807, 0 %, 38862 MiB, 99.03 W, 98.49 W, 175.18 W, 174.36 W, 345 MHz
2026/10/08 04:54:44.008, 0 %, 38862 MiB, 99.02 W, 99.25 W, 175.15 W, 175.43 W, 345 MHz
2026/10/08 04:54:44.208, 0 %, 38862 MiB, 98.98 W, 98.54 W, 175.20 W, 174.34 W, 345 MHz
2026/10/08 04:54:44.408, 0 %, 38862 MiB, 99.04 W, 99.48 W, 175.30 W, 176.24 W, 345 MHz
2026/10/08 04:54:44.608, 0 %, 38862 MiB, 99.03 W, 98.56 W, 175.31 W, 174.41 W, 345 MHz
2026/10/08 04:54:44.808, 0 %, 38862 MiB, 99.07 W, 98.81 W, 175.30 W, 174.34 W, 345 MHz
2026/10/08 04:54:45.008, 0 %, 38862 MiB, 99.07 W, 99.02 W, 175.30 W, 175.43 W, 345 MHz
2026/10/08 04:54:45.208, 0 %, 38862 MiB, 99.06 W, 99.11 W, 175.18 W, 175.32 W, 345 MHz
2026/10/08 04:54:45.408, 0 %, 38862 MiB, 99.00 W, 98.57 W, 175.08 W, 174.46 W, 345 MHz
2026/10/08 04:54:45.608, 0 %, 38862 MiB, 98.99 W, 98.57 W, 175.13 W, 174.50 W, 345 MHz
2026/10/08 04:54:45.808, 0 %, 38862 MiB, 98.85 W, 98.56 W, 174.94 W, 174.34 W, 345 MHz
2026/10/08 04:54:46.008, 0 %, 38862 MiB, 98.79 W, 100.01 W, 174.86 W, 177.33 W, 345 MHz
2026/10/08 04:54:46.208, 0 %, 38862 MiB, 98.76 W, 98.83 W, 174.83 W, 175.32 W, 345 MHz
2026/10/08 04:54:46.409, 0 %, 38862 MiB, 98.81 W, 98.83 W, 174.89 W, 175.32 W, 345 MHz
2026/10/08 04:54:46.609, 0 %, 38862 MiB, 98.77 W, 98.36 W, 174.77 W, 173.55 W, 345 MHz
2026/10/08 04:54:46.809, 0 %, 38862 MiB, 98.84 W, 99.71 W, 174.87 W, 176.34 W, 345 MHz
2026/10/08 04:54:47.009, 0 %, 38862 MiB, 98.84 W, 98.88 W, 174.82 W, 174.46 W, 345 MHz
2026/10/08 04:54:47.209, 0 %, 38862 MiB, 98.90 W, 98.35 W, 174.82 W, 174.46 W, 345 MHz
2026/10/08 04:54:47.409, 0 %, 38861 MiB, 98.90 W, 98.72 W, 174.77 W, 174.29 W, 345 MHz
2026/10/08 04:54:47.609, 0 %, 38861 MiB, 98.89 W, 99.58 W, 174.76 W, 176.36 W, 345 MHz
2026/10/08 04:54:47.809, 0 %, 38861 MiB, 98.85 W, 99.39 W, 174.78 W, 176.36 W, 345 MHz
2026/10/08 04:54:48.009, 0 %, 38861 MiB, 98.80 W, 98.57 W, 174.87 W, 174.46 W, 345 MHz
2026/10/08 04:54:48.209, 0 %, 38861 MiB, 98.79 W, 99.25 W, 174.92 W, 175.55 W, 345 MHz
2026/10/08 04:54:48.409, 0 %, 38861 MiB, 98.81 W, 99.08 W, 175.00 W, 175.32 W, 345 MHz
2026/10/08 04:54:48.609, 0 %, 38861 MiB, 98.75 W, 99.43 W, 174.82 W, 176.36 W, 345 MHz
2026/10/08 04:54:48.809, 0 %, 38861 MiB, 98.73 W, 98.25 W, 174.76 W, 174.41 W, 345 MHz
2026/10/08 04:54:49.010, 0 %, 38861 MiB, 98.72 W, 98.32 W, 174.72 W, 174.34 W, 345 MHz
2026/10/08 04:54:49.210, 0 %, 38861 MiB, 98.65 W, 98.41 W, 174.67 W, 173.48 W, 345 MHz
2026/10/08 04:54:49.410, 0 %, 38861 MiB, 98.56 W, 99.00 W, 174.56 W, 175.38 W, 345 MHz
2026/10/08 04:54:49.610, 0 %, 38861 MiB, 98.56 W, 98.52 W, 174.68 W, 175.32 W, 345 MHz
2026/10/08 04:54:49.810, 0 %, 38861 MiB, 98.55 W, 98.68 W, 174.63 W, 174.46 W, 345 MHz
2026/10/08 04:54:50.010, 0 %, 38861 MiB, 98.55 W, 98.35 W, 174.65 W, 174.39 W, 345 MHz
2026/10/08 04:54:50.210, 0 %, 38861 MiB, 98.54 W, 98.46 W, 174.61 W, 174.46 W, 345 MHz
2026/10/08 04:54:50.410, 0 %, 38861 MiB, 98.52 W, 98.78 W, 174.56 W, 174.34 W, 345 MHz
2026/10/08 04:54:50.610, 0 %, 38861 MiB, 98.51 W, 98.31 W, 174.59 W, 174.39 W, 345 MHz
